text,label
wow!,0
WTF,0
wpe wpe,0
hahaha,0
wtf,0
i cant play with 4 trash,1
bg,0
=) ty,0
gg report my team rat please,0
ez mid,1
hahah,0
my arrows always decent [MASK_D] u,1
gh,0
"always engage at bot, lc cant takle bot then top",0
cmon,0
the comeback is real. :),0
him mid vs me,0
just end i wan nex game,0
g?,0
he is not losing,0
Pls report sb thanks,0
omg,0
ggwp,0
WP cap,0
lo lol,0
fuyckjerfe,1
gg noob mid invoker,1
i mean not everyone on ur team is dumb enough to rot down to 20% hp,1
8 7?,0
it just random,0
:/,0
u dead .i.,0
he just keeps charhing since spectre comited ult so did I :D i thought they will go for more blood but whatever,0
me too,0
gg ty for mmr,0
gg,0
you know you can take the mana thing out of the mana boots,0
u gave me free farm u could kill me 100 times,0
+++,0
?,0
wp legoin report,0
WP m8 nice game but too many [MASK_B] talk thx sea too many cancer talktalktalk,0
[MASK_B],1
talking to my boy alch,0
TIME FOR A BIT OF RO SHAM BO,0
COMEND DOOM IN LEGION,0
greedy,0
dont def noob team,1
gg,0
spectre isnt meant to win the lane,0
[MASK_D] [MASK_A] [MASK_D] SHITTT! :),1
sad bs,0
ez,1
T T QOP,0
you guys win this [MASK_C] went mid so [MASK_D] bad mid,1
Alche and lycan,0
Rip,0
"singing siren ,dancing jugg",0
ez game,1
meeporino feederino,0
ur [MASK_C],1
Thats all I gotta say Drow 2-5,1
COMMEND,0
lowskill shits all you have to do is dive endlessly and this [MASK_C] silencer and invoekr let you win,1
tnx for the russian team obama....could have at least nuked putin,1
wise ffs can youi stop inviting strangers to [MASK_D] your grandmothers' corpse ?,1
nice,0
heng i never die,1
We all randomed,0
golden medal for u lc,0
GG lag,0
HAHA,0
btw AM nice blink into stun :D,0
who care ?,0
emergency plan sry,0
i want slardar getting strong,0
ahahaha,0
ez tho,1
i know your feeling bro,0
whos your daddy,0
stunning,0
5 man doto,0
gg wp Sry for my feed,0
dnt play storm,1
^LOL,0
this couldn't be won,0
gg wp,0
weaver mid dont worry,0
trone,0
./. bm?,0
gj guys...,0
gg wp,0
Ty,0
so ez ahahaha,1
hahahai,0
and blame us,0
YEAAHHHHHHHHH GGGGGGGGGGGG,0
EZ,1
aw,0
and telling im too much of a solo player,0
"He's never picked in pubs, and the only bracket he has over 50% win rate is 'very high skill' on asian servers. So shut up and pick something fun. You cucks.",1
2v5 game,0
lmao,0
captain obvious,0
ggwp,0
lol,0
right,0
^^ :D:DD,0
:D,0
better buy ur ticket,0
lol,0
game was close,0
this furion dont kno necro book and push i think :D,0
rage quit agad,1
DONT PANIC,0
GGW{P,0
wow blame ? see,0
sad game oh i have 13 kills,0
glad you got suport,0
"gogo, end now mid all",0
i did,0
i leave 4 u,0
play in a five stack or put up with th cancer,0
24,0
come to mama,0
hhaha,0
#throws,0
ez noobs,1
Tol musta Text text nalang,0
[MASK_A] happens :),1
? i am not russian,0
waaa,0
void [MASK_D] head,0
top t2 for rosh,0
duza lose man,0
xaxaxa,0
gee gee wp,0
we play 5x4 22 min,0
wheres my facepalm emote talking when ur legion carry u,0
best mid all time report brew pls i'll commend u guys,0
GG,0
ofc its ez,1
stupid??no ward gg,1
,0
we rosh now,0
really?,0
LOL,0
i [MASK_A] ur family NOOB,1
i buy acc,0
its over late game obviusly you win GG,0
gg wp,0
lol,0
invoker pro kill snierp wihtout dust hey snieper,0
noob,1
ez mid,1
basically me and mirana are on the wrong team ggwp,0
gg,0
:))),0
repórt rubick,1
O M F G FANI)A)(SUPHD} brood won the REST IS [MASK_C],1
"Dude, 50% slow with 180 pure damage, with a chance to crit, on a 6 second cooldown for basically 0 mana Genuinely cancer",0
ggwp,0
wait,0
for ?,0
rat dota best dota,0
come game,0
why dont end?,0
he think i don dare to feed HAHA,0
how long mor more*,0
rofl indeed,0
i want leader,0
hi leong sir,0
ggwp,0
hi serenity,0
TY,0
gg,0
can you report this alche,0
needs a BH still loses,0
See u next game noob lion,1
lol,0
pro clock finish pls,0
wow pro mirana,0
"report viper, ty",0
coz i love u,0
ggwp,0
wO!,0
gg wp,0
AHAHAHA 1vs9090123,0
reason,0
can you help us report invoker ;),0
w8 plz,0
eco mantan,0
wp,0
LUNA LVL 6 HAHAHA,0
need recon,0
THANKS TO ME I GUESS,0
np go rat only HAHA,0
they really bought the account,1
you didn't dc,0
end,0
try hard,0
end pls nomas,0
gg,0
im only one hgahahah,0
both team are stupid lol,1
just end guys alche 3.8,0
go play,0
gg!!,0
yea feeding lol a carry that got carried,0
haha,0
GG Tired of this game already Level 2 Invo in jungle Gank him,0
i pumped a load of [MASK_D] into your mums [MASK_A] hole last night,1
hahaha im only 1 there no one came :( hahaha,0
bye,0
help report thx nope today only alc normal i wont play,1
g g,0
ez game,1
did I hit you with tht?,0
2 minute no more no less,0
ez,1
is unstable no point,0
commend WR for suporting our asses,1
tb and veno are the only competent ones wr maxed wind run first in case you were wondering...,0
easy mid !,0
btu we wouldve won if we d idnt have this cm or doom,0
aso,0
rl,0
i bleme team team gimme aids i blem temA report ten,0
wp,0
lich carrying tissue paper,0
dsnt make a diff i come or not [MASK_D] dickhead,1
Ge ge,0
he'll come party,0
YEAH DIDNT HAD THJE SLOT TO DUST ADN ALSO GYRO FFEDED A LOT STILL WE TRIED,0
why does your slardar think dazzle is a bad hero btw?,0
so noob crys,1
e.e,0
so why did we have to pause 3 more times,0
(,0
gg just end,0
hahaha,0
haha haha,0
ehehe have problem?,0
ge ni mei,0
great gane,0
brobounty brounty,0
gg,0
WP,0
GIGIL TO THE MAX Ez game pudge?,1
hjaha,0
1000 mmr player,0
HAhaha,0
entertain ur fingers defending ur ancient haha,0
Ez 4v5,1
PROBLEMS? EZ PICK DAZLE ORACLE EZ GAME! FEED THE ONLY OPTION,1
gg,0
did u see gyro earlyy socre?,0
TY MEEPO,0
COMMEND ME TNX,0
we lost,0
)),0
wut a sad [MASK_B],1
One by one?,0
Commend support pls,0
HOW BOUT MID?,0
lol mirana is flying,0
report plz,0
muy pro,0
stupid valve,1
??,0
kkk,0
ez bara no charge,1
well im deinfinately reporting sf,0
u put 5 hundy on it ahahahahah EPIC,0
goblok!,0
GG,0
?,0
noob sniper,1
RO)FL,0
are you ready you shits to get dumpstered by my legendary slardar,1
see WR ? why laught,0
gg,0
lel,0
cause pudge,0
lmao ez,1
yo flare whats up,0
sk didnt realize for the first seconds wow,0
in dota minute pls don't be those guys,0
is that a tiger or a snake in ur logo?,0
wo wp,0
NO REASON TO CONTINUE,0
1 hit,0
TY NOOB,1
glhf,0
e 4e tam?,0
EZ,1
bought acc,1
gg wp ez zombie win,1
where ur team,0
1v1,0
COMEBACK :# :3 NO,0
ok,0
wouldnt want you to lose dp,0
hahah alc,0
sorry I couldnt resist,0
please report quitters in my team.,0
Hahaha ggwp hahaha,0
[MASK_A] hell,1
FOR THE SON OF GOD ALL THE FCKING JUNGLE ITS WARDED,1
retard stalker 0-14 haha,1
don,0
7 more,0
report bh ty :D,0
only know ohhh,0
IIIIIII NEED TO KNOW NOW KNOW NOW CAN YOU LOVE ME AGAIN!!!!,0
"boys, i dont want to spend 10 min of my life to w8 ur mate",0
SLARK,0
w8 plz mouse prob,0
and yet i live,0
?,0
b,0
THIS 2K STORM OMG,1
HAPPY NEW YEAR :D,0
1400 Nice,0
LOL,0
u lsot mid bro,0
i thought junglers couldnt get any worse,1
gege,0
noooo,0
Gg,0
rekt,0
invoker what the [MASK_C] are u playing?,0
OMG,0
EZ,1
report invo,0
ez,1
u got an alright lineup all things considered also lina didnr random,0
?,0
yea very ez,1
that happens you play pos 5 visage.,0
how long time?,0
,0
qop are u dumb?,1
why me huskar Im just rubick,0
what a fantastic game,1
LOL,0
Your autistic :_),0
pugna ward next time,0
funny,0
ez,1
ez -25,1
u can ban wtf,0
like please,0
who's talking i got that [MASK_C] muted too oh yellow rofl,1
everyone has enough farm dude,0
he's crying that carry is stealing his farm,1
hahaha that was.... my dagon is lick a [MASK_D] straight up in the [MASK_C],0
:D,0
me too,0
report this [MASK_C] legion,1
noobs reported dazzle,1
fck,0
ill make greeves,0
gg attaturk [MASK_B],1
can u guys make the match more excited?,0
reported wr idiot,1
gg fail mid,1
ah u didnt know,0
?,0
u failed is what is going on,0
Ez rune,1
HAha,0
*quelling,0
EZ MID,1
?,0
lol OK,0
ARE YOU really 6k player,0
Ok noob spec,1
 cmon... ,0
sry,0
poor network,0
gg wp,0
;),0
U seen our storm? its a miracle we won this,0
EZ 0 4,1
1k mmr dumb [MASK_C] Freaking dumb [MASK_A] reportt axe end plz,1
omg comeback,0
like this never happened to me before missclick a hero in pickphase,0
pls report doom this idiot has never fought with us,1
lol that [MASK_D] too early too say ez,1
rofl,0
lol can't kill a supp?,0
can let me surivive first?,0
gg,0
ez game,1
the trash going to continue or can you play?,0
yeah :P But you guys didnt feed me that much :P,0
WHY SO,0
GGwp,0
hehe,0
"lol, i like the doom talking [MASK_A] after being fed by the noob ds typical trash :)",1
scared,0
wp,0
is it made from a potato,0
Gg,0
look at these heroes does anyone have fun anymore,0
cannot leave sry,0
WOOW,0
GG commend legion$,0
not top,0
lich what happen to pa he's okay,0
^_^,0
stop killing me,0
liar,0
w8,0
DID YOU WAIT FOR AA?,0
tACTICAL AFK LMAO,0
SUpport alchemiST? AlchEMist BRO u OK? AlcheMIst Dont SHy? Talk?~,0
nc game,0
WTFF HAHAHAHAHA omggg u just made me [MASK_B],0
i sitll urge you all to report ember,0
go hhaha Bye,0
easiest bate of my life,1
ALCHE 0 /13,1
uz it works,0
2 ez,1
this is sparTA D:D:D:D,0
yes ty my crit hack is on point :),0
ohoy,0
worthit,0
id tap that,0
astack DC mag,0
good game will fucked!,1
"solo mid sd, commend him he said we are 4k trash",1
of cur,0
really i miss u,0
anime loving [MASK_A] team gutta luv it,1
[MASK_B] peru,1
there we go wp,0
ez breezy suchtryhard silencer,1
HABLA BIEN BURRO,0
come doom doom me,0
lol threow,0
jajaja,0
def,0
lol Ty,0
oks c:,0
en late game min 38 sacas dagon sky noob XD,1
next time i have iy it,0
XD,0
noob pl,1
loooooooool i wanted lc x-d le epig missclick,0
haha,0
:D,0
lel,0
y its 2k wk he doesnt understand that np,1
Sure,0
lmao,0
i can see you riki,0
ahahaha,0
Rtc? ti 5?,0
noob sf,1
hes an axe ..,0
<3,0
wp,0
sad man,0
I am going to [MASK_C] [MASK_A] you Crystal Maiden with my woodden [MASK_B],1
this invo,0
no use,0
nice aggro lane hate assholes like you guys who go easy dual lanes and think they can jsut win,1
easy,0
more practice,0
early ?,0
and you lest your [MASK_B] in there? are you a [MASK_D],1
game losing miss,0
tfw we must punish him ,0
ok mega cree bot goo,0
Rofl,0
we have to go now sorry,0
gyro pls dont try your team [MASK_A],1
sir rubick got me killed agagin can report?,0
you just left them at rune,0
ghg,0
u almost got me couz i was watching holy haha,0
you unpaused rubick,0
wp,0
lol,0
ahha,0
2/8 d,1
w.e u say,0
?,0
GG,0
yeah '322',0
,0
where is he?,0
rapier,0
sec,0
report,0
loL!,0
feel,0
for mk,0
rip in peppers,0
gg,0
NOB TEAM,0
:D,0
bye,0
nice bash,0
wow brown,0
you are just an [MASK_D] voker,1
EZI ES,1
nice.... pc freeze..,0
necor idiot as [MASK_A],1
hehehe,0
sad,0
gg,0
rekt,0
100 Gs cmon,0
EVERYONE DESD,0
swap :(,0
w8 bart,0
gg,0
WOW,0
enigMa noob u [MASK_A],1
report clock fed offlane,0
lol,0
GG,0
AWWW its ok,0
gg,0
whine more guys,0
S OpieOP,0
commend me,0
gg wipe,0
report pudge,0
would be surprising if didnt,0
haha,0
nope he was fb,1
kkk,0
ok ty,0
gg ta u fking godd,1
GGWP GGWP,0
got two gems,0
got wrong? u dont need to die? dumb [MASK_D],1
? Stop,0
HEY U OKAY? HEY EZ? I WANT MORE,1
gl boy,0
endead def ?,0
ez,1
[MASK_D] u sylla Ur moving paterns are weird af,1
gg,0
lol,0
scored:(,0
ggwp,0
good build holy [MASK_A] the stuns,0
Daun na weavere i venge prosto ebanutie lsi ebanie,0
we wait,0
what a little [MASK_A],1
What is wrong with you guys,0
"say ty to doom for the win, calling forced fights and stupid engagments as well as going afk/feeding i had him on mute list before game, always does this stuff",0
hahahaahah,0
not bad,0
lol the lucky bashes,0
so unpause u fuq tyu omfg,1
oh sorry i'm just 3k sorry 4k6 mmr,0
tele,0
Reportd mid plz Noooob,1
2 trolls,0
wait la,0
HAHAHA,0
report wr,0
TY,0
?,0
go doom help me,0
gg,0
but what if you're both right?,0
end please end please end please,0
dead [MASK_C] haha,1
gg really,0
gg wp,0
easy,0
wtf haha,0
now smoke price increase le,0
EXCUSE HIM,0
report ursa,0
please report this WK,0
booya,0
nice rage fckin [MASK_D],1
this antimage xD,0
ROFL nice rp btw just got us on the rim,0
i starting hate u more and more,0
lol,0
No Today :,0
from now 4 mns,0
1/4 games in SEA,0
Oryou are at home,0
+ )) ))) ))),0
idiot team,1
like your father,0
gg wp,0
i didnt say we will lose,0
i love me some slardar,0
FIGHT PA,0
end it plz,0
miss bro jajajaja,0
mlg,0
more pls,0
lol,0
watch him on watafak 149,0
rekt rofl,0
gg let it end,0
lol,0
go mid we cant defend,0
i picked qop to counter you,0
pick [MASK_C] damn hero like my team [MASK_D] pick it doesn't enough but [MASK_C] play is idiot,1
told u guys dont mention him idiot spoterd *spotted,1
wp,0
gg,0
thank u,0
2bad,0
TAKE IT MORE,0
GGWP,0
lol,0
Gg,0
LIAR FRIENND,0
ez,1
gg,0
End,0
xD,0
am eat my [MASK_B] [MASK_B] jummy jummy BYE,1
well its more the dazzle,0
gonna safe,0
wp Team wipe,0
omg maibe push?,1
RLY look at these scrubs then complain,0
ez qop to kill haha nap mid ez mmr,1
AND HE'S BAD,0
lol,0
+,0
TA mid [MASK_A] EZ,1
i feel u :(,0
58 ez? u mom teach u?,1
...,0
ez,1
gg,0
555,0
yeah gg wp,0
hahahahaa,0
return my 2012,0
0-0,0
LOLOLOL,0
??,0
SO EZ AM USELESS GO quit dota 2,1
ho ho,0
68 XD,0
jugg having a cry,0
wasted ulti,0
Ez,1
< rip,0
i died inside long time ago,0
his father was a cow farmer...,0
nightmares,0
i have sniper offlane,0
ggwp,0
^^,0
SORRY QOP,0
30s cd?,0
TRUE,0
my bad,0
GG,0
sorry can't buy items nor chat,0
i am 22 13 reprot pudge ty 1 11,1
aw,0
so close,0
gg wp,0
enigma ftw,1
lo fight me?,0
[MASK_D] alch,1
hahaha,0
gg,0
LOL THIS PUDGE,0
If i had fallout 4 I would not be here,0
dA BB GERAL TEM tnc,0
ggwp,0
mineski will be there korea gg dota ggggg,1
<3,0
not my problem,0
sry,0
Weird,0
Dead,0
lol,0
come come end !,0
hyung whats happening to mvp,0
its ok i had fun hooking u guys,0
2 mint,0
they r just stupids putting the blame,1
end thx,0
lol the throws are real rofl,0
es ahahahah nice ult,0
EZ mid,1
1000,0
he didnt stop lying,0
food,0
ye lol,0
af mi rampage =S √áfuck slardar,1
don't do it or he might cleave you to death,0
gg finish,0
peneoise/ listen to urself,0
gg commend THE LORc LORD,0
gg,0
no,0
ahahaha,0
idiot!,1
SPECTRE BLASPHEMY,0
too good to play dota this sniper,0
D,0
alr 2 min?,0
he is reconnecting,0
jajahaha,0
of ur typical pub safelane is i bet its around 30,0
this doom is 2k i can guarantee,1
ive commended,0
what is that lesh set from?,0
we need sentries rather than dust,0
gg,0
ez mmrt,1
}gg wagon,0
husk,0
gg wp,0
From *,0
PogChamp alliance is back,0
good skill,0
ka bu tooooooooooooo,0
ban' me im scared,1
end pls toxic team,1
"lol these 3 eggs these eggs are tsuyuyuy,tsokotomotoko.",0
like i gonna win it now ?,0
lol,0
y because i am right,0
10min please bush did 420,0
??,0
gg wp,0
es ?,0
FF report storm and doom,0
shut up,1
lollllllllllllllllll,0
his mother know snow,1
sk was fine,0
ez friend (:,1
idk but i get no help 1-10-3 1-6-5,1
yeah fun,0
),0
WOWO,0
and then we just started team fighting like gods,0
kk sorry g,0
gg wp,0
hahahahah HAHAHAHAH HAHAHAHHAHAHA HAHAHAHAHAHAH HAHAHAHAH,0
ggwp,0
wait?,0
ya lol see od items,0
hahaha,0
:/,0
panic ward?,0
see that ?,0
ADBOYS,0
report slark,0
wp wp,0
we got [MASK_A] on top,1
Farm for notthing ez mid ez win,1
good deal,0
gg wp!,0
gg fedeer,1
HAHA,0
hi there,0
kay,0
hi,0
nah idont thin kso,0
eu vi tanto q deram tnc vai se fude mlk 7.1,0
what was that?,0
echo?,0
err?,0
No me no game lol,0
[MASK_A] NOOB,1
any item?,0
lol,0
nice,0
HAHAHAHA EZ MID FOR YOU ALCHE,1
DDD gg,0
you died 11 times mostly yo duel,1
stupid caught up,1
ez wisp,1
super lag,0
CHINESE QOP,1
ggwp,0
ebalo shdi davay,0
end fast pls report blood para q no les toque en su ranked,0
poor cap,0
are you trying to make me laugh ? coz its working pretty well,0
idiot am,1
w8,0
he dead already,0
comend me now?,0
[MASK_A] mana burn,1
pause plz he speack with me,0
awkawkaw,0
ppl got [MASK_C] pcs,1
unpause its too long,0
no,0
LOL,0
IKR rosh is a good play here,1
WOW,0
sry,0
but true and idgaf cuz im not pinoy ^^,1
nice block es,0
probably not tholugh,0
gg,0
?,0
wp radiant,0
wagger some mitches,0
???,0
haah,0
nyx reported for being cancer,0
SOOOOOOOOOOOOOOOOBAD,0
pudge? U OK CHAMP?,0
ez,1
report slark,0
abba plsss,0
lol how did this trash undying win using tombstone so [MASK_A] playing os bad feeding in lane still wins dota is legit game i do everything right i get [MASK_C] mid being uselsss and feeding and jugg without dmg,1
delay,0
wait please,0
nice aggro lane you [MASK_A],1
gg,0
report sky,0
report ta plz,0
pudge go home,0
:DDDDDDDDDDD RLY ?,0
?,0
ok [MASK_A],1
=.=,0
28 demage for 30 min u kidding me LC,0
lol paper,0
LOL wtf,0
aahaha wow [MASK_A] :D,1
wait for enigma's ult,0
noob,1
stupid monkjey,1
end it see,0
good,0
dust,0
GG,0
don't apologise,0
silence [MASK_B] sucker,1
[MASK_D] yo self,1
yeah,0
)),0
GG kids,0
Do you know him?,0
zz,0
ez clock,1
ME?,0
rip english,0
he want farm),0
omg,0
nc arrow??,0
ggwp,0
are you playing as a tema?,0
hola weaver 1k mmr,1
slardar ? put ss on me,0
ty,0
agree,0
good echo in trees guys and you still not pushing :D:D:D,0
ooohhh [MASK_A],1
ez,1
ffs whats your problems?,0
what happened to her?,0
ROFL,0
bivaet,0
),0
report silencer please,0
keeps spamming poormans shield,0
stay the [MASK_C] in 4k u fucktrash,1
just chill mate [MASK_B] relax stop getting all aggressive on me relax,1
5200 = RO 5150 = radiance still build radiance,0
hes on ur nc for the time before he dc,0
ikr,0
COMPRENDE? NO JUST SAY OK DADDY,0
gg,0
well if you would let us just push we could :D,0
gg omg so stronk,0
wtf leave this game idiots,1
gg,0
4 min,0
entrense mid+} burros,0
they rc,0
gg,0
too much recure AMor,0
ur visage was [MASK_C],1
gg,0
gg,0
since when mirana not carry hero ? @@ surely 1st time. wp,0
0-10 not the goods,1
?,0
lol,0
ez trad Trade,1
)),0
gg,0
ember hahaah,0
g?,0
RETARD,1
GG,0
:*),0
no rampage noob reportr nvm,1
GGWP,0
easy :D,0
pudge,0
full item,0
He wants to pad your KDAs hes being nice man,0
GG,0
rly?,0
GG,0
ez,1
ask your parents to teach you english,1
NO CURIER GG END PLEASE,0
ez friend,1
deep more team wat a dumb tri lane top,0
LOL what a skill,0
each day i get more suprised by this game,1
i said pick omni he tell me :3 just pciks ez win,0
ez cry at mid,1
moral was low,0
only i buy wards and its no fun i dont play for the win,0
thanks,0
gg,0
"noob 1 ,8 k mmr I am 4 mmr 4 k",1
rofl,0
wp teamwork,0
not sure how u guys lost,0
"oh, dont saw :) gl",0
pudge,0
end pls invo,0
2 on 4 hahaha GGWP,0
all gg only tech [MASK_D] REPORTED TEH,1
cada ves tocan mas basuras en el dota,0
yeah just repoirt him,0
FeelsBadMan,0
3-2 those items -.- nice farming,0
ds was carrying u guys,0
fy,0
ggwp,0
gg,0
lol,0
gg [MASK_D] dota 2,0
ez -25,1
?,0
injoker noob,1
"Yeah, and we are the one with the damage",0
,0
plz no,0
Rektd WR,0
lol lc,0
haha bout time,0
zz,0
w0w magina pro,0
where are you going,0
HOW EZ,1
tekkies = lose,1
:D,0
TREANT SOPRESA :v,0
nice throw monkeys,0
WHY ARE WE YELLING,0
haha,0
l,0
noob,1
ez lion :D,1
partyrock report lycab,0
we can see from the scoreboard,0
now u blaming me on my items? no worry,0
just relax everyone,0
atleast tell me,0
holy [MASK_D],1
run like doge,0
badtrri],0
GG WP,0
ff ez mid,1
chmo ebanoe,0
REPORT TERROR,0
oh hey it's you LOL,0
sad,0
gg boys,0
haha,0
i love you mom ops,1
gg,0
your welcome,0
how is this trash talks 0 grave,1
lol,0
ez predict,1
ty,0
welll dont cry on the begining,0
G,0
wp invoker,0
lol es,0
magic,0
aegis bait,0
it was hard as [MASK_B],1
gg wp,0
EZ,1
axaxaxa,0
FEEEEEED MEEEEEEEE,0
u sure gg say mnmay?,0
1500,0
EZIEST GAME IN LIFE!,1
how much now?,0
dk is the main target,0
ok destroy ur items,0
[MASK_A] alttab,1
Report PA for ruining Report PA for attempted ruining,0
were not desperate were already winning,0
ggwp,0
gg,0
die again haha,0
dont,0
easy game,0
20mins after i bought an mkb,0
look your [MASK_C],1
??? happy birthday,0
s,0
unfair,0
gg wp 9x me,0
what?,0
ez ebat',1
u,0
xD,0
gg,0
xD wp,0
and retards,0
GG,0
silencer?,0
Idgaf its ez mid,1
ROFL,0
intro :D,0
,0
hahahahaah.,0
?,0
gg,0
mid i feed,0
0-6,1
i never died solo to am in lane Eveeeerrrrrrr,0
and never purges shackles pudge missed a hook on a enigma using black hole,1
yes it is,0
ahahahahaha,0
its called defend of the ancient,0
wp ulti wp w p,0
I think you could hove won,0
wtf man,0
#NAME?,0
FAST,0
did u expect to lose,0
ik but the logic,0
ok finish guys,0
he got bounty :p,0
ta yasha nice hero rubick afk omni,0
lol,0
your welcome,0
omg come back is real,0
rekt +25mmr lol,0
[MASK_B] ytou guys,1
noob ta no sup u can dun wat? noob ya,1
techis is in fucked up mood thats great good for us,1
1 min,0
trench gaming,0
end,0
gg push to end please,0
G_G,0
aaahajahahahahhahahahahahaha,0
yuo sry,0
little whingey [MASK_C] [MASK_D],1
what is this,0
stupid vodkahead...,1
ok next time sf,0
JAVRA ,0
me 2k,0
make 1hr,0
nope,0
haha,0
bobo,0
can u shut up i had acid team,1
thought u woulda had this with the farm,0
a clash u will get,0
GG,0
my team only in my team i have feeders,1
the bkbless gryo talking [MASK_C],1
Yes it is,0
:D:D:D:D: :D:D:D:D:D,0
gj axe gj timber,0
that's him being a dumbass then,0
?,0
end please my team noobs,1
@_@,0
you spelled [MASK_A] wind wrong,1
he voting for Donald Trump 2016 For great wall of immigration,0
we have time out :|,0
need to trow this game,0
[MASK_C],1
teehee,0
gg emd end,0
more wards,0
That was not a gg lmao,0
LOL,0
nice arlmet,0
ez,1
LD,0
gg),0
"you can push now or in 30 min, it will have the same result your choice",0
no w8,0
ty,0
gg,0
sr 3kscrub,0
i'm on my way ;),0
that wasnt even fun,0
why?,0
WP,0
lol finally,0
The first monkey playing dota. pang guinness,1
LOL,0
road to 5k trash,1
ooooooooooooooooooooooom,0
rage,0
And ur a brood picker,0
hahaha,0
lol,0
how do u even play if u DC every 2 sec? im pretty sure he RQ,0
GG,0
lol,0
...,0
lol,0
U luck [MASK_A],1
? U SAID END I WANNA EAT DUDE,0
cute red john say that to me irl im in the 44th infantry brigade,0
wk no dagger no sb :(,0
start',0
;DDD Close game,0
),0
:P,0
i run,0
ez ur [MASK_C],1
wait please,0
i guess,0
2min ago,0
134 csw Cs,0
hays ok klng po ate magina : :),0
haha hahaha,0
Gg,0
^_^,0
gg wp,0
tY,0
lol 2 mis,0
emer easy money,0
io tiny pa :D,0
wkwkw,0
until hes back..,0
idiot team,1
noob necro,1
hard lane tho xD,0
so wait?,0
ot 4k boga,0
gg wp,0
=)) ez mid next time pick veng not alch,0
gg,0
kompor bledos gan,0
gg,0
we are still loosing patience,0
dont blame,0
lol,0
haha,0
FGOGOGOOGOG,0
jahahaha,0
enbd,0
1 more min?,0
:D,0
GO invit me IDIOT AM KONTOLAN,1
?? jug ?,0
at least u try! wp,0
rage quit,1
well,0
+,0
LOL,0
today :(,0
ur pleasure :D,0
Gg,0
who wants to watch a 2k stream,0
reporta pro ibama fdp sacrifica animais,0
sad,0
gg mates,0
so,0
(,0
leave pls go end,0
gg ff im afk,0
its in the bag los q no tienen plata solo les queda hablar :C,0
ayyyyy,0
Im playing Do you care? GG Nice game :),0
but she stading in the stree,0
GG,0
rampage,0
DOOM AHAHAH WAHAHGAh,0
Or end the game you know,0
didnt you lose first blood to me by just standing in front of me ? dont blame the others,0
HAHAHA YES,0
thats op,0
lol ugly,0
who u want us to report? DK?,0
XDXD,0
:*,0
report doom?,0
lol stupid tusk,1
lina mid?,0
let me 1 v 1,0
u guys gank too much,0
aw aw aw,0
gg wp,0
what the [MASK_B] hell,0
yolo huskar,0
gg commend me,0
gg wp come bot I feed u,0
?,0
Ez top,1
ta 5v1?,0
use your familiars to stun wd,0
lol,0
not yet,0
:V,0
ty but apparently i dont now how to support,0
if you want to be OK kiss my [MASK_C] every day,0
haha,0
hahahahahahahahaha,0
ggwp,0
GG WP RADIC 8 MIN,0
18,0
everyone commend pheonix,0
report puck pls,0
wait for riki,0
maybe you shouldn't hug your team,0
i failed?,0
gg omni,0
@@,0
ha timing bro,0
?,0
rmk,0
poor sf,0
Lol,0
ADADAS,0
Shut the [MASK_C] up,1
u [MASK_A] LEL,1
he is noob,1
lol,0
lñol,0
ez ty for feed pudge,1
WTF 2v5 doing rs haha,0
WAIT WAIT CAN PAUSE ? IM SOO LAG HEREE,0
hard to lane againts you,0
haha,0
wp,0
Thank you love ur [MASK_A],1
LC noob,1
they are coming,0
gg,0
ty go,0
GGWP MID FEED GO IDIOTS IN TEAM,1
whats your problem gay venge? you think you are strong?,1
HAHA SVEN,0
lol boid,0
haha,0
HAHA GLHF,0
:C,0
every [MASK_A] getting home from work on the net,1
noobs,1
So hard,0
im a scott,0
rekt ?,0
pudge afk? :D,0
ur even worse,0
talk if you have guts to win against my team :),0
BEST ALCHE BOOTS 22 MINS,1
gg,0
unpause,0
w8 me,0
enjoy the game,0
LMAO,0
0 wards wp wp mid wp carry typical trash in core,1
wicp?,0
ggwp :),0
waahahaha,0
my bad sorry,0
ez,1
heheh,0
REPORT R E P O R T,0
Ya,0
ggwp,0
the rat is up in here welcome fucker,1
y i [MASK_C],1
ouch guys stop being nasty,0
sf and tide,0
HAHA,0
blame cuz I take bot farm,0
five man carry ggwp,0
nice game,0
"In the picks, we had planned to pick jugg, and right before we picked him you did",0
EHEREE WHEREE,0
gg,0
nope,0
like buyback can possibly help :),0
thx weaver,0
FUCIK FUCKA TOYHPJ' wahts ur problem,1
FREE TO LEAVE?,0
?,0
wail played,0
CENTAUR NEVER ULT,0
Dota watafak,0
PL,0
furion think he have the late game :D so sad :(,0
ggwp,0
commended/added tiny and disro,0
NOOB,1
Gg,0
fu,1
sad,0
sad,0
GG,0
haha,0
repórt tinker please noob,1
Worst ld ive seen,1
y im bashing so much,0
wp qop,0
bommmm,0
who has a good build?,0
wewe,0
WP TEAM,0
jk,0
"w/e game voer, team is [MASK_B] retarded once again",1
I M THE HEALER,0
lel,0
cause idk,0
gg,0
TOP,0
ez,1
nice 80% miss love dota,0
dont masturvbate while playing,1
ult creeps more,0
[MASK_D] U KA! HAHA! REALLY?,1
plz report him..,0
gg happy def,0
and ?,0
commend me guys,0
ty gem idiots,1
gg,0
dont lie to me doom,0
report our mid please,0
wtf ?,0
go to sleep child,1
Ez BOT,1
gg,0
if he dc then it will be safe to leave,0
worth?,1
wb wrong way,0
29,0
hows soloing ursa going mate,0
WAIT,0
hello,0
0/10 i want ur team mid i no need this mid,1
XD,0
wp,0
3k MMR logic,0
his dota crashed sec,0
THE BKBS,0
walking money,0
kotl wants to win badly....ks me twice......good way,0
aus doita is [MASK_D] trash,1
ty,0
yeah so quite,0
lol,0
he got stuck at loading screen,0
something wrong with the kid,0
creep awarness its important,0
GG,0
hahaha w.e,0
ggwp :V,0
blame,0
Cause ur toxic,1
why u mad kid,0
slark is luckman,0
haha haha es carry the wolrd,0
win with me,0
ggwp,1
gg,0
man,0
raped by rat lol,0
ez hook ez ff,0
i know ur not pushing and letting us farm u might just lose this game,0
LOLOLOLOLOLO,0
thanks for waiting,0
why the [MASK_A] are u all chatting u think ur bad get the [MASK_A] outta here,1
he ıs change hıs pc,0
GG,0
gg,0
... and their shiti connection,0
like u lost ur brain? nice story im waiting loser,1
glhf dont ward please,0
sigh,0
Noob SF user,1
puto lag,0
GG WP,0
RS,0
ok,0
jz df,0
no worries,0
5l 5k let skill guy with aegis only pro,0
go am got you,0
Kappa,0
gg,0
[MASK_D] EVASIOOON WHERE IS DIVINA'S RAPIRA,1
noob mid,1
i delay,0
that was going to happen,0
ptmr ctmr am i peru yet?,1
get used to me touching you,0
reKT AA doG [MASK_C],0
I blame my dad for taking 13 years to get cigarettes,0
haha,0
end GG noob team,1
gg,0
to rekt ur annus [MASK_A] noob,1
wtf,0
gg,0
1k carry ftw,1
there is no commendation for 'good play',0
[MASK_B] you,1
ez,1
dont worry u win late game,0
worth,0
ahhah,0
RUDE WE WAITED,0
cyka blyat,1
Nice interwebs BS,0
peru win sorry boy :c,1
didnt want u to press e and get ez kill ah ogre try hard,1
gg,0
wp inveokr ez game for u,1
draon hook?,0
its my bottle? in your curier?,0
CAN REPORT GYRO PLS,0
sf too noob,1
Not even mad,0
YOU THINK THIS MMR WAS FREE,0
kjikl come,0
GIGI WE LOST,0
i delete u :P qop,0
lol,0
purple changed my mind,0
ty predict ez game for noobs,1
worst cpt ever,1
lol,0
why do you even play,0
yeah pretty funny,0
g end?,0
mine for sure,1
FAST HAND NOOBS,1
Hehe,0
nice,0
what a retard this ember lmfao and i thought pl is retarded,1
:D:D::D jk try |ty*,0
ggwp,0
ok finish please gunna play rocket league,0
gg,0
),0
HAHA 3? lol dead too? killed by support? real food,0
INVOKER,0
Xd,0
ESSS,0
so [MASK_C],1
lol i have a horse,0
gg wp well recovered lycan,0
id rather go to bed gg die of cancer bh [MASK_C] uninstall fuk off,1
LMAO,0
cumback,1
over 9000 range,0
END,0
lol,0
I also know my tide did nothing,0
stupid exams..,1
trying hard,0
jaja pro axe daga min 20 :v,0
actually mid failed,0
hehe,0
end it,0
ggwp,0
idiot,1
just comment,0
-19 ez so this green guy is streaming right now,1
jaja,0
pinoy gaming style,1
wahaha,0
noob 5v3,1
someone else lol?,0
?,0
2ez,0
ure the cause of ur own doom also,0
u realize u are so [MASK_A] braindamaged when the stupid enemy got rampage wp wr,0
lol,0
sry u r out of postion,0
Brb,0
1 min,0
its slark picker,0
gg,0
lol arrow,0
"pick ganking team, never gank",0
ggw[p,0
first time am?,0
commend wisp,0
ok,0
tryhards,0
save my life commened,0
#/,0
hahaha,0
commerd :D commend,0
[MASK_D] team,1
lawl,0
this sk s onoob stun always suicide suicide as idiot,1
report him,0
:D,0
Ez lel,1
gg,0
Space created,0
i'm here to punish you yoshi for missing that last arrow,0
ty es 4 v 4,0
naga stop it dude,0
? ember???,0
Ez aqop,1
bad luck tusker,0
bird brain un install dota later bane,0
NOOB PL,1
ANO BA,0
GG,0
gg,0
noobla,0
k,0
;) WOW,0
cuello,0
report pls jugg,0
resume deads,0
wew tq for DMage Duel,0
de dark daddys,0
wp gg,0
lol,0
bcuz of [MASK_A] tards,1
wr still wants to waste time,0
kontol,0
GWP GGWP,0
go leave dota pls u fuckign [MASK_B] [MASK_D],1
noob bh no boot [MASK_B] la noob,1
SAND KING you lose i thing?,0
kill them and end ffs,0
0/4 tiny ok,1
lucky :DD,0
You stupid?,1
all been planned though,0
commend,0
ez,1
end,0
D:,0
Ez funy game,1
clowny game,0
just wait pls yes,0
if i have 3th wqill rpeort void,0
semantics is wrong aesthetics is the word you're looking for,0
lol,0
you gotta be kidding me,0
just fin mid or top,0
yeah,0
my predict LOL hahaa sad sad sad,0
gg,0
he say,0
"TANK?? LOL ,./.. OKAY!!!",0
yes,0
just lose,0
gg wp,0
GG BS,0
ggwp,0
sk tryhard,0
better go next if we play 4v5 ?,0
because i have others things to do than wait?,0
u known,0
[MASK_C] me,1
report vs pls,1
RETARD,1
lol,0
retarded qop,1
vcs sao lixos n fode acha q fez algo ainda tirei item mas o cara q core sem usa skill vtnc,0
omg quiet am,0
?,0
let me know is alchemist raging?,0
haha,0
DP want revenge? LOL u cant and u cant avenge ur courier,0
please report him he ruined a good game,0
pugna bro where are your items,0
lol,0
go mid,0
i have,0
shakermon,0
??? huys guys,0
wr stop trying to kill me with powershot and [MASK_D] man up,1
71commends,0
[MASK_B] viper,1
lol,0
thailand 4-2 yeah2,0
very honorable!,0
one bb please,0
let them have it,0
niceu lt,0
gg farmers,0
=),0
w8,0
"yes, hes braindead",1
im just 12 years old,0
am is feeding,1
pause more,0
;/,0
say what [MASK_D]??,1
wakaka,0
u need the normalalc build,0
wtf,0
[MASK_D],1
lol,0
worst ud in eu,0
GG ITS A GG,0
gg wp,0
as if i didnt get a helic with 6 creep,0
gg predict gg mif noob predict,1
moan more?,0
my game starts soon so i dont have the time,0
lel i just pick 4 fun,0
Lol,0
CATH LACSON IS THAT YOU?,0
gg,0
NOOOOO,0
roki,0
gg wp,0
mmm fed tb,0
actually its gay naga not naga,1
no need pause if coming back :p,0
lol,0
zzzzzzzzzzzzzzzzzzzz welcome to 2hr dota2,0
1 min,0
ty,0
u need to give up brah,0
come at me 1v1,0
Wag mainis,0
ZZZ,0
yup,0
im confused,0
dude you fed bs like a [MASK_C],1
haha i last game with lion :#,0
ALLL,0
come and finish guys ffs,0
gg,0
Ez,1
"M,EU DEUS WP MID",0
hahahaha,0
HAHAHAHAHAHHAAHAHAH,0
?¿?,0
s t u n d o t o,0
"below 3k mmr 'omg, he has invis' 'omg, I dunno where to ward, he roams ! XD",0
gl,0
El invoker de adorno,0
oh wow got gyro,0
end ez mm r,1
report all russians all are noobs,1
Whats wrong with u rae u really desperate for mmr,1
tp gg jug,0
jk that armor,0
i rekt invoker 10 times,0
bg,0
wtf how,0
report,0
WP m8,0
am win it please so EAsy BOT,0
gg,0
izi mmr,1
NICE VISION REPORTED AND BLOCKED FOR VAC,0
report lc,0
any last words? thx for the bototm,0
for our patience,0
cant end?,0
ez,1
lafe?,0
u got see me ?,0
yay for [MASK_C] carries lol,1
gj,0
so EZ! TOOO EZA!,0
add me ss or not.,0
thats pretty good farm,0
EZ,1
it isnt a comeback,0
report our sf,0
gg wp,0
GGGGGGGGGGGGGGGGGGGG,1
[MASK_A] genius,1
gg,0
always can be silencer :D,0
wp nood team,1
LOL,0
while qop was lv 7 u cant get that hard outlaned,0
GG,0
ok,0
non steam 4 min,0
bad losers,1
?:,0
jungle tide_ xD,0
AM YOU GET BFURY TO FARM ALSO LUNA HAS MANTA,0
gg,0
gg am,0
acc buyer,1
hw long will take?,1
eze,1
so is warlock,0
gg,0
nerf invoker please,0
this game so ez from jungle i just see a winter wyvern run at me and he dies like i just run LoL harder game,1
,0
big BH,0
wait plz wait,0
enjoy low pro blue,0
looked worth to me,0
we fight? where you go,0
ez,1
:),0
win pls,0
ggl,0
yeah,0
[MASK_C] hims pls,1
TY,0
WP,0
700 mmr for the win yaaaaaaaaaa,0
supports [MASK_A] pick first,1
bash dagger what is it new,0
ok no defend,0
LLOLOLOL,0
try again next yr boys,0
gg,0
u again,0
GG,0
gege,0
noob,1
ez hook DP xd HAHA,1
cmon dont hate me so much,0
now i kno how dendo fel ; ' (,0
easiest game of mylife,0
you were the problem qop,0
is drow ragin?,0
gg report puck plz,0
This game too violent for me can we peace? Just farm,0
"(: Sf serious question how u lose mid to ember, when u random",0
report np,0
You lost cause of pick,0
ez,1
[MASK_D] ursa :v,1
all my friend 10,0
[MASK_C] [MASK_A],1
wp io and bara,0
if you wont wait go public then,0
ez,1
"baited, necro wp",0
DDUE,0
sorry tried,0
do you know how my aghanim works tinker,0
pick ls as hard carry,0
oh cool pure?,0
pls report enigma and ta [MASK_D] account buyers jesus christ,1
At lease item,0
shut up trashbag,1
for [MASK_D] sake nice hero,1
dude my best hero is meepo look my dota buff you meepo need practice,0
LUNA AFK REPORT THX,0
w.e peruvians,1
gotta love a good loss coz of downs,0
how culd am and wrath die to luna....... wtf,0
stfu ez botoom,1
Nah all me,0
GG,0
+,0
Couldnt handle it,0
do u think ur chuck norris or something? XD,0
hahah,0
HAPPY BIRTH DAY ELDER NOOB,1
track ty,0
3streak lost,0
me and aa dont lose,0
worth it,1
okay,0
lol 3 points,0
lol,0
NOOB,1
next time play also seeker,0
u came late,0
I lost 400 mmr,0
jr,0
and you the 2 supports with the best saving spells,0
ty sf,0
TOBBE DUU,0
haha,0
HAHAHAHAHA,0
why give up qop? idk why qop give up its 19-15 already u killed sf mid,0
they are getting strong guyz be serious,0
why is he feeding?? just why¿¿¿,0
no,0
nice hook,0
commend if u report qop,0
idk,0
thanks,0
i commended my 2 supps they deserve,1
retarded,1
but lose ty guys wp,0
wew scary,0
why,0
D,0
:) :( :) :( :),0
youre too good amte,0
TriHard nice gank kappa,0
Comend :S :S?,0
FAIL,0
can we end,0
why? u can finish now,0
es carry dire pls,0
.,0
I'll wait anyway ;\,0
how do u learn lel,0
fk off,0
ROFL LOL U didnt hit me u get 500gold,0
done comendded,0
paper,0
Ggwp,0
?,0
cause I can u dumbfuck,0
HAHA,0
So scary sry but i still have aegis,0
wait idiot,1
:3,0
american?,1
gg,0
yeah like last viper and now sniper,0
lol was waiting for you to use ult,0
rofl [MASK_A],1
elder titan sleep,0
u spammed dagger to io,0
you got a freewin with this ta and silencer just take it sadboy,0
)))))))))))))),0
GG,0
wow overkill much?,0
(:,0
ok,0
[MASK_B],1
regardless,0
Can u stfu ld?/ talk all the time? its ur problem? not my team,1
Pseudo random my [MASK_B] :D,1
gg,0
he is total uter ****,1
SO [MASK_A],1
...,0
and u r about 2 have a teamfight,0
Why does he keep leaving He's offline Nice,0
reported the jug for you,0
commend me.,0
gg le comback,0
come on man [MASK_B] you rubick,0
support a support that last hit creeps and then snitch on me,0
what magic is that? cm? bkbk dude? it wont work on you riki,0
:)),0
report slark.ty,0
gg,0
JUST LET IT END,0
gg,0
wat,0
try the 'no damage',0
sweet dream 5 ^^,0
izi blyat,1
hes OUTTA HERE,0
20 deaths mmr leader,0
go [MASK_A] your mom,1
i hate losers like him when the game doesnt go his way,0
[MASK_A] you,1
i cant last hit zz,0
plz edad dont slay me,0
we lose anyway tiny feed so hard,0
[MASK_C],1
ty,0
GGWP,0
just keep it paused,0
and report bane pls,0
gg comend ember and enigma,0
what the [MASK_A] who does that shiet,1
ez [MASK_C] you nerds,1
u havta say it,0
ggwp,0
LMFAO i see why i have him muted,0
Commend support,0
just report them or next time this slardar and lina will be in ur team,0
can u guys [pz report magnus ruined the game,0
brraiinnss,0
lol coo;! cool!@ why you angry,0
:(,0
?,0
REPORT AUTIST MEPPO PLZ WTF? LANAY AHAHHA BOOSTER AHAHHAHAHA BLIA,0
gg ez jugaer and phaton,1
IF GIVEN THE CHANCE...,0
gg wp,0
NOO,0
gigi,0
GETTING GPM THAT ALCHE,0
thats bs lol,0
k tyou got the p5 sven again priority target down,0
hohoho,0
ur [MASK_B] bad,1
wait im super lagging ok,0
...,0
ez,1
yeah :),0
ty dudes!,0
so much god,0
not falling for the mind games,0
gg team is so heavy,1
gg invoker,0
yeah its so rare!,0
reeport this rambo,1
gg miracle-,0
AM,0
i dont get paid,0
Lolll,0
LMFAO,0
sucking noobs? lol,1
some of u guys are trash u just win that noob alche mid doesnt mean u pro trash,1
pro?,0
ahaha,0
what a gay,1
xDDD that cancerous pick is insane,0
start again ),0
XD,0
you cant kill me,1
...,0
still 5k,0
well,0
cant kill me that easy anymore,0
who's your daddy,0
I have more GPM,0
clock invi,0
gg,0
pls bro,0
lol,0
haha why u always want me puck,0
report skillz,0
"gg trol plz report , very feed",0
I get hate for mirana mid lol ._.,0
luckiest [MASK_C] shackle ive ever seen,1
gg,0
gg,0
how did i win this game,0
Ggwp ty,0
i got that couple of time ruined my games hard :(,0
love beating peruvians in the morning,0
EZ,1
HA HA HA,0
desperate for a win can't blame you guys,0
nope,0
gg,0
hold on 30 secs 500 ping kl im good g?,0
"stupid mmr with these bunch of ppl i never climb up back any,ore",1
defende top sai daqui nice buyback,0
Report Axe,0
nunca tube carry,0
Done,0
where are you rax lol ez thx disruptor for stealing all the kills so youre carries didnt get any gold your*,1
nice pause es wow,0
le,0
Hahah,0
wp tiny,0
GG,0
worth,0
lol,0
its ogre,0
rc,0
every game has one,0
lol,0
end plz [MASK_C] u all,1
I THINK SCARED,0
ahahha,0
ez mid tbh,1
literally 10 minute disconect js,0
gg,0
haha nice,0
lal you say,0
careful he will bite your asses careful guys alc is coming,0
he's ok,0
HAHA,0
rampagee,0
good for u guys lol,0
D,0
was a fun game,0
so short,0
play with me pudge ahahaha es sali ka sakin,0
throws,0
report clock,0
ya,0
gg,0
The buyback though,0
no,0
Ez con estas kk no hay fururo,1
axe is axe!,0
[MASK_C] noob,1
our jugg and sb so bad,1
Report qop,0
shut up.. pro clinkz 0 starting gold and still wins game.. must be pro,1
commend sf,0
end,0
glglgl,0
in a 3k mmr pro wahaha,1
hi wr,0
ggwp,0
commend me ty,0
haha true brotha please dot kill me riki jk here :D,0
gg,0
rosh,0
gg lah beh,0
idiot? russian?,1
=)),0
[MASK_D] BACK TO 5K OR NO SLEEP,1
gg,0
gg,0
ursa and void fighting for top noob,1
LOL BAITED how come tide no more taunt taunt tide,0
GG,0
morel ike 'mid AND feed',0
dc Dc Dc BICTH,1
yes ),0
: :D,0
nice game ty,0
ggez,0
haha bobbbbbbbbb,0
nice 17% you fucker,1
we win,0
lol,0
conred beef,0
gt 5 ?,0
party can with solo one,0
[MASK_A] shirt,1
get rekt by pinoy son fucker,1
report wk and medusa,0
hahaha talk,0
gayyy,0
0 here,0
the peru throw is so real peruvians can't close any games :),1
fail,1
:D Counterthrow,0
we're not aggro trilaning,0
really XDDD ahahhah wr,0
waiting for nothing,0
useless AM,1
gg,0
wp sk,0
you are wyvern last game right ?,0
:D NOO,0
jajaj,0
jedi mind tricks,0
ahaha,0
fake mmr,0
to late,0
Bg ez rank,1
idiot,1
AW,0
end it i wond def wtf,0
report slaradar not even funny lol,0
late,0
LOL BYE,0
well 1.6k gold,0
WHOS UR DADDY,0
ez,1
not the same,0
GG ?,0
commend what [MASK_C] mid nty,0
nah,0
i dotn think u were going to die anyway but i'm sad Lol,0
LOL,0
[MASK_A] u [MASK_B] noob,1
GG,0
lol,0
ill kill you later my lady just chill,0
pudge was the relevant one,0
oh thankfully theres another 25 points for me,0
sii Me toco mis compatriotas,0
cos you talk in all chat?,0
stfu trash,1
haha,0
he'll be back we're in skype,0
GGWP,0
ok,0
and pick injoker 1st brah,0
100 pauses..,0
what the hell am i reading,0
s v ツ,0
killed by wk,0
mg,0
heuhue coward picks sven and all random like a man next time,0
FF,0
don't waste time,0
last game for today sorry,0
its karma u dont report ull get him next game,0
BARA GOT A KILL GG,0
has sk ultied yet?,0
WHAT?,0
YAY TOOO NOLAG :D,0
ur just newb :D,0
ggwp,0
[MASK_D],1
best suicide bomber eu,1
you [MASK_D] trash mid it's this alchemist,1
shaker necro tider,0
go win,0
thx to injoker mid ,0
w8 tide,0
slark wanna no :)),0
Gg,0
HAHAHA WE DONT HAVE A SUPP BORING,0
waiting for no one,0
report pudge,0
lol :D,0
COEM GET SOME,0
"he quits, then report simple",0
indee3d,0
damn ez,1
this [MASK_B],1
+,0
? nice g,0
slark ok woobshe,0
Report pudge please,0
base guys,0
reporting you for flaming :P,0
you're fkn joking you jumped my ult i mean my hex,0
what a name,0
SPECTRE PRO LOL,0
YAYAYAYAA A LIL BIT PIMPO U KNOW,0
GO GO FINISH,0
done,0
nice lh,0
NOOB [MASK_D],1
why me man why me,0
GG PLEAS REPORT TERROR,0
gg,0
1-9 not bad,0
rs down,0
I SPACE FOR U IDIOT,1
lion reported,0
gg mid,0
pro players naix number 1,0
THATS [MASK_C],1
50,0
Haha,0
really veno lol,0
naix still have his items,0
gg captain,0
15%,0
OOOOOOOOOOOOOH,0
worth it,0
dirty pick win the game,0
what udid? u had all your spells,0
twas damn obvious i was there,0
bro 1v1 outside lets go,0
:),0
[MASK_D] this 2 dragons,1
?,0
helloo,0
:D:D:D:D,0
medusa u got boots?,0
noob,1
Ez,1
sry,0
hahaha eat creep,0
u played so bad,1
bg,0
100 big man!,0
report pl,0
report,0
please kill doom,1
4n4n,0
GAY MID!,1
wow alc the number of bounty runes youre getting is insane,0
your sister is GG,1
GG ez,1
(;,0
gj invoke gj PA,0
kk,0
I hope this techies dies in a hole,1
gg naga too easy of a hero,1
Rlly volvo?,0
lol Haha,0
INTRO.!!,0
fu,1
mid retards r s o unbeliaveblay bad lma O,1
Easy +27,1
^_^,0
lel,0
i love it when I win,0
like a kid noob shut up,1
gg,0
:D,0
haha,0
Huh we won?,0
where got meepo @_@,0
sb?,0
xD,0
800 haha,0
Fck,0
Dendi is rea;l,0
two peruvian on my team,1
Ask sven,0
gg,0
:),0
gg pp,0
HAHAHAHA,0
PRESENT,0
LOL BH,0
thanks morph youl get your 3 rares,0
yah,0
brave man,0
GL HF ?,0
"doesn't matter how hard you win mid, if the pa has a godlike spree by ten the game's over",0
WP STUPID,1
EZ,1
cumback,0
it was kotol la,0
oh so u didnt lie,0
im noob,0
Always in my game always retard in my game,1
mag ignore them,0
noob,1
JOKE,1
+,0
i will unpause when i am done smoke,0
these retards dont belong in this mrrr,1
stupid introgay,1
i raped lina countless times,1
7 MIN?,0
lol,0
what an idiot,1
late silence noob silencer just noob [MASK_A] silencer and wr,1
wrong send hha,0
im alche last game haha,0
wy my team so low compared to yours,0
youre score its like pi defending your mother friend his son,0
report sven ty,0
done,0
lol,0
trash,1
report magnus 0 impact total noob,1
lol bb for othing haha ggwp uys,0
the end,0
gg wp,0
lol,0
hm a bit too late,0
:saltY:,0
ROAM MID MORE PLS,0
wow,0
REPORT AM PLEASE,0
haha,0
ur mom boom,1
gg,0
daz dced ffs so good [MASK_D] on pornhub.com atm,1
CREAP PA,0
i got 5K i is imba,0
ty :))),0
wait our rubick get rapier,0
mmmm,0
30sec sry,0
miss hit lol,0
Ez sky,1
ez,1
void ,0
lol,0
continue? been like 5mins,0
dont angry lei..,0
woops,0
haha,0
+,0
gg? ez mid? EZPZ,1
wew,0
+,0
close your browser,0
Can nort def?,0
gg,0
WHY,0
ty,0
nice bot lane harrass axe,0
ggwp,0
so good luck,0
pleaser commend tiny for just talking,1
?,0
are you sereuse or joking wr?,1
he shoulda just went a range,0
this is pretty much 2 vs 8,1
YTEPYEPYEPP,0
get my dr,0
gg wp,0
hi,0
ggwp,0
uselees techies,1
can i have 1 kill,0
1-10 sad story,1
afk farm mid,0
repotr slark noob,1
rage,0
gg finish good game really,0
ez mid,1
too ez,1
ez,1
no more next time :D,0
Game no over yet,0
Gg,0
gg,0
touched a sore spot,0
GYRO HAHAHAAHHAHAHAAH WP,0
Ez mid ahaha,1
mango gaming,0
tinker so pro,0
WP,0
coldsnap kid?,1
W8 FOR AA,0
i lost faith when i see his steam prfile,0
easiest MID,1
lel lel,0
=))))))),0
[MASK_D] alce free farm still noob,1
gl hf,0
not good game,0
wtf is facebook feeder report this es for not making sense,1
^^,0
gg?,0
commend pls,0
wp,0
pro sky pick vs mana leak lel,1
nate u german?,0
gg,0
?,0
no slardar,0
yes,0
who cares..,0
dive I got my ul jug dive jug,0
yep,0
gege,0
xD,0
did you know that pinoys have the shortest [MASK_D] in SEA,1
why not,0
lmao,0
still scared lol,0
end it hahahaha,0
FINISH IT,0
";lfd,hfsdjsfd",0
easy cm tuskar you mad?,1
just a little bit 2 mins,0
laggs,0
gg,0
only agha and orchid at 46mins,0
gg wp,0
shut the game call me call ta say sry to me,0
gg,0
just like jugg what a retard,1
lol,0
do you know how hard it is to last hit with drying nail paint? DIFFICULT,0
tinker you and np are same breed,0
ye [MASK_D] the SF,1
lol hahahahahaha,0
gl,0
ok gg,0
and wr also,0
gg,0
wirth it,0
ff pls,0
lol,0
? Dc,0
ez mid,1
LYCAN GOOOO GO GO 274,0
wala nami piso,0
just unpause let him drop,0
VEry lag 1000 ms,0
cuz PA went [MASK_A] manta,1
wp,0
soloq is were its at,0
and u cant win this,0
haha,0
ok a mirana sitting a lina,0
LOL,0
pukingina ka kangkong lancer good :D,0
haha mad?,1
i am dead,0
i'm homophobic,0
576 gold misss,0
k,0
how u feel about it rofl,1
javseen?,0
farming,0
ano,0
report od please,0
dont,0
ROFL,0
FARM,0
gtfo gratz HAHAHAHA,0
dont care gg,0
omg ...,0
ez to make a fun against WR like this [MASK_A] ebola guy,1
gg,0
lel,0
gg jimmy!!!!,0
aw so offensive,0
nc pause,0
ez,1
pls,0
ok,0
weh,0
ez,1
at least im playing,0
rage brah,0
GG,0
farm divided to 5 :DD,0
ggwp,0
im 14,0
AND thats what happens when i dont lag anymore :),0
NOOB ARROW SORRY MISS,1
ez mmr,1
faster animation eh,0
and muted,0
gg,0
game is hard cause everyone is garbage,1
CANT KILL SF NOW END NOW,0
catch? noob,1
hahaha,0
report spirit pls thx,0
tiny tossed him to us,0
offc .. [MASK_A] ez,1
ez meepo solo boosting,1
i honestly dont know what PA was doing this game,1
in game lol,0
every kid knows that,1
lol?,0
Storm sucked thats why,1
are you one of the 4 slark?,0
wah pro friend chance pls bro,0
Why do you need 4 mid fam,0
if it was slark picker,0
yea u r funny,0
honestly doesnt even know game play tho Cant even watch minimap,0
17 17 17 17,0
gg,0
lol,0
wait one year pliss,0
BUY BACK,0
tinker and lc yeah noob i carry the game ffs,1
cmon man u see this am free win every game,0
you hardly won the offlane,0
wait in base until am is big and fat,0
yes,0
commend pls if u liked,0
:D,0
?,0
GG undy win games,0
wew if we fail guys commend me ha if we fail ?,0
:),0
stfu lion he good,1
ahahaa,0
got 1 less rax,0
are you retard sf ? how you die from this ember ? ....,1
ok,0
+,0
glad we decided to play an 80 min game againt 3 hard carries,0
in dota2,0
yeap,0
.. we w8 ur slark.. mby u could have some pat..,0
rip doom,0
doeee xddddddd,0
rip eng,0
GG,0
rmk steam lag,0
:),0
why u add me?,0
this team is not deserved to win,0
and you still loose,0
let's wait,0
he does so what?,0
4 shout lol nc arrow? haha,0
sad invo,0
SAd hahaha,0
EZ,1
[MASK_C] head,1
[MASK_C] ez,1
gago,0
[MASK_B] retard system,1
lol,0
GG,0
hahahah,0
L:P:,0
trasktalker,1
btm no fail,0
WAJA AWAJ,0
?,0
Haha,0
u [MASK_D] axe,1
",,/,,",0
./.,0
glhf,0
gg,0
SURPRISE BLINK,0
bivaet ),0
i got bf faster then am can get it,0
oh,0
WOOOOW WHAT A SKILL,0
lol gg,0
ggwp,0
bristle commended,0
ur lane,0
g rosh fast,0
gg,0
WHYYYYYYYYYYY :(((((((((((,0
wowow gj,0
haha :,0
no,0
Ez,1
slark got raped top,1
rip,0
gg,0
6-8. 1-7 2 cores [MASK_A] YEAH 5200 average,1
that wr act pro,0
gg,0
gg ez,1
haHA pOOR aM,0
FAT INJOKER,0
GOT HIM,0
3.5k mmr tac pause lmao,1
I knew this void is a [MASK_C] peruvian,1
you gotta be srs,0
[MASK_A] tusk,1
gg,0
im gonna ddos u fkn virgin' AHAHAHAHAHAHAHA,1
ky ZIGA,0
lb is throwing lolz..,0
yes wait a,0
G,0
done and done,0
EZ,1
i guess 5 passed by but lets w8 1-2 more .. cmon gif them pause,0
our supports were dogshit,1
IM 16-5 [MASK_A] ON U MID,1
?,0
haha xd!,0
well its over,0
gl hf,0
I wont ,0
done,0
TROLL NOOB,1
u know wut np when u kill the courier u need to pay for it thats the rule,0
GG!,0
morphling does,0
man new update from 2month,0
wow,0
best wishes for get a teammate like naga next game from the bottom of my heart,0
Xd HAD NO MANA VBEFORE,0
it is Be diclk Dont wait 3 [MASK_C] reasons soo report this [MASK_C],0
sec,0
this [MASK_B] team,1
cumback :))),0
not in mood,0
GG,0
nice 1 :D,0
wait,0
wtdf nyx,0
bot,0
ohh yes,0
lol,0
btw dude u got lucky as [MASK_D] first hit crit? u 4 real?,1
w3w,0
hey no cry u said :D,0
lol,0
LALALA,0
AND SNIPER,0
and nature prophet mongoloi,0
2 trash 3 vs 5 = EZ,1
,0
abbadon on the go,0
how the [MASK_A] do u get 600 gold for killing me?,1
how dare you,0
:D,0
ggwp,0
Lol,0
our slardar,0
ggwp,0
"id say gg, but theres a doom on ur team",0
GG,0
2 report,0
END alche noob,1
gg,0
so you mad?,0
im paper sht,1
wtf that was close,0
GEGEGEGEGEEGEEGEGEGEEG,0
:D,0
thanks for carrying feeder like me,0
ill laugh at you :( yea 1v1 me just add i can create lobby np believe bristle back he got guts,0
"[MASK_D] off, aa is sitting there",1
had [MASK_D] 300+ ping spike during it all too so get fucked Still have it now oo 1k ping love it 4k 4k ping,1
noob sf,1
ez,1
lina's net is fucked wait,1
OKEY AM 6 tps just for you,0
report him guys,0
oç,0
xd YE MATE LES GO,0
Losers,0
rekt omni knight free farm ty,0
i feel like raporting you instead,0
menu,0
why u tango for me brah,0
i trust am,0
ea,0
u talk too much like a girl,0
?,0
? pudge?,0
we w8 u btw,0
jap,0
ez,1
worst iceblast in the history of dota,1
:),0
SO EZAOSO,0
ff,0
rus pudge mid = lose mid i know,1
gg,0
feeding on purpose?,1
HAHA,0
Ez,1
hahah,0
RETARD,1
catch tusk!,0
gg,0
whyy,0
gg,0
woow,0
please wait,0
g?,0
nooo 108/120 duel wins :(,0
gg wp,0
RIP IN PEACE,0
uh really?,0
How close was i,0
noob team,1
Wait pls,0
gg EZ bot,1
gg,0
gg ez,1
commend WR please he's the MVP here makes the game worst,0
GG glad this jugger losing this game he didnt deserve a win,0
all report doom ?,0
Russia,1
k,0
commend rub,0
rekt,0
ggwp,0
ez mmr :**,1
bit harsh,1
izi,1
oh if what im doing is failing i want to know what you're doing,0
lmao,0
7 16,1
4800 safelane boys delivers,0
we dont def can u throne,0
Ggwp,0
gg,0
end,0
1vs9 wk? y bow to king,0
cant touch this,0
TQ,0
lol pudeg ?,0
0-9 nice dazzle :v,1
jaja,0
i have 2 mg just 2,0
qop died more before she started feeding than when she has,1
ez mid,1
[MASK_A] u,1
dude,0
cant you please stfu,1
LOL,0
meet me in da lane it's goin down,0
report this sk holy fk,0
amen,0
bara,0
"gj,sf :D",0
youjizz,0
rly,0
Wait him respawn we pause ... god cant understand simple english bro,0
tower dive lesss,0
ggwp have a nice day and god bless,0
Haha,0
communication abuse,0
noob sf care,1
noob PA ever,1
sky noob!,1
"I will commend you all, if you report brew now.",0
yeah waht,0
HE DOESNT KNOW WHAT YEEZYS ARE,0
please report him tho,0
axe was axe,0
no man i go there,0
lol,0
nvm,0
i do have a friend name clement hahaha,0
............ IT JUST ENDED ARE YOU SERIOUS,0
klog,0
girls win wp girls,0
carry dazz for days,0
Ye really,0
GG,0
no no backing now =)),0
really,0
gg,0
we gonna take the stacks,0
fq me,0
ff. afk,0
ty,0
PUDGA,0
;3,0
commend me :D,0
this slardar is spaz lol,0
report es KS,0
Any more?,0
chill brah,0
+,0
1v1 him,0
ez ez ez ez ez,1
ez,1
WP EEEOOO,0
WOW,0
STICK,0
Ggwp,0
nice men,0
blaming time,0
ofc check his items lmao,0
every game is 50 mmr,1
:(,0
report lina all report lina,1
ty,0
str8 mud Ddiobnt def mbi u need mge,0
EZ,1
gg,0
yeup,0
my rank this 60000k mmr wow 9000 my 4000,0
he dead anyways,1
+,0
in LoL i can carry alone,0
lol lucky?? really haha funny,0
was dazzle alone there is ur autism that strong?,0
Kappa,0
:3,0
trying to buy a powerball quickly,0
report WK ALL,0
u guys DC,0
gg report necro pls tnx,0
he is gay for you,1
yes we r TAEWM,0
Apr-34,0
lol,0
puck forver,0
"not minutes, but miles",0
yes?,0
EZ GG,1
yep u can tank alright,0
EZ NOOV NOOB,1
nhice blink,0
yummy added to my flesh heap,0
you dont like ea educated person its just a game,0
so cute just like ur moms,1
xd sf,0
gg,0
God I hate this [MASK_D] talk,1
coz its true i report u for this,0
ez,1
890,0
too rich,0
END,0
nono i said my team this game all lose hah don't win,0
ez divine xd maldito noob,1
you can i play oracle i know,0
but the supports decided to no bring sentries or dust......,0
[MASK_C]?,0
calm,0
gg,0
LOL NOOB,1
[MASK_D],0
can u stfu?,1
so close to a double :(),0
wahahahah,0
u are welcome :),0
gg wp,0
p.a so idiot 4 vs 5 :))`,1
bye guys,0
we waited several min,0
go fast plz i dont like this game,0
RART DOTS,0
gg wp,0
no help,0
lol,0
we win,0
hah tower only team don't worry,0
roflll,0
report es thx ggwp,0
vroom vroom what }how i miss,0
izi,1
momment pls,0
i just wanted to echo one last time babe,0
wp,0
lol,0
Yeah suoper funny agreed,0
omni 0 7 am 0 4,1
I wil def my team but [MASK_A] wind ranger,1
pinoy can [MASK_C] you noob !,1
one by one ROFL,0
wp creep,0
what is that,0
hes a ghost lol,0
wow ilu kill him..,0
we should have stopped kill at 2 then it would be 332,0
u r badluck brian,1
now I'm not gonna play,0
gg,0
hahah,0
lol,0
hes on almost.,0
hope it was worth ittttt,0
my team fuckig [MASK_C],1
I'd just report slardar,0
can you kill someone else chen,0
report am,0
just a really [MASK_A] pudge is all,1
gl hf YF[EZ CGHFIBDFTNCZ,0
ez,1
NOOB,1
:),0
i know but my dota no =),0
eat a [MASK_B] cancer venom,1
[MASK_D] you!,1
FARM SAFELANE))))) GL,0
end,0
i need to play sup i buy the wards.,0
lol lol,0
U AWFUL,1
dogshits happy defend garbage cunts,1
yuki is that a girl's name,0
Sniper es,0
GAY MID!,1
u not peinose lol d ka pinoy anu ka onngoys,0
go end gg,0
Y QUE HAY DE LA QOP ¡?,0
but not like this notlikethis,0
other sleep,0
wtf [MASK_D] off,1
sigh i always get the braindead russians every game,1
[MASK_C],0
exited to win?,0
gg bot,0
[MASK_B] your ward!,1
LOL gg end,0
MORE THAN YOU IM SO FKCUNG PRO ACT LIKE A PRO,0
kek,0
omg the comeback rea real,0
report am pls,0
Ez mmr for radiant,1
woops think I coulda had that,0
ember is ruling and u sucking necro,1
Send PA to low priority,1
hes been crying all game,0
sry,0
EZ,1
z :( gaben sama no more 4k please z,1
i want it,0
lfmao,0
pudge,0
?? ?? ?? ??? kidding ?,1
PROseidon,0
WAwa,0
everyone dces,0
i didn't blame anyone,0
stupid team no help KILL ME pa bf 30 min,1
orayt !,0
hahahahaha,0
lol ruski ragequit :D,1
aie ya,0
555,0
His first stun And he still failed,0
1,0
wp to rally,0
ggwp,0
the [MASK_B],1
where dafuq u come from?,0
report you retarded idot useless [MASK_C] lol nice skill,1
dead am gg,0
gg,0
and he is considering he will outcarry razor sven riki with alch,0
pls go bot finish it,0
you [MASK_B] dude,1
ikr ez mid,1
wtf,0
ur [MASK_B] terrible,1
),0
peru,1
we try,0
no i was on 25 farm at 9 minutes,0
end it,0
bb for?,0
ez,1
boy btr dont lose,0
hard hard),0
hahaha,0
gg,0
He's peruvian,1
this isnt eu east you fucktard,1
but im pro,0
:D,0
reported Kappa :D cj,0
which retard,1
no,0
ｓｉｓｉｓｉｎｇ gg,0
gg,0
"but, i wanted to [MASK_A] pussi pussi",1
:m,0
nice game THANK YOU FOR THE NICE GAME,0
close game,0
gg,0
really? so eager to win?,0
hahah dont me mad its just a game hahaha,0
Dat mid aa,0
d :D BOOM,0
its 4v6 game,0
ty,0
^^^^^^^^^^^,0
he is actually retard i report him,0
u wat,0
+ ez you,1
were sorting it dw,0
dp too noob,1
lol,0
nice pinoy,0
:D,0
wp zues best,0
hes my spy,0
pray wr bb then die,0
yes it does,0
WTF IS JARVA jarva!!!!!!!,1
what can we do,0
Haha,0
report wr please very nobss,1
gg,0
lol ok sure,0
hahahaha so paper SS,0
you got baited so hard,0
5k zeus is real,0
died,0
> Back! yeah supports are usallt that when it goes [MASK_A] for the team,1
die,0
wp,0
void [MASK_D] you are lucky,1
stfu mf,1
bobo? HAAAAAAAAAAAAAAAA,0
end,0
HAHAHAHA,0
Report lina plz thnx he trolling takes mid loses mid then trolls classic,0
ez,1
[MASK_D] you,1
hows yelloqw even FUCKIKN TYPGIN URT SO [MASK_C] BAD,1
Wag po,0
bye,0
this games a succesds rleady,0
i think it's was ill,0
nice pathing fucked me,0
worth it i got your tower ; ),0
because u have on 4.8 carry like my slardar,0
[MASK_A]*,0
4.8k SK rofl fking joke,0
worth?,0
was death ta lose liek 7 sec,0
pls we need more track kills,0
i go to pee,0
end :),0
rapier throw,0
all good,0
io like diccks,1
4TH GAME RUINED BY RETARDS gg und with 10% hp staying near tower enemy tower,1
sad,0
lol,0
im too so go,0
smh why do i even bother supporting in 2k mmr,0
"okay, tough guy",0
gg,0
have a kit kat,0
bkb 1 hit,0
M(,0
gg,0
HAHA,0
pls =)),0
? offlane veno solo support rapes u,0
chill razor,0
yung wk namin beyond godlike .. na .!!,0
lol medusa carried the game,0
MID EZ?,1
the mmr tanking woo,0
1k mmr?,1
hes trash,1
"hes gone already, dnt w8 him were wasting time",0
rofl,0
:D,0
report sf report sf,0
can u leaveee,0
first blood are last him take dc,0
you're good doom lmao,0
ok any time u kill od i'll give u an item,0
NICE throw,0
its a trap! bear trap :D,0
we should wait,0
Wew,0
pff thaha,0
[MASK_D] NO RAMPAGE,1
BOG PROSTIT,0
its bs,0
nice ulti void :D,0
o anyway just end lol,0
REPORT SNIPER AND INVOKER,0
haha u [MASK_D],1
weooh GOD kahh. deads on arrivall .. weooh,0
D,0
oh no bro ur too slow,0
nice try :D,0
report sf he should low,0
gg [MASK_C] mid in first yah hate that,1
:V,0
haha my last hit,0
lol,0
like chi long dumbster,0
[MASK_A] your pauses report,1
and win,0
fb,0
HAHAHHA XD blademail hahaha,0
ggwp ggng,0
THATS OP,0
NO MANA heal,0
duel me,0
point of a carry is to carry,0
ty,0
she got ping probs,0
HAHA,0
dat rune,0
EZ,1
gg wp,0
ahahahhaa,0
see my team is so bad,0
[MASK_D] lion,1
shut up ds,1
gg,0
i dont think he took at is a joke on silencer,0
Ovision,0
GG naix,0
yup,0
has abandoned the game. This game is safe to leave. No stats will be recorded,0
Wp boyz,0
they blame u :'( doom  dont be sad,0
haha why so quite here,0
ggwp,0
u lucky my cm pure reatrd,1
gg trash team,1
GGWP,0
said pudge,0
who said it wasnt? rq ? the rage quits the pauses,1
so useless bs,1
Whuuuuuuut? Hahahaha,0
gg wp,0
[MASK_A] you [MASK_D],1
y,0
is rdy,0
aga,0
venge > lion,0
is that ur mmr?,0
gg,0
1v1?,0
u die u say ez i laugh sry,1
you should buy 4d,0
its the amount of int casters you got plus ursa,0
SMACK MY BUM,0
RUN Back,0
fvck,0
pudge 3 times hooked me,0
For you Lotte <3,0
wow,0
[MASK_A] feeder,1
poor cheese lover what did he ever do to you?,0
lol,0
u did it gem 52 min,0
w8 transfer pc W8 TRANSFER pc,0
lol,0
ill play dota reborn not dota,0
gpm dude,0
gg,0
X'),0
qop its mad =(,1
3.8 k jug so good,0
deti govna,0
REKT,0
wtf was that courier doing here,0
can you guys finish?,0
lul,0
xDDDDDDDDDD,0
well odd....,0
ez mid,1
DUST GUYS DUSTTTTT,0
y bane hans? :( low mmr game dont u need dps? ccurious,0
1k,0
[MASK_A] this [MASK_A],1
gg gg,0
ty,0
pls,0
ya,0
?,0
huskar report pls/,0
i fucked your moms,1
GG,0
freee farm dusa though memba?,0
says the guy who picks sky,0
:(,0
no prob,0
???,0
wp WP,0
GO GARAVCE INA WIN!,0
xd,0
jugg =3=,0
gigilmats,0
dont just type rc tell us,0
and this am report pls,0
end game qop rekt weaver,0
GGTY FKING peenoy Mother fucker,1
,0
Fuckign legolas,1
TY PRO,0
axaxaxa,0
so nice commend sniper,0
well played. :S the [MASK_B] does that mean?,1
hahah,0
gg,0
jojojo i dont know if you could still laugh later,0
haha See so should I afk at home? and let u get boot,0
ez ggwp,1
we got 2 rax,0
noob,1
nice counter pick axe,0
wtf im not blaming doom or anything,0
jaja,0
?,0
100% basdh from tiny,0
hi,0
... idiot mepo,1
i cant describe how op is that greevees vs our reduction,0
^^^ he coming back,0
I'm not fat,0
?,0
this PA so kid,1
hahaa,0
watch my 5k,0
sure?,0
2 v 1 act tough,0
you want it?,0
ty am,0
who you,0
ez !,1
gl hf,0
hgahahaha FU,1
no woman no cry :),0
ok,0
nah come for alc we wont disturb you,0
hmm,0
miran win us,0
lol,0
g,0
?,0
everyone of you [MASK_D],1
go mid guys wp everyone ill not def,0
XDDDDDDDDDDDD,0
comend pudge,0
take bot farm and go other lanes smart,0
its wirth -sb,0
lol,0
stupid sahdow,1
commend me,0
Seattle,0
let us rosh after that pause pls guys wtf,0
znaete pered tem ka kriki slil gem on napisal *ja umeju igratj na riki s gemom* *chtobi ne potreatj ego*,0
coming,0
?,0
Ouch,0
G ?,0
doma,0
natures at top just gank buy dust,0
he lag,0
G?,0
"but this bs, pure idiot see",1
so,0
WOo,0
zero noob,1
hastag not worth?,0
report Puck PA,0
gg,0
if AA comes back before we lose rax ,0
HOOK :d TOP,0
ez supports lol EZ FKING WP DAZZ,1
cour and pizza pls,0
lion,0
stupid wind scre lose lol,1
pls report ta,0
sydney braaaaaaaaaaaa,0
ez with slada carry ? hihi,1
BELORUSSIAN,1
+,0
gg,0
XD,0
wtf 4-12 i'll count sum mo la,1
especially since you did nothing,0
wr and axe [MASK_B] lose shitness,1
?,0
Ez,1
wait? gay [MASK_C],1
one day pudge,0
XD,0
gg wp,0
lol,1
:(,0
OH buy back? you scrub,0
its 4 for me,0
gg,0
ok all those sentries,0
gg hiohi ',0
ROFL,0
assholes ,1
lol,0
ofc not when they focus [MASK_D] slardar whiel we got dis ulti and tornado bvlast and a [MASK_D] echo we focus slardar lc  go and finish gg these guys dont deserve win get throne,1
@@,0
i think,0
gg,0
push mid and end guys,0
i [MASK_B] u in mid you just have good hc,1
lol,0
im so lag,0
haha,0
:D,0
lol magina,0
same here have fun,0
safd,0
maybe,0
wp luna,0
wtf wtf team trawsh,1
IN STEAM !!,0
look at them still talk lol sry wrong chat,0
why,0
1 more min,0
fuckj sb on legion lol noob thatsw like sniper with sb just stupid waste of gold message for lessons on dota,1
why? for missclick a lot?,0
lol lesh,0
ty,0
lol u got that wrond bane,0
hjaha,0
n [MASK_C] this game no1 tp,1
lol,0
wtf 2 hits,0
sup?,0
3,0
longest glimpse range ever,0
gg,0
?,0
rip 500 coins nice feed ta,1
nice team invok your not mine,0
?,0
yes,0
no srs You fucks,1
sf bobo,0
stop writting smht lol,0
this team...,0
Hahaha,0
xD,0
#rekt,0
give that dr to wk,0
BURN,0
nice huts,0
wait?,0
hola,0
AA,0
i like paused (no),0
xD,0
ty ta afk ...,0
gl hf,0
[MASK_C],1
[MASK_D] [MASK_D],1
ez,1
tf wtf,0
heh,0
car,0
noobs,1
gg [MASK_D] im glad i had a wr in my lane,1
haha,0
,0
gg treeants,0
wp,0
WHAT WAS THE WORD? [MASK_C] REKT,1
VS meepo peruvian,1
apahal?,0
srlsy?,0
min 17 no gank,0
he 63 sec go? maybe? computer restart?,0
wow with 2others?,0
am wait me,0
report AA plz,0
creeeeeeeps,0
i think u could win coz u was powerfull yup venge d supporting,0
youre just laguhing at nothing,0
almost,0
easy,0
am so mad and so useless,1
gg,0
thank our es,0
nice one,0
sure,0
gg treatn,0
GG SLADAR,0
Qops [MASK_A] u cuz u r 4k,1
gg,0
gg,0
(:,0
u like me right?,0
kid,1
:(,0
wu,0
you'd be losing this so hard,0
2 mins,0
pudge,0
you should have let spec go radiance alch didnt even go for the manta build,0
ggwp,0
I turned you to stone,0
ez mid,1
are you talking i didnt unapuse,0
what a [MASK_D],1
done,0
you guys are not going to win against spec wr and sladar late game either..,0
is it just ancient,0
any last word?,0
can i leave now :(,0
potomu chto tima daunov poetomu proigrali,0
viva csmr,0
gg now.,0
both cancer and useless,1
noooooooo,0
CURSE YOUR SILENCE!,0
GG,0
GGWP,0
dnt ef def,0
decent,0
whatever,0
gg end,0
gg,0
suka syndrome,0
GG ember offlane rules,0
gg commend pudge,0
^^,0
didn't ask about help,0
ez bro,1
LOL,0
Real classic,0
Ggwp,0
my god!,0
nah who cares..,0
lag,0
?,0
yes i said to my team why not you cunts [MASK_D],1
much talk team [MASK_B],1
how u loss,0
freak [MASK_C] u,1
LOL LUNA,0
EZ,1
your teammate there lol,0
value,0
28 27,0
"Next time you see sb pick , just leave game Oooooooor You can pick sb",0
laggggggggggggg [MASK_B] lagggggggg,1
no,0
finish mid pls,0
gg go end,0
WE'RE GOING ROSH,0
man,0
4v4 im down for that,0
lmfao,0
XD,0
i was typing pfft,0
just report this [MASK_A],1
sulod mn ka,0
lol,0
yeah very close,0
[MASK_C] U ILL [MASK_B] UR MOMO,1
ghrthj,0
Wp team bro guys Omg alchi wow wp team rip nooob alchi,1
Yawa,0
rage q,0
easy ç,1
+,0
lol ta so bad,0
VOID PRO LOL EZ VOID,1
most useless es,1
sorry you loose loozer,0
ggwp,0
Ez doom? Ez top i see,1
pl is AFK,0
wp :D,0
It's Ursa :/,0
z,0
HAHAH lol 2 HAHA,0
LOL,0
tide ftw,0
PA 1on1,0
report omni yes he was doing nothing happy idiots,1
ahaha,0
what idea,0
haha,0
z,0
ya,0
WHAHAHA NOOB ENEMY NOOB ELDER,1
i dont have whole day 4this,0
gg,0
!!(((((((,0
:(,0
1 10 1 11,1
wp meepo,0
lol,0
gege,0
"actually ic ant wait either, cant win to win this game",0
Y ?,0
joker sf,1
outplayed lol dr so op,0
holy [MASK_A] remnant expire,1
lol,0
haizzz,0
GGWP,0
cm u mad ?,1
hahaha,0
slark commend Nice game,0
in 6200 mmr we trust,0
LOL,0
@_@,0
??,0
blame me from early game :(,0
EZ EZ hi jug ez,1
GG,0
w8 pls,0
dont pause again motherfuckers,1
gg,0
wait wait plz deco,0
die u kid,0
on way,0
lol,0
wait,0
a fuckign safelane rofl my solo is 5k clock u [MASK_D],1
1000 ms,0
Ez haha,1
1 on 1,0
hahah,0
when children and men play on the same team,0
God he's so slow Lol,0
lol what happen,0
wpwp shitt,1
haha,0
finish,0
DODGE,0
k,0
why still waste time to find u,0
lol idiot,1
THE GAME WAS LOST BECAUSE YOU [MASK_C] SIR YOU GOT HOOK'D BY PUDGE HOW STUPID CAN YOU BE,1
),0
report your spec,0
wait for tusk ty,0
gg,0
sabrura,0
lol,0
hah,0
tyy dazzle,0
IF HE IS UR FRIEND HE WILL BE BAKC LA U ARE A LIAR BITCCH,1
So bad lmao qop just lost in space,0
gg,0
he's on dota now,0
like alchemist,0
go take easy on her please,0
have no clue,0
commend doom for this win,0
Rq?,0
:3,0
gg,0
gg,0
HE'S NOT COMING BACK LIAAAR btw ez coin,1
go end ?,0
stop all chatting attention [MASK_C],0
ridiculous,0
[MASK_B] you,1
iknow,0
G,0
wtf,0
EJEJEJEJ ESE CARRY,0
trash,1
EZ,1
i need it,0
watch out almost bkb sf u lost :D,0
who the [MASK_D] randoms doom?,0
,0
andrea cavada here,0
lol,0
what a shame,0
JOKE THUSKAR IDIOT,1
AW,0
SF hopeless,1
ok so long sir,0
HAHAH,0
ticklish,0
best start?,0
offlane of offline?,0
too ez magnus noob,1
more pls ar waiting you,0
Gg wp,0
EZ,1
ty,0
NT(NO),0
Aw no tp,0
go finish i afk,1
LOL,0
bg,0
xD,0
lol and you guys expected us to wait for this guy?,0
one second please,0
we dont give a [MASK_C],0
their line up is smart,0
"0,( =,(",0
sorry na,0
the feeds,0
oh goddddddddddddddddddddddddddddddd hes gotta have a buddy or he cant hook rip,0
:d,0
i can kill u like a [MASK_C],1
hah,0
cuz ur a [MASK_B],0
wtf ?,0
tard you don't wait gondar,0
virgin,0
w8,0
rofl my spelling :D,0
doom need educated about dota2 not wp bro,0
g,0
tinker pro,0
account buying is a problem in dota :(,1
bb,0
tusk switch plz,0
VIVA PERU!,1
gg,0
i have no idea what this team is doing,1
?,0
2015 tinker cant keep a stable connection,0
Aw,0
AHAHA GG WP,0
if i were u,0
u play agaisntt alche,0
report wr pls,0
yes go pick doom all time pick doom use ulti after unn runnn run forest run idiot hero,1
lol hahahahaa,0
GG,0
that bash,0
Ez ez,1
gl hf,0
good game well played,0
just tell him use brain and he can move,1
lol,0
gg,0
how we all doing?,0
ez,1
WINDE AND ShADOW WINNER TOP? JOJOJOJOJOJOJOJOJO JOJOJOJOJOJO ÇJOJOJOJOJOJOJ,0
G,0
3 muted,0
fast 20 min win and [MASK_D],1
XD,0
;D,0
?,0
haha,0
ofc,0
:(,0
gg,0
i will not wait,0
yo ar,0
idiot bobo mid,1
makes me sick,0
this game...,0
g,0
lion,0
hahahhahahha,0
i beg u guys pls,0
i am,0
i'm a monkey,0
gg,0
no ones gonna wanna know about a 2.6k stomp,0
gg,0
gg,0
are you proud of being riki?,0
dont pause he'll back,0
lLlO.OLll ooooooooooooo,0
? PERUANETIRAR,1
IDIOT,1
too ez get raped by frenchie shame,1
"lol, is that ulti?",0
well done,0
thanks for abandoning bot lane,0
u,0
Gg wp. nice quad mid was legit,0
wow,0
what is that,0
DEF OK REPORT,0
ebat' ti batya urod,0
We [MASK_A] waited you,1
It's lonely as a support,0
report please,0
wow,0
?,0
axe when will you be a tank?,0
ROFL OUTPICK?,0
WP PA,0
wahaha,0
didnt calculate mana,0
How are you guys today? ,0
thist eam is this [MASK_D] ranked?,1
cunts,1
actually though omg,0
pls dont defend ok now we at roshan pls end,0
gg,0
0 3,1
oh he said hell be back?,0
spoil my tatctis the most,0
sorry you could play league,0
np,0
gg kids,1
LOL,0
:DDDDDDDDDDDDDDDDDDDDDDDDDDDDDDD,0
golbal team FTW 4 trash party,1
nice intro,0
ez,1
not the first time he did that cm trolling,1
magnus dont get mad at me,0
hahaha meet lvl 6 ;),0
TOLD YOU,0
gg,0
yes,0
should get bonus mmr for 4v5,0
#preach,0
Ok,0
Ggwp,0
[MASK_C] happens,1
this ember trash,1
1-8?? see ur play lol not score,1
how does rmk rule work,0
COMMEND me,0
JOJOJOJOJ,0
okay kiss your [MASK_C],1
gg,0
hp? techies wtf? :D,0
1 second and you unpaused,0
dont go to scool haha,0
adn feed,0
hahahahaha,0
hey treant,0
report Pugna,0
5x mute easy,0
haha,0
then delete dota,1
Alg John Its been a long day without pudge my friend,0
the hood be commin',0
...,0
noob supports,1
haha,0
X XD,0
report wr,0
if u want mmr u have to come and take them,0
Snip back,0
Ez,1
ez 2ez,1
PING!!!,0
hear your song that killed more teamates than enemies,0
GG,0
[MASK_D],1
gg commend,0
COOL ULT,0
party duo picks supports doesn't know how to pul feeds beastmaster levels goes away like they won the lane,0
there is no still we r playing 51 mins atm,0
hes toxic,0
come here,0
plz,0
wahaha,0
literally 300,0
l,0
U ALL [MASK_A],1
5-12 and speaks,1
hey take abreak,0
ez? 4-2-4 ez xD,1
gg wp,0
Reconnecting,0
eating popcorn w8,0
E Ez,1
thanks for waiting,0
THATS DUMB,0
lol?,0
WHOW\,0
haha,0
reported,0
hhh,0
haha void midas haha,0
He come w8 plz,0
WP,0
them n odust no wrrou,0
"55 minute, you finally got some farm lelz",1
w8 fuckers,1
wait,0
gg,0
lame game,0
hAHA,0
hahaha,0
so slow,0
u do their health in damage their ehp,0
2V8,0
gg,0
always escape the [MASK_C] ahaha,0
gg,0
LOL doomed ?,0
haha,0
gg,0
:D,0
sf 36 min no bkb all repport this [MASK_C],1
i report dazzle and slarder,0
...,0
end fast,0
cant stump the trump,0
whose,0
all kills killsteals,0
he will have 500 ms,0
GG WP,0
the staff,0
gg gg team,0
need bkb,0
>_<,0
kek,0
report bs pls,0
team DC shud be ur tag,0
ggwp,0
zz baby heroes,0
:D,0
my stats have some problem to u Ursa?,0
GG noob,1
radiant do urselves a favour mute blue awful player,0
gg,0
ahahahaha,0
lmfaofmowemfoawemof,0
doesnt mean it goes away xD,0
no wards fool,0
stays 4k,1
no fare gaming lol noob,1
no rampage,0
dont give a [MASK_C] about useless pointless coins,1
i love you guys,0
wtf,0
see ?,0
commend u puck? for feeding offlane?,1
izi? wk carried u,0
crying little [MASK_D] i go afk beeeeeee,1
why u talk,0
does your team have heaps ping,0
GHAHA,0
my gf`s here,0
w8,0
we need one chance,0
G,0
you say sickening,1
lel,0
nice try buddy =D,0
PRO HOOK,0
lol,0
Gl ),0
Neah man,0
its am you know :) jk,0
:P,0
Now he will feed,0
if u want,0
oh i got fb wtf,0
cant do anything in thsi game so gotta pick a hero you can do everything wrong with?,1
die back,0
GG commend me ty,0
RIP EHCO COMEBACK IS REAL? T_T,0
y am i [MASK_B],0
he's back,0
ty,0
yea,0
ez enchant,1
vroom vroom,0
???.,0
[MASK_B] boring though,1
gg wp,0
god must kill the noob player,1
you guys can finish this [MASK_D] quickly please,1
4vs4,0
ez,1
i commended,0
JOJOJOJO,0
sorry aw,0
hes pro itscool,0
nice mana burn,0
WELL PLAYED GREAT meduza do you think furion will kill you in late ?,0
basura,0
because you die,0
report :),0
haha,0
plz wait for our mighty leader,0
4\4 wards,0
ggwp,0
he die dude,0
u retard?,1
yea,0
so stupid qop,1
nice gg,0
end,0
pls solo reportenlo.,0
nboob noob fk u dieback hahaha gg,1
[MASK_A] me off slark is a stupid [MASK_B],1
dat was nice swap any way,0
??,0
fk valve,0
so while im dead do you guys wanna scrim after this? regardless of result,0
not rat doto bro,0
he had to walrus punch his dog,0
gg,0
u deserve 2k,1
hah,0
lol trash game es Ez,1
?,0
gg ez,1
gg wp what a joke of a team,1
DA DA,0
lawl,0
konek pain,0
AMAZING DOTO,0
[MASK_D] cm -_-,1
HAHA,0
lol this team so bad,0
ez mid noob [MASK_B] tA,1
gg,0
worth it,1
[MASK_D] invoke,1
report this grieving alc,1
Aw,0
syr ogre it was for warlock all his fault gl and have fun all,0
you too,0
wiat,0
w,0
oh sorry,0
2k kunkka lol,1
,0
you should have smoked more to help LC she would have gotten so much dmg but instead you guys played reactively which is bad LC and I are similar in the respect that we earn something from kills i get int and she gets direct dmg thats why my team smoked,0
for your mom,1
end,0
wp m y t e a m,0
gg,0
please report sf,0
LAGGING,0
buy back? noob wr,1
ggwp,0
come and kill me here,0
wait,0
are we talking about tree or np?,0
wanna be indeed,0
gg pls,0
yeahj thats me,0
gg,0
"greaaaaaaat ga,e rly gfun thx venge report",0
?,0
suicide,0
i dont care,0
[MASK_D] ping 89 gg,1
wtf,1
Good luck If Slark doesnt [MASK_D] his pounce Then you're dead,0
wait,0
hahaha,0
no,0
gg,0
GO AND DIE IN A HOLE,0
a ti daun juggeru 1x1?,0
nice duel,0
1 sec,0
team?,0
when you kill me why talking with me,0
need ur bby grill to sup? dotka is 1v1 game wew lad,0
ups wr i mean <3,0
jdem,0
ggsf sf shuld leave dota sf ggwp agies and rubing backwards,0
cap feeling pro ?,0
report this fucker,1
haha,0
fcking pause la,1
but PL laughed at me just now...,0
hah let qop being a joke guys common,0
hahahaha galet,0
joke sf learn to 1v1 u wan 2v1 go play LoL,1
gg wo <3,0
:D,0
thx,0
mad cuz bad,0
die u little [MASK_D],1
Gg wp,0
worth,0
lol,0
GG,0
gg,0
fat puj xD,0
d [MASK_B],1
wp,0
pls 1 min,0
spell immunity? idaf,0
ggwp noobs commend pls,1
REPORT SNIPER PLIS,0
well they said :d that they restart because we w8 anyway :d,0
GGWP,0
[MASK_D] creeps,1
what wtf,0
lol wp,0
its day u [MASK_C],1
p,0
:d [MASK_C] my dusa,1
no tp,0
sige pudge push hahahaha,0
I,0
lol,0
ez,1
they are planing to gang us care,0
chase [MASK_D] omni while repel is on him and dazzle behind ,1
GG,0
low people,0
best sun strike ever,0
lolll,0
oh well cant win this,0
lol,0
yea,0
YOU THINK YOU CAN [MASK_B] STOP ME?,1
gg,0
ty ty,0
???,0
Like,0
no ty,0
ggwp 5v4 ok,0
[MASK_B],1
he is in main menu,0
zenokaia is an artist,0
lolz,0
All you managed to do was die and waste time.,0
LOL,0
silencio supportado,0
asquerosa rata,0
yes report this [MASK_B] chen,1
pudge?,0
pulling is bad this sven is so funny,0
slark ty for silver edge,0
shiet bad luck,0
report pa pls,0
[MASK_D],1
haiz,0
:),0
spa ceba,0
Gg am pagaram quanto p ele?,0
and?4,0
PAPER LOL,0
2k,1
says wr picker,0
its d end,0
YES,0
but i dont resume,0
?,0
gg,0
SHUT UP WE DONT WIAT ?,1
this tony is 2 much for me is [MASK_D] mongol,0
Ea,0
lol,0
qop give me int come mid,0
?,0
i dont believe u,0
took you long enough,0
Srsly,0
report ta,0
u mean donkey [MASK_B]? our donkey [MASK_A]?,1
You probaly gonna lose to sepctre just feed mid,1
WTF,0
funny how quiet you are,1
best zues,0
where the [MASK_C] is centaur LOL let us observe ? he is top xD,1
backpack,0
fly,0
2-8 is love?,1
ggwp you deserve to win,0
comend me,0
"alt+tab 2 min, pls np",0
le'ts post it there,0
ty for mmr,0
COMMEND ME,0
sorry ma bro,0
lol,0
recommend me too,0
commend me,0
)(,0
hahaha so thats why you guys are having a hard time in early,0
dont blame doom dude :) pudge and blood really ?,0
dk?,0
lol,0
bye,0
sec pleasE?,0
u are 14 what [MASK_C]?,1
that accidental aegis take tho,0
he starting to blame me lol,1
GGWP,0
gg,0
more luck pls,0
[MASK_A] you :),1
WOW,0
？,0
dont let anyone take storm's mid next time,0
LOL,0
wp jugg :)),0
sure go mid with bh ¯\_(ツ)_/¯,0
WAHAHHAHA,0
see dude,0
nice noobnaut,1
lul,0
my supports [MASK_A],1
comend,0
are you taking notes this is how you play pheonix Like that ez?,1
ez mid 2,1
GG WP,0
ez,1
gg,0
yea,0
not again,0
ezpz,0
yea m sad,0
cm u [MASK_B],1
alc is a 5.5k alc mid,0
Thk,0
./. necro,0
OW EZ,1
apa weh weh,0
ok,0
later\ OOPS,0
isnt that sad,0
haters,0
[MASK_D],1
qartveli xart vinme ?,0
[MASK_C] for him then,1
?,0
haha,0
haha,0
Can vlve stop givin this imbecle to my team,0
gg,0
he told me to [MASK_B] him,1
loool,0
thought he wont back,0
gg,0
lol,0
3 of us have pl muted btw :D gl hf,0
IZI IZI GAME,1
yes play with this TINKER AND BH,0
come,0
dota wtf,0
damn it,1
Very ez :v,1
"I think you should pry your 'r' key off the keyboard, lc.",0
[MASK_D],1
hihhiihi,0
gg wp,0
 tfw 10 min disconnect  tfw viper lies ,0
?,0
liomn,0
gg,0
i carry the game with warlock easy 9 min aga i gonna destroy all,0
D:,0
HHEHE,0
Report Axe btw,0
thought he raged quit,0
just come down to offalne if you dare,0
probably had nothing to do with my supporting lasthitting waves with glaives :D report wr LMAO Classic dota 2,0
I WANT TO STEAL,0
[MASK_D] stupid team,1
IDIOTS,1
sad,0
no brakes on the [MASK_D] train,1
hahaha,0
LOL,0
am pro,0
29 28 27 26 25 24,0
commend us,0
fck u ww u fckng idiot noob Brainless,1
throw lol,0
typical 1k mmr so ez to bait sry wrong chat,1
that comeback,0
yeah lol,0
SECXY!!!,0
fun dotka !,0
[MASK_A] FROST [MASK_D],1
y pause?,0
report me plz ty i don't want see you,0
that last hit also,0
bloody hell,0
Commend wr for chat abuse,0
20 million heroes goes for me gg wp,0
rage quit gg,1
KEK Rofl,0
dude,0
wp,0
mvp ulti,0
gg wp,0
EZ,1
gg,0
carry always buys wards,0
ggwp,0
lo,0
why?,0
Gg wp,0
cancer? we have ember ahha,0
REPORT MI TEAM REPORT TODO MI TEAM BURRO ANIMALES D MIERDA,0
riki .|.,0
no cold snap,0
ez mid,1
SAD 0-5 0-4,1
no I was jk just had a good game lol that was miracle-'s twitch from monkey business,0
LOL,0
gg mariksç,0
:D Ahah,0
60 mins ez? LOL,1
tell that to PA unpause,0
haha he s :D just a game relax,0
yy report lion thanks,0
yes,0
lol,0
RIP 3k MMR,0
topo,0
gg retarded team tiny eus lc scepter,1
this team qop get fb and bounty,0
nice fishnet,0
^^,0
COME DONT BE SHY,0
"2k mmr but, play like 4k GG",0
AHAHAH,0
Why do u just kill me like that mr 6k mmr u done me dirty homeboy,0
peenoise,0
"this a, am",0
report ns and jakiro epic russian stack,0
:^),0
come please Haha,0
haha,0
no fu,1
lol,0
hey mean,0
36 seconds more,0
play 1 hero 1 role only 1,0
:(,0
+,0
where is he,0
i hate this mmr so much,1
[MASK_C] you,1
really want mmr that bad guys? so sad for you :(,0
phah,0
sure? wait me lcvl 6 then will more ez for u,1
ty,0
almost same :),0
happy birthday,0
cose you [MASK_B],0
DIE [MASK_B],1
omg,0
wannabve alche wannabe,0
rofl lmao,1
ez ragequit,1
haha,0
lol,0
report all this clock pls afk,0
i think we would win this 4v5,0
AHAHA,0
shh noob,1
yea kinda are? but you got rekt mid,0
glhf,0
gg,0
all feeling carry,0
lol,0
Yo pduge you re a fucknig retarded [MASK_A],1
LOL! BYEE LOL BARA HAHAHAHA ROFL OMG,0
nice combo :D,0
wp tim carri,0
and a big [MASK_C],1
gg Aa ult,0
LOL,0
WHAHAHAHAHa TANGA KA,0
como essa templar caga mds,0
another and another 1 min till he gets bk?,0
ALL THE THINGS,0
peru sf > every thing,1
almost ns,0
haha wew,0
[MASK_C] you nature,1
"y ez top, too bad we had this afk idiot",1
fake,0
glhf!,0
wtf,0
zzz,0
Good guy jug,0
is it even legal to lose a viper lane,0
:D,0
dun cocky,0
gg,0
#just3kthinggs,0
88,0
GG,0
hahah,0
4 vs 5,0
end mid,0
GG GG what u said vlad?? ??,0
by herself all the time ulti when you looking other way,0
tx,0
ggwp end,0
gg,0
lol,0
but I hid,0
sry,0
measure ur words cuz i might smash ur head when i meet u,0
low hp,0
ty,0
alch buy me aghs,0
? ur alch is all chatting,0
nope,0
press R pls,0
u hate em as much as me,0
sikerlerrrrrrrrrrrrrrrrrrrrrrrr,0
gg,0
weak mid,0
wtf,0
lol yea im not good,0
gg,0
LOL,0
end,0
this meepo why so happy?,0
?,0
[MASK_A],1
IDIOT,1
can i restart? will you remain paused?,0
zzz wrong turn,0
Ez mmr,1
blame time?,0
like ugh my team is holding me back,0
ikr,0
[MASK_A] to do? wooden pc? dota 2 is the game for you,1
safelane pudge lol,0
JOJOJOJOJOJ,0
haha,0
ggwp,0
2k*,1
pls wait for jug. cheers,0
[MASK_B] u wr [MASK_A],1
how does opening your door going to dc you?,0
mirana d mrd,0
EZ ez game BLINK ES,1
dayuuuuuuuuuuuuuuuuuuuuuuuuum,0
AHAHAHAHAHAHAHA AHAHAHAHAHAHAHAH,0
tech 8-7... you 6-9,0
yeah huskar countered spectre,0
Crafty wd,0
? gg,0
only have scepter hey dude shut up,0
nice vinter curse pass bkb gg volvo,0
for you :(,0
LOL butthurt LOL,0
wow sf deso,0
he will put a 4 G,0
i'm captain you know,0
lol you're so bad,1
ez mmr,1
f,0
g sry sry no more,0
ok g,0
o well report qop please,0
enigma he is above u,0
REPORT CLINKZ,0
plz can u report naga tinker and drow for being [MASK_D] morons,0
Such a good game :D,0
im pro am too :D,0
Clockwerk is close to 3.,0
LOL,0
w8 ./. kid w8,1
0v5,0
cannot leh sure die,0
god ur trash,1
wp,0
ill rpeort sladar and wind,0
i like the vanguard,0
1 sec door,0
LOL,0
gg,0
[MASK_D] viper,1
zones,0
commend me ofc :D,0
he will combak???,0
noob,1
clock noob,1
GG Woooooooo 23 souls requim,0
End hahaha,0
Na,0
i think you're mad Yup,1
classic spacecow,0
nah u guys are 4k,1
wehw,0
=D okay gl next,0
best carries world,0
wew AW,0
gl hf,0
who? noob am?,1
cunts,1
rofl,0
me w8 to u,0
normal everyday 3k,0
THIS IS GG IMJUST [MASK_A] AROUND,1
nice game :),0
WIN RAKI NE DAYT WIN ))) NA PA,0
nice blameee i like it,0
LOL,0
what a joke,0
genius,0
ok,0
report invoker,0
Good feed by wr mid :D No he's [MASK_B] You won the the game rather than am I dont think am did anything this game rofl,1
FUN GAME,0
ultra scrub jugg and tb finish mid,0
?,0
yy,0
lol,0
report ta,0
STUN STUN STUN STUN,0
:)) no lift,0
This is why i hate playing with peenoise,0
MERRY CHRISTMAS,0
okey,0
cumbak,1
too ez,1
LOL,0
(,0
wrap it up kids,0
lol,0
:),0
HAHA,0
Report sf ty i give all 10$ item,1
GOGOGO,0
Gg,0
ez ez,1
end,0
retarded piece of shits,1
gg,0
ez,1
ty,0
:D She did well mid tho,0
Great ult,0
?,0
the bait xD NO NÖ NO WAY!!!! .................,0
yeah gg,0
dumb [MASK_C] peruvians,1
bl bro,0
love me,0
dota will be an olympics sport by 2020,0
finish it please,0
gg,0
tired sup this kind carry,0
+,0
cc?,0
hahhahha,0
too much talks,0
without lion hahahha,0
=)) bi bat',0
report drow,0
id be angry in his position as well,0
becoz of me :),0
its me sir :),0
end,0
u told 2 min ?,0
haha,0
XD,0
id like to thank ww,0
hahahaha,0
ez,1
boom,0
glfu,0
hahaha,0
wtf wood,0
what say pa/?,0
alrite,0
50 min only [MASK_D] items,1
ez top idiot,1
GG,0
why? dont gg out I am game ruiner,0
cm for president,0
gg,0
aahaha,0
Why?,0
haha,0
gl hf,0
DR damage :D,0
idiot [MASK_B],1
EZ mid,1
I did something !!!!!,0
GFG,0
[MASK_A] it,1
^,0
you are too good spectre,0
:,0
cats on fire?,0
yeah why?,0
buddy you are badf,1
wtf i cant wait,0
pusi ga,0
welcome,0
Qop cheat Doom [MASK_C],1
is there good man without good heart? how come?,0
i aware of it,0
lel,0
worth i guess,0
gg,0
and lost us the game,0
love naga suport,0
hahahaha,0
ALL MAP WARD,0
gj es and wr gj russian idiots focusings tide,1
hahaah draw,0
gg,0
cabros,0
may i remind you of all those unpauses,0
u go leave?,0
lol,0
wahah np,0
bg wp,0
hope this will be too :D just a mom :D,1
miss last hits for dneis,0
which is suppose to be your game dumbass :),0
report clinkz please,0
lol,0
jajaja pusher ajo,0
road to 5k,0
wp wr almost got me,0
for [MASK_C] abuse,1
i thought it be over in 25 minutes,0
wp guys,0
WP,0
ez lol,1
2,0
TEAM WIPE,0
And yours is about as autistic as you are.,0
crashed hes coming joining the game :),0
haha,0
idk bro seems risky,0
liar HE'S NOT COMING BACK,0
SUP CM,0
"No doubt Spit on peeps, go invis n bounce",0
I DIED TO BOUNCES ON CREREPS? EWTD,0
.... hes gone,0
Wtf why are u guys playing like pussies,1
gg wp,0
go win thus game dont talk to much,0
dw i alrady did,0
mute this alc,0
sure more?,0
gg,0
want me? lol,0
fail buying fuckl my money,1
EZ,1
ok,0
)) reported pudge,1
hahaha,0
5v5 rs pit leggo tp bot all everyone,0
ggwp,0
hahahha,0
run away is good idea ^^,0
look at the score diff of mid,0
KA BOOOOM,0
^^,0
that all you can say [MASK_C]? this is how u play pheonix pick clinkz try counterpick,0
wp,0
random drop...,0
idiot magnus,1
me gusta el slarkino,0
Ez mmr :),1
Wp Useless tard,0
bye],0
u haven't been useful at all just flaming people all game long bad game,0
dont predict idiot [MASK_C] radiant,1
Gg wp,0
dota is really hard when its 3v7,0
it is not hero in this game,0
he learned it well ggwp,0
oyoyoy,0
yeahhh ithought u will dead af not enough damage fisure,0
lion support ( tranquil ),0
pfft,0
.qw3kje kowqnheui49jqwmke yqakmsd fvbr2uwieoakf8u49gjirufjnghyju3iuwjfmg h4ijuwiksdfuyiMuyijamjy879ialnbyhabhgl;gnholb,0
))),0
pls fair,0
ggwp,0
THX FOR THROW,0
lol,0
all about hte majors tomorrow unknown vs VG,0
haha,0
ahh yes the jokes,0
),0
[MASK_D] TEAM WANT FARM 247,1
rq?,0
comdy carry,0
thanks russia,1
gg,0
gg,0
if only,0
he calling it in spanish 'p,1
y,0
ez botlane?,1
tards english,1
ez? u always died,1
zeus your ulti cus my d2 to crash,0
lol rngesus,0
this is solo mmr :)),0
what?,0
easy.,0
gg,0
wow kms,0
3 feeders gg,0
why pick 4 carries,0
lol,0
10 yah [MASK_D],1
aw almost,0
only if you come as 5,0
"? Ez ,od mid",1
KITE,0
Wtf,0
gg,0
lol feed?,1
free mmr,0
gg sf ocatarine alch is the new meta too stronk see?,0
ne contrita,0
gege,0
THANKS FOR FREE MMR,0
nah probsn ot,0
report sniper ty,0
would've delayed the inevtable,0
"same as viper,he panics and doesnt know which one to dagon first",0
lol ezz,0
lol,0
you dont let me farm for DR okeyyy,0
yA BCAUSE OF UR NAME,0
2 games in a row fucked by him,1
yes no pause,0
gg,0
well invoker said he can mid HAHA,0
¡?¡?,0
D: i just wanted,0
GG,0
GG,0
lol slark 2.4k,0
END GUYS,0
g,0
really report invoker and commend the morons i have in grp ?,1
ez bait,1
add him freind of yours jugg?,0
CLOACK,0
B ' B' ' b ' its hard for him,0
gj,0
i was aloone,0
u spam 1st skill on tiny idiot,1
ggwp,0
4head,0
why?,0
[MASK_D] u,1
gg,0
Hphhp,0
g,0
nah,0
ggwp,0
lmao,0
cumback,1
end plz,0
klool,0
you play or?,0
lucky,0
gg :) God bless.,0
g g,0
GG,0
gg,0
),0
nice pause,0
gg,0
wr,0
he needs farm,0
gayish doom picker,1
NOOB ENEMY,1
worse slark ever,1
ty,0
gg wp,0
[MASK_D] this game,1
ty,0
tards here wp,0
44455,0
see hes still offline,0
XD,0
the sven talking,0
commend ty NotLikeThis,1
report them pls,0
[MASK_A] off,1
commend me,0
yes yes miss clicked f9 XDd,0
NOOB easy mider,1
my farm [MASK_B] i know dp,1
:D,0
pinoy noob,1
fact,0
Wrekt,0
i mean there's really nothing to do it's what happens when gyro afks for 20 min,0
:( slojno,0
WHAT KIND OF JOKE IS THAT?,0
slow,0
SO MANY?,0
ok,0
haha,0
Wp ;D Invok,0
?,0
nice rapier,0
realy?,0
0-9 alche mid,1
ya,0
i love this life love u life,0
mumbarak,0
he have problem guys pls w8,0
stop tryharding lina,0
hahhaha,0
in game,0
game,0
ikr,0
haha,0
pls keep sandstorming mid lane,0
Lol gg noobs easy,1
so we're gonna wait until tomorrow,0
gg,0
pudge,0
Pro last picker ever. GG FV,0
teaching,0
*sereuse,0
ye,0
im a [MASK_A] apperently,1
yea like aghs XD,0
just do it!!!!!!,0
u know mad man ?,0
Epic WR riki,0
i know how to count,0
gg wp- all please report ember lets not have him in the next game,0
TF,0
and u pro magina ?,0
lol,0
haha,0
u are aware im having 4 12.,1
THEY CRY,1
ikr,0
maybe i let am do wardinmg job...,0
noob dire,1
dont blame him hes noob,1
wp,0
nice ult,0
good choise wk good one,0
he said put tank in a mall,0
commend me ::),0
nc game,0
;),0
we know,0
LOL,0
gg,0
report oracle ksing xD,0
before abbandon,0
HAHAHA,0
add him T> TB aracana,0
i play with u b4,0
wp NO IF U DIDNT DO THAT CLOCK it's always u i bet u fuckign have a crush on satan following sf around and killing him like this am I right?,1
fg g,0
im gonna be a good boy and not fountain hook :D,0
na we all knew what u wanted,0
ez,0
aways murmuring slark ks lord noob,1
?,0
es you lie to me,0
Swan,0
and lost 2,0
Fuckyou too :) Fair?,1
lmao,0
haha,0
did this alch really go sb? lol,0
kk,0
:D,0
im begging,0
OLEG,0
luna jungle is legit,0
gg,0
lol,0
drow,0
sniper,0
lolwut,0
ouch,0
enjoy your 420 day ban,0
OCMON! waste of time,0
a slutty rock,0
hey wd i was that [MASK_A] TA,1
1 vs 1,0
end it finally,0
"ez mid, said sf",1
gg wp,0
Not a russian server,1
Am reported,1
pick pick techies,0
wait for count down,0
hey clock i love you,0
:D,0
damn noisy,0
Ez game,1
:D u love my [MASK_C]?',1
ye it was not,0
nice one sf lucky [MASK_D],0
why you so rich,0
when did i have fun playing dota.... i forgot,0
whatever,0
gg,0
"plz, stop stop trash talking",0
?,0
IM PRO,0
they shoukld delete lol its for noobs,1
damn,0
Tping out,0
[MASK_D] U KINKAA,1
report wr wants dual mid gg,0
gracias,0
you lost anyways,0
HEY WE ALREADY WAIT U WAIT THIS SLARDAR NOW WTF ARE U DOING?,1
WOW,0
EZ RETARDS,1
ff plz ez,1
this sk so cancer hahahaha,1
another great suppor,0
then im 10 sec shorer,0
players*,0
:*,0
quit aba never look back trash,1
ROFL,0
could you stop,0
no point in illuminate,0
gg,0
wp jugg,0
XD,0
have unplayabel laggs,0
1 mother fucker donnt B happy he will ply with u next gamne B sure,1
ez game ez life,1
ggwp haha,0
k ragequit,1
same,0
so noob this trx,1
Told ya,0
iw as guna try it klast time too,0
AWw AWWW,0
pls dont blame me,0
[MASK_A] yourself,1
GG,0
fu gg,0
legion all time farm in your jungle fuking noob,1
not if there is a lc making space for you,0
Dazzle killed u,0
olé,0
?,0
:o,0
?,0
report weaver,0
i did it invoker hahahaah,0
b,0
free,0
tnx men,0
and doing nothing,0
hes gone,0
wait,0
gg,0
ggwp,0
rofl ez son,1
HAHAAH can we end already,0
NICE PUDGE [MASK_C],1
[MASK_B] hole,1
check my account,0
ggwp,0
Hahah,0
:P say thanks for the save invo,0
fcj,1
report void for going necro,0
we are rip Game is kill,0
we [MASK_B] won,1
you got me bois it was worth it dunno what did i do to you,0
I see,0
ez inv,1
LOL,0
wp magnus,0
GG KID,1
k,0
jajajajaja,0
Ggwp,0
lel,0
wtf guys realy,0
NOPE,0
p game ?,0
kappa!,0
Hahaha,0
lol,0
no ending,0
best SF,0
cant do it,0
,0
fingered hard,0
i'm your yellow player,0
Lol,0
? its gonna be,0
WP,0
Wait mag pls,0
ty,0
ty,0
nice random,0
:> es what is tha plan,0
gg,0
no the lag is real wow,0
easiest 1v1 top of ur life,0
wtf is that feel like hit wall,0
am,0
SEND THE COURIER,0
gg,0
topo,0
its always u i am commending u idc what any one says u and slark r getting commended,0
sorry pc just shuit down,0
the mind games,0
haha,0
gg,0
lol,0
i tot ancient ==,0
we play safe all not aggresive plays,0
4k6?,0
easiest game of my life,1
gg,0
?,0
he`s don`t so important guys d0 :D be true,0
i love how this team was telling me to relax that we won this,0
didnt even saw u,0
gg wp,0
MANTA CUMING,0
EZ EZ,1
GG wez,0
haha,0
only talk,0
We like rn ahaha we want rm ahaha,0
easy mid,0
"to be fair, bane does counter abba pretty hard boom baby",1
report him if he doesnt come bcak,0
wp tiny,0
Ikr REkt,0
nice,0
veno uninstalld ota [MASK_D],1
you [MASK_C] mind,1
ez peru,1
haha,0
SEc please Srg SUTRALIAN ITNERNET WOO,0
wtf heal bs :D,0
"i WAS LVL 11 WHEN YOUR STRONGER HERO, MIRA, WAS 9 IMAGINE ALL THE PEOPLE JOHN LENNON PEACE AND LOST TO ALL DOTA ZEROS",0
"mad? are you mad, son",1
7 6,0
gg wp,0
i [MASK_A] really,1
but team wanna [MASK_A] me,1
"Reported tide, didnt send picks of [MASK_D]",1
please def,0
yeah nice butterfly,0
didnt have one sided game in a while? we dont play same game,0
jajajajaj,0
ggwp,0
oh,0
5v4,0
end fast,0
lion you can leave now,0
stfu brood nobody speaks with last pick brood,1
RAT DOTA LOL,0
report pls undiyng,0
this druid doesn't give items to bear what a great sylla,0
well at least you're trying,0
report him,0
gg,0
cai dm than kinh ak,0
gg,0
gg,0
GG,0
whwere u frduikfaimcl lion,0
i thought u were stacked with him ,0
THAT LEGION :DDDDDDDDDDDDDDDDDDDDDDDD :DDDDDDDDDDDDDDDDDDD Running doing nothing,0
?WHO?,0
EZ,1
no one will rekt rekt,0
rofl ROFL,0
"Profile is private And heard that often enough But hes here, fine now",0
our captain random pick,0
lool,0
eziest game DOOM [MASK_A] U EZ,1
HOW YOU IN 2015 PICKET COTL MID,0
ff my team is very-very bad [MASK_C] retards,1
Gege,0
alch spammer too good,0
and u stole my hero,0
haha,0
lol wk,0
lol,0
6.2k is wear,0
rapemid incoming he said,1
gg,0
It's Jessica the Feminazi!,0
Eh I fell behind a bit,0
THEY SAID ALCHEMIST PICK AUTO WIN,0
u retards spent all game chasinbg me down trying to gank,1
im strong!!! RAWR,0
raged,0
gg,0
rus doom,0
WK is in your forest guys!,0
u too :),0
lol,0
rep my team,0
gg,0
:D,0
JOIN,0
GG,0
tower created,0
they have probleme,0
i will write an article about the greatest SF of all time,0
ezz mid,1
RIP,0
gtf rat,0
kill me pls,1
yummy?,0
dont mess with mirana,0
gl next,0
EZ MMR 4 U GUYZ,1
XD fail [MASK_C] -.-,0
the range israel,0
u diff me 1st and smoke after,0
YOU HOPPING ??,0
Help guys my daedalus doesnt build up BUG ?: D,0
how long?,0
gg,0
haha cheeky [MASK_A],1
xD,0
in short common idiots,1
Bat So whats the plan do we end or what bat u [MASK_D] LIER,1
let's wait buy back to dead? when Jugg got MKB?,0
w8,0
haha,0
gg,0
surprised u didnt rq last game omni lol,0
no q just let him walk away u fuckingf [MASK_C] [MASK_B],1
because u r crying,0
so long [MASK_C],0
gg,0
Ez top,1
fug,0
ohhh,0
hood of defiance and glimmer woww : :D,0
gl hf,0
?,0
just crying,0
apparently the tower is retarded,1
NOT TODAY,0
esa legion ni su bota completa,0
way to [MASK_D] throw the game,1
[MASK_C] [MASK_C],1
u are gonna die,0
he us new,0
wtf! lol,0
GG,0
Ez ta,1
ez bot,1
LOL,0
for this [MASK_B],1
appaK,0
that was skill man,0
I thought game was going well until I realized sf is an accountbuyer xD,0
dont be so rude guys,0
"u can put me to rest but I will forever respawn shadowfriend666 is eternal well, I guess so is every other hero but... em... idk",0
he was waiting till i died to use it,0
Aw,0
so ill buy whatver,0
gg wp,0
gg,0
yes it was easy,0
ultra was near,0
I am drunk,0
why pause?,0
how u want us to wait with a fucker like u speaking,1
if everyone just [MASK_C] calms the [MASK_C] down and tries to win life would be so much better,0
.exe It crashed,0
slark ur pretty boring go for someone else you braindead tard,0
report pudge,0
haha riki :D,0
ur definitely FUCKIKGN AWFUIL,1
report riki,0
WOW 2 ULTIS,0
ggwp,0
HAHAHA EZ GAME EZ PTS,1
GGWP,0
Gg Wp :D,0
out played,0
lol,0
zzzzz,0
haha,0
he is goiod,0
g rosh and end,0
[MASK_D],1
NO,0
he got face fucked by bara and sky roaming,1
no misses what is life,0
took our first tower before our first kill this is a shambles,0
i stole ur farm :),0
LO,0
yea this is SEA server,0
ya,0
HAPPY DEF,0
bl bl,0
kill yourself,1
NO PLEASE,0
w8,0
pick sf doom gyro?,0
ggwp,0
ROLFH,0
Zzzzzzz,0
wait,0
wat was he saying?,0
Ez ihihih,1
wk is teaching classes if ur interested,0
so sad :(,0
we 2k ....finally win a [MASK_B] 4k ?,1
gg,0
yo flarex whereare you is he raging?,0
focus doom plz ok astart stral not hex,0
25% ?'??,0
ddos,0
COMMEND ME,0
idk maybe? :D,0
DECENT INVOKER? HE STOODS THERE INVIS,0
blabla,0
ggwo end Pls,0
wait for bara,0
close gaem,0
U REMEMBER? WHAT I TOLD U KNIFE+TOILET+TEARS,0
like our np roam did anything sniped,0
noob,0
fukcing necroo,1
GG,0
still farming that biotch,1
GGWP,0
he give up,0
WB!,0
throne means everything,0
G thanks,0
report doom,0
we are not lose ^^,0
NICE I WILL COMMEND,0
ez,1
gl gl,0
ez,1
Rage quit game,0
"really? wanna give m,e fat?",0
commended team,0
he is noob drow,1
WP,0
GeGe,0
wp,0
u.u,0
wtf,0
gg wp,0
WP,0
GG,0
GL,0
wr wtf,0
Ty LOL LOL haha,0
DECENT?,0
thanks,0
dat bash,0
ty,0
skatin on some thin ice,0
anyone here from the east coast?,0
lol,0
So much russian,1
but am and np have to ruin it,0
plus 18 thanks for the damage,0
rage my [MASK_A],1
bat > cores with bad positioning,0
easy,1
report,0
cant bak home?,0
LOL VOid,0
he has 5 mis mins,0
she hate herself she hate noob lol,1
OK,0
Lol,0
report bane pls lh,0
for us it was,0
[MASK_C] you,1
Thanks for the game,0
ok Me too I stun At random place. i love my carries AGAIN,0
lol,0
trapping me in my own warsd thats dirty but pretty cool lol,1
?,0
WTf,0
EZ EZ EZ EZ FAIL MID,1
when retards want to carry = GG =),1
blink please,0
gg,0
u also wait for 5 mins,0
end it you siting base 60 min can you end now,0
12 x 2.54 retarded,1
report mirana,0
that snipe iimmma aim u mother of [MASK_D],1
cheers,0
y!,0
report pudge feeder pls,0
dont fking def.. we couild have gone t2 by t2..,1
all kamikaze,0
wp cm and ww,0
lol,0
wow that stun lock,0
^^,0
ez game,1
waot wait,0
its a trap,0
ez paper napkin slayer,1
haha hahahahaha DEF :)),0
yeap im serious come on,0
aight,0
why are u [MASK_D] talking [MASK_A] ember ?,1
THANKS FOR PAUSING,0
in lategame,0
gg gg wp,0
my team have been up for a few months now,0
gg,0
ez ez,1
?,0
dmkm,0
look at gpm idiot and xpm u commend me,1
WP,0
[MASK_D] END US PLS,1
XD,0
instead of play,0
ggwp,0
get carried BTICH,1
yeah but,0
ty,0
omg gys,0
blink of an eye,0
gg end fast comenden invoker invoker pro,0
[MASK_B] laggg,1
yup,0
ty tusk,0
please :(,0
yo,0
he's still being a [MASK_A] jussssssssssssst a little longer,1
only alch ?,0
so many wardz guys,0
I agree viper,0
do u guys like potato,0
alche just do ancients bro,0
it was obvius dat we dced or afk,0
gg haha gg,0
sec doom phone or something or this,0
end,0
rc ing,0
whole game 0 léti he thinsk he did,0
legion noob,1
look at this [MASK_B] talking [MASK_B] aye,1
wp wp,0
ez hardlane nno help,1
after slardar,0
:DDDD,0
gg,0
xD,0
gv u song,0
ez pudge,1
one crit hero,0
gg wp,0
y if he dont come b gg next :D,0
wtf?,0
how much longer? 30 29 28,0
GG DONT BUYBACK LIFESTEALER,0
feed courier pls,0
how many pauses in this game bruh?,0
razor why you steal my damage bro,0
GG,0
zail,0
plz report him u might get him next game on ur team,0
=[,0
noobs,1
nice buy back ^^ WHAT YOU DOING UNDYING,0
im so proud of you storm =D you did it,0
wow ure mad,0
u know somethings wrong when ur team has more dmg from duel wins than we do,0
lol,0
report [MASK_A] SB,1
dota graphics are so bad this dota game is for retards assholes like u,1
nice aim more pls,0
i mean look at our wr,0
win all you like dont taunt enemies when you play well just bad sport kid,0
nice [MASK_C],0
u lose anyway bro nice farm,0
he in game now jus w8,0
gg,0
LOL TA,0
if i play tiny with io ofc win lane its just fkn ez,1
end plz useless team mates most useles,1
gg ez team,1
gg,0
ulti zues zues... ulti.. ULTI!!!!,0
1/8?,1
more int more int please more int,1
well done,0
lo,0
lol,0
[MASK_D] teams always,1
tq,0
yoo mama,0
dooooom,0
hahaha,0
LOL,0
im just giving them a HOPE,0
XDDDDDDDDDDDDDDDDDDDDDDDD,0
gg,0
[MASK_B] my [MASK_A] it's 4vs5,1
k,0
gg,0
nope,0
ez offlane,1
gg team ?,0
ES JUST AFKING IN LANE FUCKED ME UP HARD,1
G,0
dogeee,1
blaming us sf > useless sf ! stupid ever !,1
LMAO,0
Ya ebashil kak mog,0
just mute rude play,0
DE DEAD,0
sad...,0
denied tower please,0
so much killing,0
Probs not worth,0
you are just bad seriously,1
spoiling game really wtf kindly report so that he can be out of mmr trash players,1
NO PAUSE,0
we saw that,0
gg wp no matter how good u play or want to increase mmr..people will pick useless heroess and loose u match,0
best alchim ever,0
! min more Rc,0
pro carry ^,0
HAHHA,0
kontol pc,0
extra retard,1
carry has silver edge 30 min safelane,0
gg end pls,0
easy,0
hey russians why are you so bad ?,1
yea invo noob bro wow that invo,1
what?,0
lol,0
rekt mid?,0
i admire your friendsip,0
silencerrrr,0
im want to be 14-15,0
"plz 1 report for wk for spamming all game, thx;)",0
HAHAHA,0
Bad idea Gem,0
who bought first? he or me?,0
just report this E,0
stronger than [MASK_A] wyverns iguess cya,1
bmw is ne schei? marke,0
? so pro,0
cnosite eto gg,0
haha,0
thx for extra 110 gold in the snow floatey,0
^,0
no need ty,0
jaja,0
AHYAHAHA,0
z,0
LOL,0
pls wait :(,0
gg,0
i love u encan,0
yep my thoughts too,0
comeback is real pudge noob,1
cant rax? ez bro,1
when he doing useless duel wioth lc:D,1
Such a [MASK_A],1
gg,0
[MASK_B] THIS GAME 2k ping when we fight,1
sitting there i was watching,0
did you honestly think that would work?,0
u how much?,0
dude stop writing pls ez,1
[MASK_C] stupid,1
ez,1
nyx can u [MASK_B] off?,1
Fast fnish pls,0
lol,0
<3 am,0
who cares,0
wpwp,0
wish I had a team that knew how to play,1
we'll still win,0
REPORT ZERO :d,0
np we have stupid mates. support says he is carry,1
WOOOOOOOOOOOO WALLLLS,0
To late sorry,0
wjahaha creap,0
hh gg,0
skali no need die?,0
so hows you day bulldog you your,0
end,0
auchhhh,0
shut up with your noob hero bs,1
gg,0
hi sf,0
did you global that last fight?,0
that feed,0
nice,0
wp enigma,0
? intro boyS?,0
Rofl 'mood' Lolz,0
lel,0
like that will help u,0
bb dead bb,0
LMFAO,0
25 sec,0
baka kasi tumaba kayo eh,0
gg,0
gg wp,0
LOL,0
Glaubst du nicht ? sorry wrong chat,0
he's name injoker,1
?,0
sf resumed report him,0
instead of playing game,0
memememememem,0
;___;,0
gg,0
"Fine, how are you hetero?",0
alright,0
rofl,0
ez DOUBLE PROPHETATION,1
damage is real,0
report my team,1
haha,0
lol,0
so does top btm,0
haa ok 2mins,0
LETS SEE SF WERE ARE YOU HIDDING? NOW I SEE YOU,0
well fck you,1
sniper fck idiot,1
WAIT,0
.......,0
get rekt,0
end dont def stop def team just end t.y,0
report jugg pls,0
sire,0
ez&,0
gg,0
gg because pa wouldnt get bkb sange and yasha>bkb in 6.85...who knew,0
hahaha,0
relax man~,0
not there clinkz he go straight at btm,0
for that shadow dont take the aeguiis,0
hes [MASK_D] horrible,1
just kill him for me. :),0
GG,0
yt,0
?,0
why must awit,0
what a game best ez lane and mid ever congrats,1
WOOOOOOOOOOOOOOOOOO,0
online main menu,0
IDIOT,1
ecks dee,0
dude you are an alc pickers you have no say,0
AHAAH,0
space created,0
"always team fault, even tho crystal has been supporting her [MASK_C] off",1
GG,0
omni im sure ur a nice guy D,0
SOD,0
end tyty gg,0
washroom,0
haha,0
idiot RUS,1
u lost,0
not this time report tiny ?,0
ahaha,0
Ez arrow,1
sumail comeback he said,0
dazzle didn't learn grave,0
copy right?,0
2FCKNG EZ,1
ez game,1
los,0
Lol,0
basin botbot,0
1 more min then go?,0
REPORT RIKI GO ENXT riki=trash,1
LOL,0
gg,0
nerf craggy pudge want craggy,0
[MASK_C] outta here,1
ahah lo,0
w8,0
well im Russian too,1
thats like 3 times :(,0
?,0
not today you [MASK_D] [MASK_C],1
log,0
wanna solo mid ?,0
xD,0
o no,0
haha,0
weak razor,0
ill get you back [MASK_B],1
LOL,0
ty creeepy,0
??,0
apparently this game is all my fault as solo support :),0
ez game,1
ty commend me :),0
recording,0
hahaha lol,0
1 for 5,0
ez necro,1
wahaha,0
WHERES LION AT?,0
WHAT IS THAT?,0
CUTE MAGNUS,0
bb,0
LOL,0
abondon not q,0
gg team,1
"altest in ranked, maby try practis",1
my missile speed is like 10 ms,0
atleast he did something,0
ez mid blood better thank me for the carry he sucked balls. lol,1
[MASK_C],0
fun eh,0
russian win all,1
xDD,0
that is feed,1
gg ez,1
w8 dont be tard,1
lol it is becuse it is ta you dumbuck,1
???,0
good play?,0
hahahahahahahahaha,0
wheres pa qop,0
bg,0
ok i will end it sad sok yes,0
fast oh,0
jajajjaa,0
YES,0
this sky,0
ez sir,1
y must be worth it,0
lol,0
recorder?,0
we know,0
him not come back lol haha,0
3 inches,0
Jugg won the game,0
Ezi 4v5 xd,0
slark cant kill anyone how nice,0
lawl,0
not leaving jungle before min 20 no thx,0
BYE,0
next lvl,0
hahahhaha,0
DED EZ EZ EZ 2ez for me,1
4 carry,0
noob,1
blame time,0
gg,0
thats how long it is m8 :DDD,1
10 min,0
lol,0
all scrubs tells that one hahaha,0
tanga,0
i mean +88,0
genuinely no idea,0
report axe pls and we leave,0
gg,0
so [MASK_C] what it's a game,1
play safe man,0
oh now you want pause?,0
keep feeding my rubick,1
said russian axe,1
okey u r the best,0
gg wp,0
10 years since singsing got muted,0
nice,0
Ｕ ＯＫ＿,0
yes she,0
gg w[ ez,0
wtf,0
srsly got a deso in 2min track op,0
:P all,0
?,0
"3,7 is trash .. what do you think it is",1
[MASK_C] too ez,1
throne,0
??,0
lol a [MASK_D] disgrace to the name LODA,1
wait pla pls aa has lags,0
def wtf?,0
hahaah i can hack ur brai brain lol,0
nvm this guy toxi,1
storm 2015 lol mid,0
nice leguon very nice gg,0
dat dps,0
hahaha,0
C===3 thats my [MASK_B],1
23:59 MINS,0
cant,0
i wont def.. cant take this mmr easy,0
wp enigma ez 20-0,1
finish,0
holy [MASK_A] 100 hp xD,0
hey,0
haha,0
yea keep talking trash talk,1
LOOOL,0
:D,0
all g,0
gl hf,0
lol bara,0
actualy bat is best among u,0
omg omg fuckong ez mmr wtf fcking bying acc,1
GGWP,0
xd,0
??,0
tusk [MASK_B] pushes u forward ez,1
Lycan the wolf who get all the necro's ulti ^^ this necro hates you man,0
aw,0
GG,0
always the guy who flames most that loses you the game,1
GG,0
ahah,0
lol,0
do u think we have time,0
17,0
tactical,0
WE LOSE BCAUSE OF NO TEAMMATES,0
[MASK_D] stop,0
the worst playeres,1
gg,0
noob pudge did i say that?,1
where the hell r u guys,1
Ez bait,1
REPORT zeus stealmid feed sure,0
she;s back,0
just push mid i want new game,0
gg,0
?,0
yes sir...,0
end mid,0
I hate you,1
ez,1
u mon,1
support sad story begin,0
commended ember :),0
"[MASK_C] off cunts, wait for him",1
ggwp,0
yeah with carries like these,0
for w8,0
well played cykaseeker,1
lol,0
baited,0
ty,0
?,0
?,0
yeah [MASK_A] this es sry about that,1
racist? yes i am because theyre noobs,1
let us win plz plz,0
juger trying ..,0
in a lobby,0
WHATTTTTTTTTTTTTTTTTTTTTTTTTTT,0
gg,0
end? y we having fun hahaha i wnna trolled u all,0
for me,0
:C,0
can kill me,0
use 3rd skill dont talk plz Really? lets talk?,0
idiot not back blame all,1
gg,0
ffs,0
PAUSE PLS SOUND ISSUES,0
well,0
noob blame team,1
how long? lol,0
what,0
max totem and kick ur face,0
duallane of doom,0
because ez,1
T.T,0
EZ,1
i dont know,0
gg ff,0
wait wait plz,0
lol,0
gg,0
:D,0
noob [MASK_C] idiot,1
finish pls our cores are [MASK_A],1
ewait 1 min plz,0
report fkng riki picker,1
if its not alch its [MASK_B] naga,1
^^,0
pls die :) aw nice,1
no pressure at btm at all :D,0
gg fellas lol,0
jjaja,0
gago ka,0
.i.,0
dire won : facts,0
run ez,1
gg,0
noobs EZZZZZZZZZZZZZZ MUITO FACIL 3 ruim mid 3 bad mid,1
g?,0
FAKE WORLD WONDERLAND!! FAKE WORLD!! WONDERLAND!!,0
ok,0
mid down bot almost,0
hi bh,0
yep only pugna playing well,0
B,0
space created nearly,0
go go,0
report Troll and mirana to help dota 2,0
glhf,0
Get rapira am gif us some chances u got aegis,0
../..,0
LOL,0
nice,0
its okay,0
go end plss,0
gg wp,0
rof,0
?,0
Wp,0
gpm over 9k?,0
cheers am,0
Def he hey def [MASK_B],1
this is taking too long,0
hehe,0
my b,0
Wtf Hell So long,0
[MASK_A] you tusk,1
our qop only talk he dont know how to buy item,0
me ez :D,1
pail,0
i cant run icant hide xd,0
[MASK_A] slanty [MASK_B],1
dat die back doh,0
ye haha,0
[MASK_D] la,1
no [MASK_D] its a no skill high reward hero,1
ez,1
haha this cockwork is ebola and aids combined,0
:-) i have over 300 confirmed kills,0
HAHAH slark is having a bad day,0
silencio perdedor,0
hook pudge hurry! HAHA SEE??,0
afraid of io,0
lol,0
ur wc,0
ANY QUESTION ?,0
the fun alch is coming guys Are you ready for it?,0
EZ,1
i avenge my bad start sorry guys,0
ok lets see,0
They win this,0
restart,0
LOL,0
zz,0
ahahahaha,0
wp,0
gg,0
GG ELDER = OUR CARRY,0
dota is dead game lets unpause,0
wag rec.,0
its ok,0
no report youre just noob,1
end fast pls,0
NICE SWORD,0
gang 0 mirana,0
EFFORT :) ALSO COMMEND ME TNX,0
wtf,0
ok ok ok,0
lmao,0
kappa,0
4-2 thailand,0
ty,0
Ea ezz ezy ez,1
End,0
wp,0
is the worst player,1
PogChamp,0
gg,0
omg,0
GGWP,0
new hero?,0
3,0
Hahahah,0
gg,0
?,0
dazzle manners wow,0
Pikachu +1,0
my [MASK_C] brings ptsd to some people ,1
our jugg,0
viper and rubick lost to mirana lina n1 players,0
ff,0
gg ez,1
stfu noob no one wants to meet noobs,1
maybe its our storm too good,0
c,0
pro,0
if not we lose :P,0
Hes busy right now shittalking the Rubick,1
PUL:L,0
hahaha,0
gg,0
Yes sir.,0
that zeus like a [MASK_C],1
jajajaja,0
someone said he is 5.5k,0
WTF,0
cyka,1
LOOOOOOOOOL RECOMIENDENME,0
Wat a rpo,0
That's not true. Windranger has a KDA of over 2.,0
ggwp,0
gg,0
gg,0
[MASK_B],1
can i tune into ur stream,0
ff,0
Dendi hook,0
haha,0
gg,0
gg,0
ooh look at me I'm bara I got my kill I'm useful,0
gg,0
LOL MISS too much,0
trash oppennenth i said wait,1
gg,0
LOL,0
i bet,0
bn,0
6,0
gg,0
k,0
xd,0
commend dp for ult into pit,0
try harder LC :),0
gg,0
g,0
it is?,0
gege,0
lmao,0
SF OFF' ?,0
lol,0
pay electricity la,0
lel,0
ez 3 vs 1 hahaha,1
GG,0
wats a saddlebag,0
"i said dual lane mid,sniper was like i can handle him lmao",0
wait em,0
i dun wanna voker to lose another game,0
playing with noobs,1
no,0
y,0
HAHAHA,0
kill ou? 1k ? dont talk,1
nah,0
no,0
master baited,0
lol,0
[MASK_D] man that hurts,1
wise choice by him,0
still dont beleive riki and alchemist,0
lucky? wat,0
jugg oh now u move retard,1
LOW QUALITY |MADE IN CHINA,1
and yea that,0
ez for trash tinker,1
Commend kotl,0
gg,0
THEY DONT WANT TO LET YOU HC?,0
ezt tangos,1
Gg Ez :V,1
if u wait Il report him)),0
EZ,1
storm 400 hp trash dont use wae Wave,1
HAHA,0
gg damn sword :_),0
ESE MAGINA,0
hahahahhahahahhahahahahhahahha,0
geg,0
GG,0
just base rase ,0
"feel free to report those guys or commend them,they played well for u",0
thank sk for the free mmr,0
we can wait in 36 sec,0
B,0
wtf,1
zz,0
timing was excellent,0
strong,0
HAHAHAHA,0
: :O,0
ty,0
AHHASDA,0
BL boys,0
Why ok reported feeding? or what,0
hf pidaras,0
jkes im chinese too,0
bwersit ka,0
hahahah,0
ty enigma,0
itgma fickler,0
Gg,0
GG WP,0
?,0
report pugne please,0
test LEKT ME CHECK U,0
IDIOT 5 CARRY,1
HAHGA COMMEND ME :) FOR POGI,0
?? team wipe in base ez kappa,1
l;ol so much hate lol this sf mvp butu lost like i told u u wpould lion,0
??,0
wtf life steal back wd gone,1
LOL,0
"thats ga,e",0
hm 10 min? or less,0
we were throwing,0
,0
ow?,0
?,0
"YEAH IM SO [MASK_C] PRO YOU ARER SO ,LUCKY ALL OF YOU BYING ACC",1
ez ez as [MASK_D],1
sec mouse dead,0
im not blaming,0
this magina talkshits but cant play well pls end thanks,0
ggwp,0
wp disruptor,0
gg ff,0
gg kunkka,0
nice omniknight,0
yea,0
nice alchemist,0
sladar,0
EZ,1
i wish doom gonna be fixed like lesh,0
gg wp,0
gg,0
Reasons,0
GIVE ME YEAH ALL CARRIES HAHAHA GGWP Guys :),0
close game..,0
i saw it coming,0
ez,1
che che,0
./.,0
gg,0
o but dont worry he is really good at farming,0
you kidding?,0
ggwp,0
report AA anyways p[lz,0
nice hero icefrog,0
a,0
ez lars ricken,1
gg,0
ez,1
i mean you just ran away from me,0
i was hurt at first but im over it,0
yes I am i completely fucked up my build( yet we win guess who's da noob here,1
we,0
report 40 min +,0
give up please,0
ezz top,1
rofl,0
2x8,0
wait,0
razor and necro peruvians,1
stfu,1
dendiFace,0
:D,0
GG W[,0
?,0
ez top too they both fed,1
same as am,0
ez pudge,1
ez,1
Gg,0
fAIL MID EZ MID eVER,1
finish],0
Nc,0
commend me please,0
joke,1
BS is level 4 with half a midas 10 mins in,1
no suports here its ok,0
worst sf,1
:DDDDD,0
LOSER,1
GOT REF NOW FFS type,0
:O :OOO can you leave so i can get my coins and go to sleep,0
hey wats taht name pudge?,0
you watch,0
mkb?) w8 pls,0
lmao,0
let me guess windows 10?,0
plz commend plz sir i am pinoy like u,1
fail mid,1
tgx,0
report sniper pls,0
"WE'LL DEFEAT YOU, CIS SCUM",0
we will wait,0
carry wd,0
<3,0
i nid u to mad at me haha,0
,0
haha tan desesperado,0
THANKS U AUSTRALIA,0
and 3 [MASK_A] wards,1
report qop,0
not really,0
u r a [MASK_D] carry,1
"if you were offline, you want nobody to pause?",0
gg,0
see that echo ohh 118 1188,0
he has bb,0
looks like hes here,0
mlg,0
for what,0
ff plis,0
why me? [MASK_B] shits [MASK_B] hate u all,1
:3,0
timber you [MASK_C] stop,1
G? TY,0
gg,0
sorry,0
hey aa could u maybe buy some vision?,0
this is the bset matchup,0
where are you? haha you no count here,0
I know right.,0
rofl,0
wrong,0
HAHA,0
BARA SO EZ HERO,1
gg,0
scared,0
meepwn,0
redemption for humilition in mid,0
smack to the days little homie,0
hi puge,0
worth it :3,0
dont mess with our maiden,0
u see this jug free win,0
pidori,0
:>D,0
ez mid,1
[MASK_A] y u,1
what no wait,0
on emore hit bs pls,0
o u mad?,1
ggwp,0
no use am,1
spectre > am + lc,0
idiotd,1
+,0
"It's OK, I got the towets, can kill me all they want towers",0
ggwp :DDDDDDDDDDDDD,0
im mvp,0
jhahahaha,0
free rosh free top free mid look at slark )))),0
look at yours i am supp but still better score than you,0
only helps to make things fun,0
comeback,0
Alliance is back,0
omg hahhahha,0
hes here,0
no need to counter your 0 man black holes anyway,0
ahahahaha,0
../.. u all make me mad,0
broken fucker,1
rude,0
intro boyss,0
not feeding this AM,1
gj,0
EZ,1
your jugg is the reason you guys lost,0
ff,0
GGWP,0
he aint coming back,0
ty,0
free tower for 2 ultis take that any day,0
nice [MASK_D],1
i done fucked up,1
miracle vs gustav 1v1 rl,0
ty for pts,0
haha nice try tho,0
gg,0
no escape!!,0
what a joke 3 people random,0
commend,0
dream is real,0
FOR? O_O,0
commend sniper,0
planting mines that's [MASK_D] [MASK_C],1
boom. still got it.,0
nbice english niceeeeeeee :v,1
and here is ur winner and still wwe champion dream is ded,0
why venge is support,0
gg,0
EASY MMR NOOB MID,1
no bb,0
sad,0
#tooeasy,0
gg wp noob sf too,0
wr it's tank,0
hahaha :(,0
:DD,0
g,0
please,0
dont have boots until 12mins lol,0
TEST,0
chuchamadre,0
r u mad T_T,1
aghs is actually pretty good on this hero I thought it was [MASK_A] at first,0
i [MASK_B] hate n p [MASK_A] gayest [MASK_D],1
really peru mis bolas,1
online,0
pause again?,0
gg,0
tyy guyss rlly srry,0
Haha,0
Report duzel pls he IS retaRD [MASK_C] eport dazel,1
why did gyro abandon?,0
lol fuking noobs,1
G,0
its from alesso sir,0
? what with face ?,0
so quiet for a while bro,0
you dont even have 1 point in ult stfu and axe u fed just as much as me were all [MASK_A] thats that,1
klamamaa,0
it should've been 300mins,0
g g report slark report slark pls,0
+,0
somalis has no moneys,0
?,0
go soz,0
will commend,0
"your stooping so low, to rat doto?",0
gg wp,0
gg,0
i reprot jug,0
:),0
pls no i need mmr,0
:3 :?? :3 :3 waht,0
y u so mad u mad bro ?,1
slark picker can play him,0
run,0
lel,0
introboy,1
"da, vodka cyka balalaika putin",1
what do u mean and? game over,1
blink,0
Yeah playing this kind of team with legion is boring,0
nice BUSH SON OF [MASK_D] just -25 for luckymen luckyman,1
hi,0
30 secs boys,0
Lol ggwp,0
xd gg,0
RLY,0
ez,1
report ember no farm no help,0
anti dont tele mah come baby,0
report techies,0
wut a kple,0
XD,0
haha,0
gg,0
bulsshit,1
2 t,0
GET REKY CUNTSS!!!!!!!!,1
Stfu,0
ff ff,0
ok fast end no d go nest next,0
TY,0
i bet a tower will get our first kill,0
lOL F[F[F[F,0
why not? we're best buds he's a big flamer,0
We hve brain dota not chest u party still not teamwork,0
afff gg nice doto,0
he wil definitelly defend,0
ty,0
he pro,0
gg,0
Enigma do u know him== ?? enigma?? do u know him??,0
get fucked.,1
I have that to spare,0
mind gaems Nice try tho u were trying to ult me solo :D,0
no carry,1
REPORT THAT SF,0
nice ),0
report ember he is afk mucho fun ...,0
ggwp,0
sad np,0
...... when he doesnt get it,0
__,0
ahahahhahahah ill let u win! ok,0
TINY EZ CARRY,1
alolololo,0
?,0
same,0
ez mid,1
fuking computers,0
[MASK_A] u ka kinse,1
casi,0
noobs,1
no 3k for u,0
Jjajajaja run invoker,0
haha,0
he's trying to speak to you in allied chat apparently he's coming,0
ahahha,0
report veno,0
is he coming?,0
pinky swear,0
ahaha joke?,0
:D,0
}wait,0
no no no,0
this alchemist,1
nice try,0
GG noob win please noob meepo,1
1 more,0
haha,0
XD,0
so hard huskar vs invoker,0
that ending,0
GG,0
Run alche hahahah NOOB,1
keep paused please,0
ahaha,0
my team is stupid 4 carry,1
nooooooooooooooooooo,0
mine made of paper,0
yeah gg,0
waifu,0
especially me,0
zzz worst game ever had invoker gets away 1 hp ta get away 1 hit,0
gg wp pls report lion for ruining game on purpose send the braidnead monkey to LP where he belongs,1
guys,0
lian',0
PRO,0
oh really ,0
how are you all so farmed,0
rekt ididnt even ulit,1
pudge?,0
gg,0
im suppose to win,0
26 min,0
haha haha,0
sorry man jus wanna finish this stupid game ta ruined it,1
GG,0
ok,0
ya,0
not blamed just saying you could of adjusted,0
wth,0
ggwp,0
imba spirit,0
lol stop waste ur ult,1
LOL FK YOU,1
lol,0
die sf,1
u did nothing? u could afk base still win,1
Y-you too,0
wtf,0
。,0
damn you to hell pudge,1
gg,0
TENGENE,0
HOW DID THAT SHACKLESHOT CONNECT WHAT THE ACTUAL [MASK_B] [MASK_A] 3-16 yet lucky,1
retard,1
its not over yet you dumb try hard,0
she just turn off his brain kek,0
hows that farm,0
ff,0
till tomorrow?,0
Literally 2v5,0
dieback,0
gg,0
noob u,1
still no help from sf,0
lol,0
gg report sniper plz,0
pausing won't help anyway,0
not commending 20 min rad alch,0
gege,0
GO PLAY ON PERU POR FAVOR,1
nope,0
does it look like i built as a support?,0
hi,0
yep,0
dced during fight the lion,0
gifts for the vagi,0
silencer motrher wjore [MASK_B] nice gem son of a [MASK_C],1
gg no teamwork at all on my side,0
Targeting you from now on,0
?,0
wrong sry,0
get laid kid,1
safe to leave,0
christopher christopher de leon,0
love you AM,0
Lol ns,0
heal passive?,0
BIG DEFENCE GG NOOBS,1
wp,0
ggwp,0
hp ?,0
THIS TEAM,0
lots people need to report sry,0
gg report ursa and i commend,0
yes,0
ff,0
g,0
ez win with him,1
***N I K I T A*** DOWN !!! ***N I K I T A*** DOWN !!!,0
"lol 4,6 noobs",1
and random doing well early game,0
thx,0
u must be masochist fire arrows taste good like a spicy thai food,1
?,0
new era,0
:D,0
SF TROLLING,0
ez mana burn,1
ggwp,0
Report axe dumb [MASK_C] cant play dota,1
we don`t have sk you don`t have invo,0
commend me,0
hard game,0
?,0
oh [MASK_C] u necro,1
=),0
Phew,0
got shackled baby,0
aint gonna wait forever,0
w8 dc SF',0
gg,0
GG?,0
W,0
ohhh cmon bro,0
report AA this is it,0
we def?,0
? wdc,0
gg,0
LOL,0
pls report PA this peruvian guy [MASK_D],1
lol. booo,0
1 12 haha,1
ingame boys calm down hes cummin,0
TAU KONTOOL!,0
lkol,0
hey guys im here,0
he never cumed,1
taking all your [MASK_B] stats [MASK_A],1
YA,0
PUDG AXE LOST GMA,0
we both had [MASK_A] midtime then lol,1
he is in dotka,0
lol,0
not again,0
this is bad,0
haha proud,0
am almost has boots,0
Sec pls,0
well played,0
the road to,0
void skill me the most lel,0
???,0
xD,0
wp all thanks,0
Last Online 15 mins ago,0
half a smoke,0
u guys are lucky u dont have a 6k mmr player with u,1
???,0
:)) sure,0
wait sir,0
venge comew dive! swap ur friends to death!,0
HAHA,0
STILL A BETTER LOVE STORY THAN 54-1,0
why u no blink lah,0
im sure!not helping to put wards! [MASK_D]! end this pls,1
See we have a lot of gold :D,0
lopl,0
standin ^^,0
gg wp ez,1
sry sry,0
hahaha,0
?,0
doom,0
^ troll: ,0
ggwp,0
what do you mean ?,0
CMON CREEPS,0
GG,0
qop tilt mode engaged D:,0
when he can cast stun,0
im positive he did it on purpose,0
have you reported this sven?,0
Awww,0
its ok,0
no i dont i dont think ive ever killed sf,0
gg,0
she cant rec anymore she abandoned,0
GG,0
lol,0
restarting pc wait,0
?>,0
yes pls,0
ggwp,0
goodbye,0
he flame us rofl,0
what pudge ? pudge what r u saying?,0
aseeeeeee,0
afk ogre,0
for an injoker picker wr u sure fed me some ez ss kills,1
ｇｇ,0
well educated,0
ez offlane,1
lol,0
you took down mid while i was dc,0
ez retards,1
wait,0
i was typing u jer guys u guys are going down im saving up for wards i have 7 in my bank right now ez,1
rofl,0
gg,0
hahahahahaha,0
what a game,0
is real just please report this venge he wants to swap u if u get caught in chrono,0
yep,0
the well taht is life,0
retard am kill urself,1
3 VS 1 COME,0
win down,0
Aaa,0
my mother got me this new laptop,0
oyoyoyoyoyoyoy wombo combo......,0
rat doto isnt doto,0
done,0
worth?,1
gg bl on pl and tiny,0
Sweet dream,0
dc,0
die 3 times to solo ES,1
AHAYHAYHAY,0
blame time,0
he pro srsly but ganked :)),0
we go as a family,0
lv 3 doesnt matter,0
noce disr nice,0
trash HC,1
:D eu always gets the last laugh,0
our drow and pa doe,0
lets push mid,0
"u guys have 3k hours, i have 3k ping",0
gg,0
k,0
but afk..,0
im their god. thats why they need my wisdom for this game.,1
drow 0 - 12 mvp,1
im ok with pausing btw,0
gg,0
i beg u pls report alchemist so no one ever has 2 play with him again,0
w8 my freind lol pause pause te,0
},0
shu8t your [MASK_B] mouth,1
why pause xD,0
XD nice tramp,0
",.,\",0
khá ?,0
de leon?,0
XXDDD,0
Lol,0
THAT IO THOUGH FOR RLZ,0
],0
wp dazzle,0
john cena and the undertaker,0
ez game,1
ajajajjaaj,0
me ppor? lol,0
gg,0
HI,0
yes,0
gg noob mid,1
EZ?,1
4V4 LA NOOB,1
we would have won already but this is just a retard,1
lol,0
haha,0
ggwp,0
LOL,0
HAAH [MASK_C] OFF SJIT,1
gg,0
LOL,0
fail,0
good chen,0
Spec so good... he thinks the team is reason we lost,0
lol,0
nicveee,0
Just ignore him sf,0
Now you'll never know whats on the courier,0
invoker lost mid to wr Ok(,0
kk,0
yeeeeeeeeeeeeeeeep,0
report kunka and beast trash pick,1
oooh u will die haha,0
3.8k MMR jukes!,1
please do,0
this puck is mad,0
too dog tis blaco,0
why do you hate gold,0
veryyy needed jugg has downs same with riki,0
wp team,0
inb4 more spectre rage,0
lol still rat am?,0
haha sad game sad player muted,0
please report the idiot,1
?,0
okay,0
maphack so imba,0
LAg Gg Very lag,0
pro farmer orge farmt mehr als jeder bauer,0
4.2k giving criticism,0
nice pipe dazzle such a cool item,0
NOOB ta,1
only chen? +.+,0
nice skill,0
haha,0
wsTF HOW DOES THAT SHOOT ME,0
betulan 1k maap la,0
haha,0
LOL,0
cm tr good sup,0
wtf howdu u know,0
im coming,0
gg,0
gg,0
why i am innocent,0
wew,0
any info ?,0
??? MADNESS,0
nice mkb my friend,0
wa,0
thinking he's gonna carry,0
report pheonix that 12 year old fucker,1
yeh they love their gay orgies,1
gg bed time,0
3 mins,0
sakai,0
_))0,0
GG,0
huge bonert,0
ha;la pano na,0
heng ah gg,0
over confident :D,0
fu sf,1
ez,1
wait,0
that backfired :p,0
lol,0
he got a 12 min blink then an 18 min midas like wtf?~!,0
poo on u,0
wahahaha,0
1min,0
hahahaha again die in home,0
it seems ur happy u know that,0
gl hf,0
555,0
gg,0
b LOL NO doom,0
bes,0
gg,0
STOP ALL CHATING U [MASK_D] IDIOT,1
finish need to sleep wp,0
LUCKY,0
sa wakas mga ungas haha,0
XD,0
report my team please,0
WORST ALCHEMIST BUILD IVE EVER SEEN report this alcehmist plz,1
u have reminant tard),1
so i can kill u,0
reported,0
free mmr,0
7-12 sky .. smh,1
warded,0
gg nice 2 lvl ...,0
LOL HOW DID I KNOW',0
gg,0
:(,0
for what?,0
fair play,0
lolz,0
Gg hHAHAHAHhAhahah CORE ROLES TAKEN BOYS WOOOOO,0
dont scare me leh es,0
space created OH WAIT IS THIS AM GOING BF?,0
Cm carry is my dream,0
CARRY!,0
1k mentality cause his storm is so good,0
really,0
L:EGKAYA MID EZ IE VI GDE?,1
ggf ff,0
gg,0
EZ,1
nyx want to hunt reported him already for being born so noob now u know it already?,1
lol,0
harder to win in than [MASK_A] 5k,1
damn steam connectio Wtf,0
lol,0
You or mirana can roam,0
wp,0
gg,0
im doin it for the cause,0
this [MASK_C] [MASK_D] of a mid and veno how can you be this bad,1
`hope,0
gg,0
gg ez noob team,1
he not comeback,0
yeah just wait,0
all report wr,0
big ol' rock [MASK_D],1
tf,0
NORM,0
5K4 BOYZ 1-16 4-12 SAME PARTY for a reason eh,1
well,0
ur metaplayer?,0
for saying am picker [MASK_D]?,1
gg+,0
NOOB,1
lags,0
ez jukes,1
[MASK_D] lucky u,1
"DON WAKE UP FO ME BOY LOOK AT MA FARM, SO EZ BOTTOM EVEN THEYRE 2 IM PRU",1
i played bottom with a creep named legion,0
REPORT LC,0
hehe LOL i love me some slardar,0
wtf 1 second respawn BB hahahahaha...,0
IO AM VERI TAIRED YO,0
goddamit,0
fu riki,1
almost there haha,0
10000 ping,0
gg,0
gg wp,0
Doing that,0
Drow,0
what a game !,0
LOL GO FF LOL,0
gl hf,0
noob,1
GGwp,0
Oh i see so you use everything in the game against me but when AM comes along your all helpless,0
gg,0
ty void !,0
report slark,0
GG,0
yea how,0
wp,0
thats not global silence,0
?,0
GET OCTA ALCHE FOR CUMBACK,0
ALLIANCE IS BACK,0
+,0
[MASK_B] [MASK_B],1
thats some bs shackle,0
cuz im god,0
bla?,0
so nice,0
end shaker good hero,0
}end pls,0
LOVE UR TRADE,0
LMAO,0
noobest alch ever,1
too bad mirana cant even hit an easy almost melee arrow that is the extent of my team skill,1
u [MASK_C],1
anyone else getting the notification 'Team Dire has 0 hero spawns remaining!'?,0
Wak wak wak,0
PLZ,0
RUIN MY GAME,0
need restart abit sorry,0
gg wp ez bane,1
Ez geam,1
..,0
lol,0
ktukan lose udh hilang cok,0
i gave him aghs,0
NOOB,1
gg wp,0
got_ta != true,0
??,0
there is my 25 mmr take it,1
GG,0
ggwp,0
gg wp,0
pink dropped his items and [MASK_A] mid but regardless we had no chance,1
what,0
wat why,0
lol,0
GG Report this troll,0
seriously this patch doom is like troll last year,0
never seen a spirit braker so good at late game good build bro,0
kids thesee days :D,0
:[ :P,0
please? :( Add me,0
I think so haha,0
HAHAHAHA,0
aw fountain,0
WOW ./.,0
doesnt matter we win already,0
how u die to dzzle?,0
pro cm,0
yeah my dads [MASK_C] is,1
STFU,1
We waited for ur slardar,0
pls 9 reports for sb for ruining game on purpose thanks,1
"INVISIBLE HERO NEVER GOT COMEND, BROTHER",0
ty,0
blame time,0
get throne pls,0
GG,0
33 min blademail safelane idk..,0
gg gg,0
XD,0
report lich,0
friends :D def,0
ok,0
thx 4 big creep wk,0
ahah,0
gg,0
tee hee,0
dude you got issues,0
thats so not true,0
aw gagaga,0
yeah it was ez,1
i give up.,0
you mean autistic welp,0
Gg,0
done,0
YAAH,0
GG,0
magic [MASK_B],1
rubic spell always mess up my combo,0
greed is good 9999,0
ggwp report es?,0
ggwp all,0
rofl gg,0
aw hahaha,0
ya se fue,0
legit viper,0
GG,0
practice in 4k k its not where you belong,0
get it coz his a horse,0
ty 4 waiting,0
nice try,0
gg,0
okey then i'll try to hard,0
gg,0
g,0
they love fighting megas,0
?,0
ez top,1
[MASK_A] comp,1
XD,0
shut up you [MASK_D] monger,1
1 game 4 muted ggwp,0
O_O,0
??? slardar when dc ?,0
like a assasin this sf,0
:/,0
thanks bois,0
Same with Life is Strange. You either kill your son or you nuke a town.,0
dont qquesiton hi mever agian,0
someone comfort him,0
gg,0
gg,0
wow that arrow,0
so much hate,1
gg,0
gg STOP REPORT EMBER,0
balanced hero kappa gg,0
ohh plz come more,0
awesome mid only in my team,0
wait,0
3mins,0
xD tE LA HIZO xD,0
He's from KKK,0
mirana,0
its a game of upports,0
report my team pls,0
20 MINS STILL NO WARDS NO DUST,0
LOL,0
undying neverr heal,0
fair play,0
zeus wtf bro,0
report this jugg,0
Your getting some lucky ones there WR,0
GG,0
GG,0
?,0
fak,0
ssory,0
and we will report magnus,0
write courier feed,0
haha no,0
you made mid a nightmare :(,0
i wasn't even in that fight bro,0
xD,0
W8,0
warded,0
gg wp report mid,0
it was probably easy for you you didnt even need to use abilities amirite,0
gg,0
keep dreaming madafaka,1
zeus ulti,1
Lina^* No wait,0
GG WP EAZY,0
GGWP,0
haha jajaja,0
No tps ..,0
hard game,0
NAO FARMEI,0
can u guys please stop farming and finish,0
im doing pingas atm,0
HOW ARE YOU MISSING LAST HITS WITH CHILLING TOUCH ON,0
gg zeus,0
botbot,0
haha,0
gg ty for the 20 min free mmr game,0
FINALLY,0
the spelll ckeckek the bkbs,0
nope not yet why all aim me lol,0
my [MASK_C] from your plays,1
nah too many,0
ez mid :),1
bad,0
SOMeBODY TELL THIS STORM HOW TO USE HIs PASSIVE XD XD XD XD,0
blur !!!,0
ComEbAcK! ALcheMISt WHy SO QuiET?~,0
13 minutes cm still level 3,1
english pls,0
waaa,0
awesome how can someone play from singapour,0
i like ur stream,0
go its a tie,0
SHUT UP BROWN YOU [MASK_B],1
GG WP NO BB TA JUMPING IN,0
da,0
what a players! wow 10k ?,0
gg bro,0
Gg,0
>Well played!,0
i thinke every wooden PC can reconect in 1.22,0
noob bounty,1
RIP G?,0
haha,0
get baited,0
gg,0
he todl yo uwhere im gonna farm and now hes bullshitting,0
lagging so bad,0
hohoho merry x mas,0
GGWP,0
sad sad sad,0
<3,0
[MASK_A] he [MASK_C] well,1
Xd,0
WANNA SONG?,0
wtf,0
:D rofl,0
?,0
butthurt on this team is real,0
?,0
dont take ur ult invoker thats what noobs do,1
we have 2 lane to def and lc decide to farm dire jungle ggwp :)),0
omg,0
What is going opn,0
so hurt brood haha,0
whyyyyyyyyyyyyyyyyyyyyyyyy,0
u too,0
fun game,0
with just 4 people,0
but we're going to wait,0
:(,0
and forever doesnt exist,0
i am 1.2k,0
me too,0
so what happend?,0
wait,0
pause ? were GG,0
SLARDAR LOL :D ibrahimovich,0
WOAAAH,0
is it to early to say GG? lmfao,0
lag,0
wait 1m,0
we need lion please dont resume,0
comend me i will comend u back,0
Def,0
ok,0
stfu la,1
EZ,1
Bye,0
go ahead! dont be shy,0
bek? ? compo mobo,0
silencer AFK,0
PRO ?,0
4/5 deaths BAM BOM BOM BAm,1
how many losses am? 1000?,0
g g,0
fast bF XDDDD 20 min no bf,0
[MASK_A],1
wait 1 more please wait,0
NO 2MINS,0
lol,0
close game,0
okey they cant see,0
dont mess with wr,0
WHO IS YOUR DADY NOW?,1
very report a los 4 les puede tocar estas mierdas,0
so lucky i laged out,0
good job this 2 fuckerclink n invoker always no dust,1
kekke,0
rofl,0
?,0
END MID PLS NO DEFENDERE FAST PLS,0
Repord alchi plz,1
GGWP,0
lame pinke,0
wtf,0
gg wp,0
0 6 1 9 loo,1
Dat Invoker hates me. =)),0
haha,0
u fuken lost,1
dazzle,0
noob lose mid call om silencer? HAHAHA,1
report invoker pls,0
haha,0
stop whine sniper You arnt better then them,0
haha,0
the wild 5man appears,0
100,0
ff,0
REPORT VOID PLS,0
wtf tus also rich guys,1
bkb is bad on bh btw NO DS,0
?,0
noob wr,1
aw,0
lol haha,0
so many wards,0
great game great game,0
ez dr,1
Thank you pudge,0
Ty,0
thats why we lost,0
yes u2,0
auto gg :D,0
NOW BKB^^,0
where was drow,0
gud game,0
32 in 12,0
ok,0
gg,0
[MASK_D] IDIOT,1
and?,0
? report sf,0
HAH EZ,1
were you afk in the jungle for fun lycan?,0
SUP U FUCKA,1
tahts impossible,0
EZ NOOB,1
Ty,0
i dont get it,0
gg,0
KDDDDDDDDDDDDDD WTF :DDDDDDDDDDDDD NICE COURIER RETARDS PLEASE REPORT SILENCER+AM,1
dont know what to say about venge,0
now gg,0
GG,0
WHO [MASK_D] Fortify WTFG?!?! we need it for base sigh...,1
come rat it,0
no need,0
Anything else?,0
well shiet [MASK_A],1
lol,0
yeah man i quilspray and see it 5 seconds later dusa i have no idea where you are. it's like you are blinking towards me,0
midas buyer game loser,0
gl my [MASK_C],1
I KNEW IT,0
psl tell my team tu pouse when some on is dc,1
wait ah dont kill me first ah,0
nub,1
Sf hard noob come [MASK_B],1
sda,0
ez ez ez ezwp,1
qop is the only noob on our team 12 yrs old girl slark is better then her,1
gg,0
Why u keep on disconnecting? net prob?,0
:*,0
#Therikavidalama?,0
gg,0
pls report this motherfuking [MASK_C] te<m alch cm [MASK_B] 0 ward 0 fight by them,1
roofl LOL,0
:( kunkka,0
maybe slark isnt useless maybe hes just a fuckhead,1
i am ending,0
need rc,0
pls somehow sf missed ult rofl,0
REPORT WR REPORT JUGER,0
i wanted to use it once =\ atleast,0
riki?,0
hahaha,0
yea u win this game and u still 5k mmr,1
what a game :D,0
nice carry bane and venge,0
??,0
item choise nice by invoker :),0
gg,0
fail,0
PEENOISE,0
hahahahaha for the win,0
4 BOT,0
gg wp,0
teamchat,0
noone care,0
:D,0
ggggg,0
end,0
ez mid,1
hahaha,0
WTF WAT HAPPEN,0
you can get one abandon,0
report AM,0
gg,0
yeah sky,0
looy pud,0
Aw,0
drag this [MASK_A] out,1
ggwp lol,0
GG,0
you cant beat us that fow show,0
gg,0
hey guys can you wait 45 seconds for my uhhh... q,0
gg noob team report riki ty gg report riki last pick ty,1
ya,0
im winner,0
net takogo slova,0
report es? report es please?,0
Serenity vs Serenity,0
wp boiz,0
ni hao ma,0
End bot,0
RS s kill storm noob please,1
-_-,0
gg,0
EZ DUDE I'M ACCOUNT BUYER,1
gg,0
COME MID trust me COME EZ,1
yeah [MASK_C] this random scum huskar report the [MASK_C] outta him,1
lol,0
you dont deserver to win this,0
gg,0
Our BS is useless but we do kinda need him Wait please,1
honestly I'm feeling like a match winner,0
haha lol,0
haha,0
hes so op i love him,0
wr you owe me one,0
lel just wanted to take revenge of the [MASK_D] i-have-0-mana-and-30-damage moments you gave me at mid OD,0
GG,0
GG,0
"report doom, ty",0
?,0
this silencer,0
that brain,0
ROFL can;t win a 4v6?,0
Ty,0
:),0
b?,0
5500 europe ranked matchmaking first game of the day,0
[MASK_C],1
ck has no farm,0
Its always one sided,0
oh yes,0
ggwp,0
si eaz mid,1
:D,0
ROFL,0
jimbo get on ts Xd,0
GG pushte ya otjimayu,0
i miss veno's voice,0
bet 1000?,0
gg wp ty i will command you,0
lm peña,0
lika dis,0
what lol,0
can u report this game ruiner sd ?,0
gg slardar haha,0
go,0
lol thats not my ability of playing when coming back after 2 months,0
lol best farming,0
spec has her 33 min radience lol,1
how to safe,0
INVOKER 13 LVL,0
report fv please! and say hi to youtube!,0
noice,0
come nyx,0
that riki smoke?,0
LOL,0
hAHAHAHAHA hAHAHAHAHAH HAHAHA hAHA,0
bobo,0
gg,0
oh,0
Report am plz,1
5555,0
gg wp,0
not for dmg for kill,0
lol,0
zeuiz,0
noob necro,1
chill i just newbie ;),0
GG PREDICT NOOB ANTI NO PUSH GAY,1
:(,0
says hes in game,0
gg,0
and feeds all game long,0
smar,0
diz ud dog,1
CLQ,0
let it be not counted btw,0
AND WAIT SPECTRE TO GET ITEMS PLS REPORT THIS TARD SILENCER,0
fat SF nice,0
:D,0
GG ALCHE,0
SF THANK YOU SF :),0
my [MASK_C] is so hard atm,1
haha,0
okayu okay,0
end pls nobo team wtf,1
gg nice pause,0
only if u dont mine,0
haha,0
doctors have wooden pcs,0
what,0
peace,0
finally,0
this idiot is crazy report him pls,1
yea i ask u several times to not [MASK_B] my lane but u are retarded 1vs1 top was way better for me exp and money and a kill most likely but u decide to drain my exp and [MASK_C] lane wave,1
so u pick it essez,0
sk please,0
wii,0
Fast game boys need to be done 30 minutes,0
lol,0
i mean sven,0
??? blame?? u play like [MASK_D],1
icefrog things,0
omg stop [MASK_C] lion,1
gg wp,0
gg,0
this pause,0
hha,0
y,0
? ez mana,1
TINEKR,0
GOD,0
[MASK_D],1
??,0
aw z WTF,0
we unstopdbl,0
2 min,0
XAxaxaxax,0
TRUE,0
plz ff we no def,0
ff pls,0
at least they are dying jugger afk farm doiung noithign,1
gg wp,0
gg end game,0
idestroyed it bro not there anymore,0
XA,0
gotem,0
my team doe,0
lol,0
ez of my life,1
fun game,0
back,0
this hero [MASK_A] vs alch ROFL,1
pick alce guys,0
xhamster?,1
Haha,0
Keep on eating our [MASK_D] peruvian doods,1
gg wp,0
"just wait , hes onlinE",0
ulti?,0
wait la fair,0
u 360 fgts wow?,0
ez loss,1
tis pudge lol rofl saw ur hooks noob dont cal me noob fucker lol,1
lol straight dirt bags,0
:3 :P,0
Haha,0
:),0
rat like gay,1
hahahaha ta go 1v5 ya ta 1v5 now go,0
EZE AM,0
Tho yea she is really hot,0
WELL PLAYED FURION KILL SF GOGO,0
REPORT WR PLEASE ez mid,1
clearly you don't know [MASK_B],1
ez katka,1
REportd fkng nooob alchi alchi delte fame plz nooob [MASK_A],1
hmm,0
ez,1
hahah ggwp,0
report this wr [MASK_D] 41 min orchid 1 6 3,1
EZ,1
I SWEAR,0
ez game,1
ez qop really,1
NOT GG WITH SLARK Just report Him,0
EZ GAME,1
wat wat fog of wa r,0
im lucky,0
lolz,0
gege izi,1
EZ),0
haha,0
dunno just to gob smacked by slark ya,0
ez ez ez,1
lucky,0
euls slark in my ulti,0
easy mid easy life 329 gpm sf,0
@_@ that deny tho,0
done,0
me too,0
( but i dont know what i can do ( [MASK_A] 3k mmr,1
gg,0
no pls wait,0
Ye better than [MASK_D] on bot,1
stfuy trash pls rly dota is karma hope u get 2k,1
how good am i at bm no kappa,0
noob axe hahahah galwang ninja,1
yes [MASK_C] lag VOLVO,0
bait?,0
gg,0
sad,0
ogre,0
and then you just click 1 button and have att speed,0
yea i can'tj ust press r and have an aoe silence,0
FUHRZEN,1
the thrwos,0
?,0
wait plz,0
kill doom,1
who knows,0
ROLF,0
(:,0
well,0
annoying noobs,1
ggwp commend me,0
bad team,1
dumbass mid and hard carry -_-,1
HAHA,0
?,0
:D,0
COMMEND US,0
aahahhaa,0
great game report pugna,0
easy mid easy life look at my denies easy mid easy life,1
i fucked ur dad,1
team [MASK_C],1
ahaha,0
wp guys,0
ggwp,0
u dont need 5 its over comeo n go,0
gg noobs,1
Wtf,0
a roaming sven ftw,0
great joke/10,0
XD,0
gg,0
pls report kunkka,0
he is come 3 min,0
"mineski com,e on",0
I lose LOL,0
report invoker pls,0
if only your 4k ember was 5k,1
lol,0
late bs but thats ok,0
LD,0
gg,0
xD,0
aa lagging,0
killer qop,0
yo dude u got an abandon,0
5 man pls and buyback u trash [MASK_C] mid ember,1
[MASK_D] TEAM [MASK_B] SK,1
im tired end,0
report lina report lina,1
EZ,1
yah,0
?,0
?,0
AA ff,0
yes,0
hahaha can you believe that? ez mid,1
gg,0
same here 2 offlane,0
what shpould he buy then iron branch?,0
tienen 4min,0
25%,0
for [MASK_D] you,1
wow,0
KONTOL ANJING,0
yep,0
hahaha,0
namaste ji,0
fast kills we win fights ;),0
GO PUSH,0
done,0
ahaha,0
IM new on dota dude :(,0
./.,0
NICE [MASK_B] ALCHEMIST WTF NICE [MASK_C] ALCHEMIST WTF NICE [MASK_B] ALCHEMIST NICE [MASK_A] ALCEHMIST,1
report tiny pls,0
haha,0
GG PA,0
lol,0
"GGWP} [MASK_B] Tea,",1
lol,0
haha lol haha,0
best snowball,0
haha,0
ez,1
I CANT SEE i did early or late,0
nice viper,0
hayshit gayshit f ck,1
ez top ez life,1
xd uheuhee,0
gg,0
wp,0
Haha,0
damage over time,0
0-4,1
mid fail MID FAIL,0
of ancients,0
thx,0
[MASK_D] it russians deep,1
.!.,0
ye ez,1
u are just another 5k,0
lol,0
dude we wait him 10 mints .. Wtf he is doing,1
GG,0
u can do it,0
"no ya habia muerto , me huevie de tecla xD",0
lol,0
is he okay?,0
gg,0
man 10 pm 10 20,0
calculated,0
6k slayer haha,1
bkb lasted longer anyway she dead by taht time,0
HAHA,0
haha ok,0
rekt huhhuhuhuhuh,0
yall soft,0
lol i know i was just playing dumb :D LOL me gusta face said hed like to lick all of your [MASK_A] but in allies,0
TY FOR PUASE GAME RETARDS,1
doom good,0
keep teliin yourself that,0
| Okay I mute you for cancer now byebye,0
LOl now the team ganks work,0
hi?,0
ROFL,0
what the [MASK_C],1
ggwp :D commend tank,0
i am pro in serious ply,0
POOR ZEus,0
we give him mid but man so bad man i stay vs ds what i must have>? say me plz,1
u know what we dont have supp i,0
NA salty boys,0
leave him,0
try hard more? xD a 200 gpm slark,1
leaderhsip please,0
lol,0
rewporetd idiots BAJCHS,1
fight,0
LOL im a [MASK_A] ignore me,1
BUY ACC THEN FEEL LIKE A PRO NC HAHAH WTF,1
it's in ur jungle,0
clinkz is ded blackout pls end fast if its ez,1
dont have,0
rq,0
haters gonna hate ;(,1
xD,0
gank much wont giff u a victory,0
Stupid team carry [MASK_B],1
2 tangos pls,0
wp ember,0
),0
? n1,0
:D HI MY rage boy,0
Lmao recipe i just destroyed ld recipe,0
i cant even upgrade my 6k on my main,0
wp tq mmr,0
lol lol Free mmr,0
gg,0
haha,0
ill support u buddy,0
ik,0
7-11 QOP ASK FOR REPORT SEE? ALWAYS FEED,1
MOST EZ GAME OF LIFE LOL?,1
WHOCARES?,0
how does it feel to get killed by a [MASK_D]?,1
hAHA HAHAHA hahahaha,0
GO PICK [MASK_C] AND AUTOWIN!,1
loa just level 5?,0
gg,0
GG TEAM ALL FARM,0
not,0
can u report es? nice afk,0
u [MASK_C] deek,1
:D,0
gg commend me,1
Bunch of [MASK_C] kunts,1
farming for buy back now spec? sad,0
yah void [MASK_C] head . hahahha,0
i guess they don't have a minimap,0
where u going omni theres candy at the top of the ramp free candy,0
ehueheuheu,0
HOW YOU PICK COTL IN 2015 SAY ME PLEASE,0
G,0
door sorry,0
wp be 60 min game,0
afk farming hero alch so gay,1
well if u feed me we cant win this game either with this idiots :D,1
too pro ta,0
?,0
RIP,0
?,0
eTO TI TAK NAMEKAEW $TOB YA TEBYA NAXYU POSLAL AAAA ETO NORMAL`NO MALENK`U PIZDABO YASNO IDID NAXYU ZAEBAL YJE,0
u got wrekt mid kid,1
ye keep going in chrono,0
haha,0
looks whos talking,0
lowprio incoming,0
NOPE I LIKE YOU HEHHE,0
and diebacks,0
sven 540,0
gj,0
no one died u [MASK_B] idiots,1
ez,1
9k golds,0
sad life,0
good,0
scrub,0
oh ok is he return??,0
That's a more Kramer thing to say these days,0
hi shaker,0
close game,0
go at 3rd tower,0
that miss xD,0
report sf = comend,0
^^ but First time brood Dont care,0
ez?,1
BYE,0
gg,0
so are you with a bonus,0
TREASUES,0
EZ MID,1
END FASTR,0
boy calm,0
zzzzzzzzzzzzzzzzzzzzzzzzzzzzzzzzzzzzzzzzzz ),0
i like this game,0
"even worst, not fair for noone",0
o damn forgot it's pure,0
just wait,0
must be hard with dagon xD :D,0
[MASK_A] thsi life,1
pick enigma first,0
k,0
troll please dont act like my kiddo here,0
carried by chen,0
im sorry,0
plz,0
lies,0
i wish i have 2 [MASK_D] xD,0
9 :D,0
dude please,0
ggwp,0
you being way too pushed is ridiculous,0
ghaha Haha,0
REALLY [MASK_C] U,1
iKR u R dOG [MASK_D] BRAIN DEAD AA,1
ggwp :),0
det emil stabil,0
Aw lol troll s amazing lol lol,0
and they called me trash rofl [MASK_D] you tidew all my teammates do is put me down try to demoralize me,1
hard to do it while you're defending like this,0
wtf,0
AND HIS NAME IS JOHN CENAAAAAA,0
HAHA,0
ezezeze,0
report,0
nnono i mean commended,0
lol,0
i reported you i never want to play with you again,0
idiot,1
[MASK_B] alce got,1
WTF THIS TEAM,1
Earthsahker,0
izi bot,1
lol,0
my [MASK_D],1
o.o,0
=)))),0
"gg, wp",0
im rich,0
hahahaha,0
not rly,0
tuskar sucka ma deek,1
gg,0
coz you still deffing IDIOT,1
rapiraa,0
knew it,0
u are on my friends list,0
won my lane so ez,1
ez game,1
joke,0
gg,0
like ur mom,1
lmao i [MASK_D] u in mid what can u say?,1
hahahhahahahah gg commend abbadon sir tank,0
OHMEN so stronk,0
wait please,0
ok you guys win wp,0
happens to the best,0
didnt even leave me money to get boots against a jug retarded trash,1
gettin divine,0
joke,0
NOOB TEAM no noob team,1
our yellow player is a squeaker gg,0
Ez,1
haha,0
report alchie abuse,0
lol,0
haha,0
haha,0
it is tbh,0
fck u gg,1
:),0
report pink pls,0
2 1,0
i die to ur minions,0
i forgot badabing?,0
now you gonna flame me you little [MASK_A]? god what in the world is that,1
Gamers,0
ew wat a loser..,0
gg sents base 4.6<#,0
XD,0
thanks for ganking mid all day,0
he has a tp,0
nice stun es leash,0
GGWP,0
i think its easy mmr,1
gg,0
WTF AHAHA,0
musa XD,0
wrong,0
where u pro pudge,0
noobis,1
its planned,0
gg,0
gg ya se my mmr,0
slow pc slow pick so noob,1
sad lion,0
ez,1
ah [MASK_B] true,1
fu,1
sad PA,1
nabs just end,0
Baited,0
oh lord 4k game never end,0
gg wp,0
srsly,0
pick pls,0
nice,0
cl your hands are kind a SLOW,0
:DD that was an erroe error,0
gg,0
gg,0
gg,0
gg ez,1
o0ne hit delete i sure,0
thx es,0
GG,0
you and tide?,0
no?,0
suka motherducker,1
wtf leslie is in this game too? its me john,0
k,0
its a tie,0
get graphic lower,0
report WK plz,0
thanks,0
ole,0
BABY BOYS,0
w8 k?,0
TIGHT [MASK_D] BLACK COLOUR,1
GG WP,0
report ta ruined game,0
Report Invoker pls Blind son of [MASK_B],1
LOL,0
pro sf watch [MASK_A],1
EZ,1
EZ,1
nub,1
phew 50 hp,0
hi NOOO,0
report tiny or he can be next game in yr team xD,0
++,0
GLHF,0
one pipe is all that took,0
how many minutes passed already?,0
? lol,0
out of 33,0
why dont come,0
gg,0
tt totem,0
tron,0
comon,0
baby,0
?,0
BKB STOP MY ULTİ?,0
report void all,0
EEEEE,0
so we should w8 now?,0
they afraid,0
bb 1st 1st now,0
GG,0
wind,0
quickscoped,1
17?,0
tr try TRY,0
your mom [MASK_B],1
what a luna,0
Report that turk trash,1
Hahaha joke time,0
k,0
wow,0
Lol,0
Wew,0
russian,1
while pc crashed,0
gg ?,0
LOL,0
is it ?,0
gg,0
go farm more u need more farm,0
GGWP,0
hahahaha,0
haha you are mean,0
another injoker?,1
:d,0
haha,0
Ez,1
wow,0
a one piece fan is always a brother,0
how much ur account,1
whoops,0
[MASK_A] jug,1
heh heh,0
unfortunately its not that easy,0
fish down fish down alien down,0
CUZ HE LEFT BEFORE 5 MINUTES,0
30 minutes,0
GG,0
 bat,0
WITH THIS MAG BEST ARISE,0
afk free kill,0
Gg,0
random,0
REPORT TINKER FEEDING,0
gg,0
min 1,0
COMMEND. ty,0
<---,0
we will and we can [MASK_D] thief [MASK_D],1
cmon WR go bet some coins,0
ggwp,0
noob riki,1
0-5 lc trying to lay the blame on every1 else every asked him not to go jungle,1
shh all chat,0
Atos op,0
ff :),0
thats why Abba predict,0
Err,0
best freeze ever,0
no [MASK_D] 6v4 with aegis our hc dies,1
"see, I can tank",0
DID U forget ur safe word ?,0
u prefere 1-6 ?,1
gg,0
spec run,0
EZ,1
more cancer pls,1
nah i actuially tp'ed in alone :/,0
too self confidence who jump high fall down,0
dont def plz,0
huskar is lag,0
lucky girl,0
go techies after see 4 melee,0
pls dont do that,0
[MASK_A],1
pip,0
report chen,0
haha commend,0
worth it,0
lag mental,0
stfu,1
void void,0
but we dive much any other,0
ya thanks,0
4 lvl carry ?,0
nice global and posion low trash cans,1
lmao,0
u really hate me necro?:)),0
that [MASK_A] range what the [MASK_B],1
all good,0
0-7,1
gg,0
LOL},0
outplayd in lane lel,0
this is 4k,0
omg,0
ulol ka zues,0
he skrub,1
lol,0
Defend fuckers,1
internal problem?,0
Ty for stacktrash,0
noob carry,1
ez bot :3,1
pro mat4es,0
GG END boring game,0
SNIPER IM COMING FOR U,0
"you have disconnects i once lost like literally, no [MASK_C] joke, 7 games in a row cuz my team disconnected",1
so salty :3,0
TRY HARD PLS,1
guys plz report brist i beg u plz report that noob guys i beg u plz i beg u report him,1
gg,0
you rekon ns?,0
sf,0
Wasfucking [MASK_A],1
anyád,0
eeeeeeeeeeeeeeez,0
@@,0
so ez,1
no,0
no ganks no anything from you so noob,1
GGWP,0
meh,0
and ?,0
ggwp,0
ggwp,0
wew,0
i didn't die on first try too,0
EZ^,0
:D,0
wind lost us the game,0
?,0
BARA SO EZ HERO,1
pro carry top,0
pls give it back sielnecr i will throw,0
ggwp[,0
lotus,0
47 30,0
eaxe dc,0
i died,0
HAHAHA WTF!,0
comend,0
lol gg,0
wtf is oging on,0
idiot natural,1
#Baited,0
w8,0
END THIS GAME PLS,0
nice try,0
holy [MASK_D] this is just the lowest tier [MASK_A] game,1
hi,0
u 2 gay kunt,1
hey be fair pls,0
lycan well feed,0
commend ursa,0
nice,0
nice game,0
back track,0
XD,0
fkn lag or just me?,0
ez mid,1
u 4 got easy money,1
haha,0
How long have you guys been a team?,0
BABILO!,0
B,0
EZ EZ MID,1
rofl,0
w wb bara,0
nice team :),0
Report,0
FUNNY INJOKER,1
are you happy?,0
ok we got brood Ez,1
?,0
G?,0
no,0
"best LC, world. GG",0
ggwp,0
gg,0
[MASK_A] YOU,1
lion kills and i tank doom ulty lol come doom me doom u like it,0
gg wp,0
?,0
orryt :D,0
",,/,,",0
gg,0
commedn me :D,0
noob,1
lol,0
GG,0
because low carry player,1
gg wp,0
abbadon afk,0
wow go ask lina how laning went how is you cs lina laning stage?,0
;) :( no rapira =raport,0
i d'dnt want to win you forced,0
Lol,0
we all have flaws,0
WP END,0
GG Team,0
commend me guys,0
gg,0
np,0
lol,0
ezzz,0
AUTO DISCONNECT?,0
as long game as more chance u have for win no point to play 0 chance to win,0
hi gl hf plz lose :D,0
have fun with creeps,0
? report pls,0
failed c'mon aim me more,0
EZ ARBOL,1
you resume at WD,0
|pro here b itch,1
:D GG end,0
...,0
bisaya pisot,0
gg,0
hgahhaha,0
he will come back or what? try english,1
door bell wait a min plz,0
@hp =]]] 2hp,0
"Well, yeah",0
soookaaa,0
gg reporten sf,0
lmao pa did well tho kappa,0
yah w8,0
mid lol?,0
joke,0
gege,0
ez me,1
I DONT GIVE A [MASK_C],1
Ahah,0
report lc,0
1000% critical chance,0
lol so are you but and you lost in 2k,0
gg,0
vs solo doom solo lane,0
?,0
gg,0
GG,0
Am bog,0
were friends,0
nice manner,0
no ss,0
ez tinker,1
lol this is 3k5? feel like pub,1
WOOOOOW yeah,0
guys why you run from the friendly fish,0
ok love u 2,0
trash Stop pickin carry,1
ez PICK ORACLE DAZZLE GO WIN EZ GAME ALSO GO SUCKMID EZ GAME TOO! TOO EZA!,1
lol,0
haha woah der nice hook!!,0
and ?,0
oh isee,0
lol,0
grey's talking [MASK_A] too he's like 'i got packetloss and i pwn these nubs',1
afk go end DAzl mid slark suport,0
Ez mid,1
ggwp!,0
lol lol,0
harder,0
yeap,0
lol,0
wag ako,0
because he is a bad player,1
tinker 5.7k mmr say,0
so smart this doom high skill,0
ez,1
GG,0
you got abited DDD eks dee,0
wahaha,0
wp mid,0
lol,0
say something haha,0
a':d:d ;D;D;DD,0
ggg,0
～,0
lol,0
SO ?,0
THE,0
relax man,0
:3,0
lol,0
nice try,0
woo arrow,0
LOL LOL LOL LOL LOL JOJOJOJ,0
no mate gonna [MASK_A] ya in da [MASK_D],1
dat arrow,0
commend me and ww :D for supports :D ggwp babe brood :D,0
Sorry for lc,0
AM says qop [MASK_C],1
i walked into that xD,0
disgusting riki randomed,0
bye wispo,0
xD,0
REPORT INJOKER PLS ? guysreport injoker pls,0
i stacked my creeps idiot,1
wew,0
bruh you need a chill pill,0
oh cool #themoreyouknow,0
where are u,0
maybe 2 mins okay?,0
i blame republicans,0
:D ty,0
ay ylmao,0
ahahahaha,0
|put ss on mne,0
just end gus mid end,0
wow im noob,1
g g,0
are you retarded? ^like how bad are yozu,1
gg,0
u lost 17-43,1
you dont want him on your team next time report,1
lol,0
bh gg cant wait own team mate xD,0
wp noobs,1
ecks dee,0
GG,0
ur arms are shaking,0
wow,0
u d won this dude.. why u feed..,1
LOL,0
its ok guys i just want my 6k mmr,0
invoker noob,1
jESUS CRHIST,0
he really is,0
why try to edge people on are you that ignored by your parents o boi,0
u whant 1 hr?,0
g,0
okay,0
commended sk has a big [MASK_C]],1
peruvian doto,1
enigma blackhole creeps plz,0
lo,0
no 6k no one to slay,0
WR what happend? Ur titling,0
or feed,0
report this traash pls <3,1
EZ,1
yah,0
Ez,1
gg,0
he cant connect wtfast . just connecting with t it,0
?,0
GG im sorry qop maybe next time we are teammates or not fucker,1
gg,0
,0
? ? wats going on idk,0
i dont need luck,0
Before being negative,0
psycho hahaha,0
gg but we will get money,0
injoker skill ahahah [MASK_A] thebest,1
lol ember,0
Crrrrunch,0
dont aim me later Sladar,0
haha,0
hahaha tagal mag crit,0
commend enigma for good black hole,0
mag,0
WORTH,0
divers...,0
wp !,0
yea maaaaadd,0
HAHAHAHA,0
u guys are winning u can afford to,0
hehe let me run,0
u OK M8?,0
WTF,0
D ty,0
yup cant even farm near my own base,0
pause guys,0
gg wp,0
com blood,0
im good like sf now,0
let it gooo,0
haha,0
1cd,0
lol,0
;),0
wtf,0
lel,0
gggg,0
WHAT ABOUT MJOLNIR,0
lol what',0
i dont get [MASK_A],0
pause?,0
ggwp,0
rata,0
i swear to god,0
you can see that but cna you see wards?,0
gl u2,0
Ez WK,1
lol,0
worth?,0
go for ff it is fucked up,1
please don't mind invoker,0
EZ GRAVE EZA GAME!,1
what ?,0
I THOUGHT ITS A CREEP FCKING AXE SORRY,1
indeed,0
dont be shy just come on lol,0
LOL,0
WHY SO EZ?,1
plant?,0
commend me,0
lost to 5 trsah with 4 trsah nice 4k trash,1
reported for greed enjoy your day in the milk farm re#sclard,0
wirth? worth? werth?,1
ez mid,1
20sec plz,0
[MASK_A] off jugg l2p,1
ez top,1
REPORT ES,0
look at ur death noob,1
gg,0
top ember eu,0
GGwp,0
Liol,0
i got so much money off your treants,0
linte kamu,0
[MASK_B] u he doesnt want to come back cause u no pause,1
"he say me un wsp, im done",0
damn cumback no need lol,1
report jakiro ty,0
vroom vroom,0
hahaha,0
loda is trash,1
gr8 b8 m8,0
fv mid ?,0
not a fun game for me,0
ggwp,0
silencer i will commend u friendly,0
lol,0
like you,1
ITS HAPPENING OMG,0
Gg gg wp ez game,1
ok try hard more,0
dont worry i dont,0
morale of the story is follow ur heart and dodge when u have 2 cunts muted 4ks barking all gamme fk me,0
"#Reported 10 days a week fking idiots ive done done drugs for almost 20 years now and im [MASK_C] fine fine, sir? HAHA",1
nikolaiv wins,0
report slark pls,0
wp,0
damn sf i gave u 1 kill,0
rip ta,0
Ez doom my illu haahhaah,1
?=,0
Because I told you to help bot that is constantly gtting ganked rather than push a t2?,0
what a stupid game,1
nah wollongong south of sydney dapto,0
maube next game?,0
-1,0
se,0
i dare ya pa,0
aahaha no,0
dont bully my friend ok? you bully him all game,0
Sexyness!,0
sky is the worst player,1
stop lying to yourself,0
gg,0
5,0
this was ez,1
u guys,0
can u just let us push and end,0
xD,0
bg XD,0
stop when 5min are near,0
LEARN SOME MMR FCKTARD,1
Gg,0
pff,0
Why are you still talking in /all chat ? hahaha,0
probably easier to explain an bility,0
reported invoker,0
gg wp i give up i delete this game,0
z Ez reprot lc,1
tjat has to be gg,0
we lost,0
fayze,0
go end ty doom thinks he is pro,0
+,0
[MASK_A],1
why keep stun BKB,0
yeah,0
was a good game,0
fireworks,0
6.7 K,0
Chase me ~,0
yep,0
HAHAHA,0
nah i go suicede in jungle,0
[MASK_B],0
gg friends,0
u will have the same [MASK_A] as me next game go sf,1
gg,0
all feed :)) 4k idiot sad,1
you and tiny and tuskar,0
intro boys,0
haha,0
he is an idiot,1
u mad bro?,1
Go kill,0
ouch...,0
report tinker pls nmooob,1
WTF,0
yea. i see i`m mother [MASK_D] bad gege,1
gg,0
DXXDXDXDXDXD,0
hahaha,0
ya,0
noob with 7 creeps on sf,1
All report Mirana and troll,0
ff and report gyro and void 2 usles playes go [MASK_C] your self noob gyro,0
Who the [MASK_C] dooms PUGNA!?!? :D,1
trash am,1
XD,0
ShUT D FAQ UP ?,1
thats me,0
ez ez ez mmr,1
asfd ojgba s,0
Gg,0
for ruining game on purpose,1
gg,0
retard,1
Gg GG lolo,0
no ne tolko chto imenno izza nego,0
nice abandon,0
gg,0
who is that,0
with kill 14,0
not just 6 sents,0
[MASK_C] you,1
eZ hAHA,1
nyxnynyxynxnyxnyxnyxny,0
he healed,0
butterfl im alreadty,0
girlssss,0
HARD THIS GAME,0
MY ESE IS HERE,0
?,0
try is hard,0
GG VOID EZ void,1
LOL?,0
gege,0
hi . .!.,0
we have an dc r u retarded or something like that? i mean u r russian but u know,1
w/e,0
Thx clock!,0
SO NOOB,1
lol 6 souls end,0
wards at the same place! wtf!,0
gg ez mid,1
Anyone can buy an account,1
why?,0
with ur [MASK_A] blademail first item vs TA lol,1
Suda idite Vseh viebu,0
gg,0
chill,0
my keyboard didnt work sorry to delay,0
gg,0
oh [MASK_D] am said her name,1
how can u be sure?,0
end plx,0
you have a tp tusk,0
wr is nice dude,0
babilo,0
gl,0
better supports better game,0
i jsut think we cant just run at their base like you are doing,0
love u,0
Easy hmmmm like range creep,0
commend am ahaha,0
gg wp,0
whatever bg [MASK_A] techies,1
you too 3 v 1 noob?,1
confirmed weaver 30 atar,0
make me happy with ur report,0
gg,0
xaxaxaxaxaxaxaxax cyka cyka gracias ty,1
[MASK_B] me treant u look pretty,1
lol,0
reKT dAT STUN lol,0
rofl,0
lol kunkka,0
[MASK_B] optus,1
you ? :D :D,0
reporting my team,0
what ?,0
first time because of you,0
lol,0
GO END,0
you mean we are actually playing gj hf fam,0
i had abilities?,0
gg,0
wtf,0
haha,0
lmfao,0
nice random :O,0
fu,1
piece of cake :),0
tide was more like a tsunami,0
go feed,0
wtf u can do against qop on mid,0
Rampage,0
carried by who?,0
gg,0
at least I have a level,0
feeder blame me 6-7 boys here we go,0
that bkb use,0
GG,0
lol,0
sec,0
kappa,0
gj lich and naga,0
nice tony,0
pudge played rly well and carried your sorry [MASK_A],1
11,0
k wk is the worst wr is 2nd,1
lol,0
ory oryt,0
z,0
loL! OkAY! EZ aLcheMIst LOl!,1
OKAY,0
no,0
lol [MASK_D] i mean clock,1
GG END end now,0
i guess you could say he's playing as if... clcockwerk,0
NICE TRY,0
kill that es tinker,0
sad,0
lolllllllll,0
nice la,0
Report invoker,0
AAYY LMAO,0
Wew,0
do we even have a slark i didnt notice,0
aw,0
350,0
Also don't touch my runes. They are my shiny runes.,0
ezzzy,1
|gg,0
sorry voker told me to do it,0
"im confsued now, who should i report?",0
boom gj wind,0
gg,0
haha,0
SPARE ME,0
no!! w8 4 me haha :P,0
ty mofo,0
233,0
DIDNT SEE MY LIFE LAGH,0
you can dat that,0
commend my [MASK_D] plzz comeback is real,1
useless af team only one doing anything is tusk everyone else is stroking off,1
SEARCH ON FB CEN IZA PLS,0
im lagging but i wont hold you all up,0
ruskies on west eu is bad enough,1
gg wp,0
becoz ur weak,0
omg,0
../.. noob,1
ww cant armor me,0
fcking miss,1
axe y wr brutos :(,0
nice arrow,0
gg,0
connecting today,0
ty,0
why...,0
?,0
COMEBACK IS REAL,0
noob items spec lol im getting 1k ping when clashing,1
wrote him you xyilo sf )),0
bruh,0
:( wtf 2248 gold,0
ez?,1
ez,1
yolo,0
sad,0
wpwpw ff,0
XD,0
yeah we [MASK_A] lost,1
wow,0
yep,0
gg,0
rip,0
ggwp,0
ty baited ty lc we win,0
san lupam 5 pairs,0
w8 plz,0
next time bro next time,0
Low team,0
lol yea pick another carry,0
dont cry keep moving,1
lol,0
LOL,0
fair gam guys tnx for understand,0
nice boy,0
y i know nobody said that we will unpause so...,0
report pudge and am pls,0
KIDS,1
ggwp,0
5 streak xD,0
report qop,0
gg,0
HAHAHAHAHHAAH @ PL sry lag response from about 5min early game,0
oh pot,0
haha,0
doom tp top when we have vision on you rosh XDDDDD,0
ez bait,1
guys whats he doing no time,0
Ty,0
on some game losing [MASK_B] RIGHT THERE,0
bot is down : facts,0
i liek both :S,0
lol,0
stupid magnus pizda,1
EZ MID,1
soon i wont have mana you tp,0
lol,0
keep pushing rax should fall pretty soon,0
ez,1
KEKEE,0
HAHA,0
^,0
i made that up just to make me sound smar,0
sent?,0
kaka buy back lang ea,0
for ?,0
morph,1
rekt,0
GG WP Ez axe ez slardar,1
REPORT KUNKKA,0
ggwp,0
report pudge please :D,0
but u r clashing,0
dafuq was this luna?,0
just push and end guys gg wp,0
?,0
GEGE,1
where u at BIGBADBIRD,0
LOL,0
commend my team Pls,0
restarting pc something wrong with dota please wait,0
gg,0
easy game easi life,1
thats what im asking ffs either way diff against me :)),0
ah well,0
gg,0
??,0
keep dream oracle,0
JAMES DEAN [MASK_C],1
copy paste,0
Atlas na bobo tanginmao pa cute HAHAHAHA,0
why? haa,0
lol,0
end =.= def forever,0
carry ww yo,0
6v4,0
im your food,0
what up amiga?,0
..,0
just w8 3 min and go next,0
gg,0
i dont even ?,0
LOL THATM ISS,0
gg wp,0
cuz i dont wanna feed u :D,0
fk u,1
ks all game and say ez game wp necro,1
cant believe your wards see me plantign all those wards,1
im gonna commend Puck and report this Alchemist [MASK_D]!,1
"GG j,blyj",0
let them defend jugger,0
wait,0
))))))))))))))))))))))))))))) 10 bashes,0
wp,0
:(,0
Me mushe,0
haha,0
1 PA eport = 1 commendation,0
haha,0
boring game ever,1
gee gee,0
defending ur friend?,0
Stick team haha,0
captain obvious captain obvious captain obvious captain obvious captain obvious FACTS,0
wtf? wait la i said i can [MASK_A] back rubish,1
Just report them if you dont want them on your team,0
OMg alchi reportd plz he is fk nooob Fail mid,1
BH let me rege,0
|LOL,0
haha,0
not rl gyro is not meta :-),0
ur mother,1
...,0
THE CREEPS ?,0
?,0
next time dont play spec coz of lag,1
gg,0
HI? 1ult 3die sad T_T;,0
no prob ez?,1
QOP ....,0
fair,0
not my prob,0
53 secs pause it later,0
LOL 2 hit,0
lolz,0
SRSLY,0
gg sisihan na,0
sorry,0
I'LL BRING THE CHEESE,0
pinoy ka? sgh,1
lol am,0
no max shrapnel = gg,0
pls = =,0
haha he use all skill for me,0
[MASK_C] craos craps,1
ez ezzz ezzz,1
:( my flesh spoils but im a robot...,0
hi',0
yea damo,0
ez?,1
LET THIS BE A LESSON,0
lol,0
gg,0
wa,0
we are right next to each other,0
?,0
he's on but don't enter,0
the [MASK_B] begins,0
dog [MASK_B] stains acc buyers,1
"he needs rc plz wait, ty ty",0
shhht no one saw that,1
tnx to alchee hahahaha,0
bb ftw,0
astraling hero who has shackled,0
rofmao,0
thanks omni :)))))))))) now he goes in low <3 lovely kid,0
ROFL,0
10 hp,0
No u wait for mine,0
srsly??? she is gone for 6 or 7 min 8with afk) (with afk time),0
LOL,0
haha,0
ok,0
da,0
lol go NP!,0
y u deny my tp :(,0
so raged?,0
gg,0
we've already won,0
LMFAO,0
ahahahaha,0
how are you clinkzz?,0
k,0
hahaha,0
agree,0
you had a good feeder in mid,0
LELS GGWP,0
i'd get that r checked if i were you,0
gg la kids well played,1
D,0
gg,0
gg ez,1
)))))))))))),0
magic,0
haha 5-11 he sat ez,1
report TY NICE PLAYERS 4 k,0
HALLO,0
nice doom,0
bobo ka hero ka ng hero,0
gg,0
well its a hard early game,0
so dont tt,0
gg,0
our sf so noob :(,1
5 cs qop won ftw,1
hi jesus,0
you had 5 v 4 ROFLAJHJAKHDJAKLDNALKDN:,0
sry um [MASK_D] drunk,1
our net [MASK_D] here so haf to use wtfast,0
haha i'm having fun,0
dagon O.o,0
thjis retard alch win win,1
ez game,1
xd xd xd xd,0
THAT LAST PICK SPEC'' LIKE U KNOW [MASK_B] ROFL,1
lol,0
hahaha look mkb,0
Gg Ez invoker,1
gg,0
yea if online we go paused,0
bye bey gg,0
yeah but,0
+,0
Coold snap kid ROFL,1
?,0
Rage rage,0
lol,0
blue toilet,0
raku,0
IDIOT!,1
? o0o,0
haha,0
gg,0
???,0
ambulance here :3,0
?,0
<LOL,0
ez game,1
LOL,0
lock item noob,1
TY,0
"who first picks pudge, ahhaha",0
i will report wr gg,0
sorry for the sf,0
ez mid ez mid ezmid ez mid ez mid,1
gg,0
[MASK_D] my life,1
are you scared? wont finish? i see i see,0
Wp,0
AHHAH,0
?,0
)),0
glgl,0
report centaur please,1
fix the internet and play,0
sup?,0
you love me ?!,0
[MASK_C] SUMIAL WANNABE,1
best right click eva,0
u got another 1 min?,0
pro slark,0
trash talk,1
ggwep,0
there you go u got the throw,0
yeah i feeed and [MASK_D] ur mom,1
plz clock im [MASK_D] sorry,1
rekt,0
hes coming back soon,0
yeh 10k each sound reasonable if i win,0
wtf is this game,0
she come back I tell you,0
DU DU DU DU DU DU DU DU stupid bash,1
LO LOL,0
typical sea,0
dat flashmob,0
i have no idea why im still fighting dumb [MASK_B] axe tbd nubs like this deserve 1k,1
hope he got,0
1 for 5 lol,0
4v5 not bad,0
Νοο,0
still no,0
commending am,0
picks for the win,0
aw invo u hit me,0
I'm just a frustrated support player,0
:D:D:D:D die,0
),0
lel nice items btw bro,0
38flesh is not bad,0
JUGG V MUTE KSTATE,0
nice fight ,0
Miis click omfg my ulti don't go,0
nice ulti,0
playing w/o vision and courier is fun,0
facts,0
g,0
Follow me :D,0
riiight,0
meanwhile sf still finding farm,0
bs guess we never be friend D:,0
R A G E Q U I T,1
HAHHAA loser,0
HES ONLINE,0
punch on at rosh winner takes all?,0
gg wp,0
:D,0
gg,0
english pls sir idk your word,1
we tried and you killed 3 of us so we wait :P,0
lol fist time dead,0
[MASK_D] off,1
HELLOß,0
gg ez hardlane,1
pro,0
like the young,0
gg ：(,0
EZ ta 20-0,1
sorry,0
glhf,0
gg wp,0
bulgarian sausage leki xdxd,0
XD * the irony is real,0
haha,0
haha,0
gg,0
report tusk and sky :) [MASK_C] usless,1
gg wp,0
lol,0
Say goodbye to your mmr bye too :D,1
ggwp trash mid ever,1
cree[s creep pa hahaha,0
ez haha?,1
you guys countered me good,0
NAXREN mOM?,0
go mid,0
LOL,0
all those eggs in that alch basket,0
he will come back,0
u a liar,0
GG,0
You all have [MASK_B] heroes And i have to play against you,1
this is the thrid time in a row,0
gg,0
im too,0
ALCH SAYS REPORT MY TEQ,0
Omg,0
ez,1
hid between trees,0
SADBOIS,0
newbs,0
ggwp,0
[MASK_B],1
Kappa,0
gg,0
english retard,1
report ember noob ty,1
qop,0
gg,0
fucker tusk,1
ez,1
and?,0
this game over anyway so yeah,0
EZ dusa EZ slark ggwp,1
whole game,0
lol AA GET REKT piNOY,0
end fast,0
gg,0
K,0
END,0
2 inches,0
try hard?,1
glglgllglglglgl,0
CUTIE CUTIE MAGNUS,0
honestly,0
hisssssssssssss,0
swpt,0
lolllllll,0
ajajajajaa ahahahaha,0
drow has downies,0
orange practice ur invoker sumail invoker wouldnt miss that,0
GG [MASK_B] THIS GAME,0
retard,1
here she is,0
GGWP,0
dota 2,0
I WILL ALWAYS [MASK_A] HIS [MASK_C] AS LONG AS BARA WANTS HIS [MASK_B],0
4 of them more ranged then me so i cant,0
:D AHHAHA,0
nc rubic hah,0
?,0
so tank tis fcking undy--,0
ember your idol?,1
,0
xaxa,0
gg disconnect comeback,0
GG,0
LMAO,0
lich wtf,0
lol noob hook,0
??,0
im really getting sick of that missle,0
DD,0
most ez game in my life,1
I am still so fkn dirty about that fb. I spiked out so hard,0
uselss PA,1
NICE CHARGE IDIOT,1
GG,0
the power of rat,0
he is coming there is lag he said..,0
hahahaha,0
gg,0
hello,0
ROFL,0
[MASK_D] arrows! [MASK_D] arrow!!,0
end come,0
:)) i dont think so :),0
DUDE!,0
+,0
dude :/,0
cud u guys end?,0
? qop?,0
lol,0
THIS IS EPIC!,0
doesnt matter how well you do,0
EZ,1
ahaha hahaha HAhaha,0
gg wp,0
commend me ty,0
look at him,0
hi doom,0
sunsfan gonna like it,0
TOP PREPARE YOUR [MASK_B] TOP,0
haha,0
average,0
idiot qop,1
wp love this dream team,0
[MASK_D] Haha,1
10 12 husk EZ?>,0
wipping? oh yeah,0
lmao,0
SEXYYYY,0
not like that,0
that bash lol,0
goodnight :D i go sleep,0
wait,0
ZZ,0
gg wp,0
what,0
gv me tango,0
plz report bara,0
rusk? i have ward,0
LOL,0
BOMJI,0
2100,0
so stronk,0
rip pink who wont shut the [MASK_C] up,1
sad ta,0
commend,0
she fought,0
+,0
still no?,0
"XDDDDDDDDDDDDDDDDDDDDDDDDD am, u fucked :DD: am are u ok ? :D:D:D roflmao",1
your base cunts,1
do itttt :(,0
((99((,0
THATS HACKS [MASK_A] SCRIPER,1
rea;;y really im not,0
gg,0
ggg,0
wtf guys,0
Sec,0
MANTA INTO ES GOOD IDEA :DDDD,0
ohhh soz forgot man havent played in 1 yr gagaga,0
idots,1
baited [MASK_C],1
xd,0
POTANG INA KAYO BIGYAN NIYO NAMAN AKO NG HALAGA,0
legion come back please,0
how ling time?? hahaha REALLY?,0
oh u fast or me fast,0
wow,0
LOL GG wp meepo commend,0
hahyahahahe [MASK_D] this team so funny,1
thanks,0
youtube $$$,0
W*,0
maen my,0
ur base is so strong,0
lol,0
im getting like 500 ping from california,0
lol,0
am still farming slow item,0
so smooth invo great player,0
wait pls,0
just report bh and end game was over before it even started easy even riki picker wins,0
MAD [MASK_B] HAHAHAHHAA,1
DAEDALUs GAMING,0
66=65,0
oh i know u like it 'hard',0
thanks for making that ez storm =D,1
f9 [MASK_C] viper [MASK_A] your mom,1
love u bro,0
Pls sut up,1
remember how sk sat in lane in sandstorm and died to ES every time,0
gg ty,0
sure,0
Wow,0
Cumback,0
israel,0
sf how did u lose mid?,0
pudge and axe is speaking russian whole game,1
ITS NOT LIKE HE PUSHED YOU INTO THE HOOK,0
sf working with gass :D,0
he's in the loading screen apperantly,0
cause he love you,0
)),0
MID OR MEEPO,0
lol,0
lol waht I moved to do that,0
ggwp,0
GGWP,0
NOOBS,1
guys,0
gg,0
funny game,0
FARM MORE,0
commend super support zeus 11 assist,0
?,0
k,0
wait 1 min soz,0
dunno,0
lol,0
babay?,0
VS new,0
I HAVE MORE ASSHIT DEN U,1
nono,0
can we end pls ?,0
gggg,0
peruca JAJA,0
wp wp,0
oops,0
they will get fb ez,1
:DD [MASK_D] happens right,1
3,0
?,0
[MASK_B] back will real ? be real ?,0
[MASK_D] gg,1
gg poo,0
FINISH PLEASE,0
lol,0
THINK AGAIN!,0
gg,0
WRTF,0
lag zz,0
Report bs for commend,0
lol,0
im here Where are you,0
ahaha Ahaha,0
1-14 mid,1
4 bounces,0
wards,0
respect w8 go,0
reported,0
HE'S ON,0
talk more dude,0
noob all,1
I CANT DAGON U STUPID ill die,1
just making other 3 play stressed,0
come back is really,0
WHAT cheeeers gaaaame got a bounty troll ;/,0
Aw its a gg by navi DEDZ,0
hes retarded ignore him,1
thats not enough,0
wait,0
wp,0
LOLS,0
NEVER DUEL,0
team to retarded retardedrer=d,1
hahahahahaha take my taunt in ur [MASK_B],1
Recon,0
no bkb no won gg wp,0
fucker youll lose now im pissed,1
train more idiot,1
..,0
hi nerd,1
better call the fire department,0
tfw invokers retarded,1
NOOOOBEST SF haha,1
sure,0
oblivion is mad,1
Lol no,0
"aha [MASK_C] off ryan, why are u evening saving that [MASK_C]",1
noob,1
[MASK_D] this sniper,1
[MASK_A] you self legion,1
DEF,0
wp,0
4vs5,0
6 6,0
thanks more,0
what the [MASK_B] is wrong with you guys,1
lvl 14 rofl,0
that range XD,0
for having [MASK_A] internet and not tping back,1
Ez sf,1
you to!,0
want report?,0
the wise fear my footfalls,0
GG nice game,0
rolf,0
HE WILL BE IN YOUR TEAM NEXT GAME,0
^,0
GGWP,0
reported alche,0
GJ,0
?,0
huskar ruined,1
gg yeh your tree is a dumb [MASK_C] haha,1
my gift to u,0
THEY'RE ROSHING GOGOOGOGOGOGOGOGOGO,0
nice,0
IM SUPPOSED TO BE MUTED,0
we got brain,0
i think he not recon,0
wp,0
Die pls,1
Hallo ?,0
gg wow nice commending u team so pro,0
win early game just so noob sniper can noob,1
:d pacan s midasom,0
1 hit,0
&& &,0
close =),0
5k? HAHAHA,0
sec pls,0
you mad son?,1
centaurs on fire noooooooooo,0
erm,0
Please ignore the butthurt invoker Its that time of the month,0
GL,0
really is tank death ward?,0
noob กาก,1
and qop,0
dont blame team,0
gg,0
lol,0
Ez lol,1
? blame?|,0
dogggg team 4k cancer,1
i think you'l be ok SF,0
Hope they buff this hero next patch,0
pls learn it XD,0
wait sladar,0
paid puck 100 bucks to do that thx puck,0
HIO,0
lol comke cop come,0
lol,0
s and y cent lel,0
nice bb,0
end game,0
w8,0
skyrath [MASK_A],1
I told you need to believe,0
coming on dota2 now,0
mid,0
thnx,0
ouch,0
I give up this legion won 2 duels,0
WTF,0
gg,0
welp im done with this absolutely terrible patch ill be back if something improves,0
i think you have to blame your suports,0
noob,1
Gg,0
bye bye,0
i so scare man,1
rs?,0
so be nice to others,0
K 1 HOUR,0
DIE,0
he have mouse problem but he coming,0
[MASK_A],1
go paly on peru servers with other shitties,1
well,0
gg,0
haaha,0
he doesnt know how tinekr works,0
it randomed for me,0
gg,0
Sure,0
ggwp,0
reported chen and bara [MASK_B] morons :D FF please,1
end,0
hi benn,0
[MASK_B] i had bkb rip my bad,1
gg,0
#worthy,0
WHY THE [MASK_D] I DONT RANDOM ALCHI I RANDOM MOST [MASK_B] UGLY HERO EVER,1
ty es,0
[MASK_C] THIS [MASK_C],1
D,0
waste time,0
rweport fsuck my [MASK_A] retard,1
yeap yea 3mretards,1
hahaha,0
gg,0
haha1,0
HAHAHA CUMBACK,0
how i dead?,0
they dont want to kill,0
GG,0
just report please invoker this idiot cant even use sunstrike,1
yeah agreed,0
sry,0
??? ???,0
HAH,0
too many carries,0
OMG,0
TOLD YA,0
y aim me storm? u slow hand,0
LOl,0
only took 4 of you space created,0
end,0
ggwp,0
xd,0
:D,0
ez ?,1
lol,0
wtf,0
not me pls [MASK_A],1
thanks,0
you end my god like,0
haha,0
XD,0
ty gys,0
yeah,0
hahaa,0
haha,0
lel,0
depends on ur carry,0
gg,0
HAHA BWAHAHHA commend me guys,0
80 on 1,0
carrying it and ur tower,0
ol lol,0
sup,0
agree,0
m9,0
"I dont know whats wrong with my SF, he isnt getting off veno's [MASK_D]",1
1 min dude 50 secs,0
gold coast,0
mlk horrivel,0
lol es ur so gay s[amming him es is just a spammer [MASK_C],1
?,0
look at my eys what do u see cult of personality its cm punk cena is scared,0
omg its karl,0
Yes ;D,0
lol ur base boys,0
[MASK_D] u im a queen,1
u guys shold have finished earlier,0
need to rec wait pls,0
gg wp yee),0
wow..... give me a [MASK_B] break,1
im sorry,0
report brood feeder :(,0
he is,0
gg,0
rq,0
when im on stage at dh winter ur not getting a shout out,0
im afk finish,0
kill am,0
best carry evahh,0
[MASK_B] u,1
we are the ones winning son,1
ACT LIKE A PRO,0
MY 5 SAEC STUN,0
GG,0
comend me,0
gg,0
)),0
?,0
ggwp,0
[MASK_C] you,1
XD,0
XD rp me solo xD,0
lol,0
lol,0
,0
anyone here had unifi issu with packet lost? cz i jz change it but gamming like hell =-=,0
"yes, we do have supports",0
ye,0
tell it to sidruptor pls lol idiot,1
gg,0
friends?,0
"just go, he has rest in peace",1
on a losing streak,0
gg,0
Haha,0
enought,0
bobo bara,0
rofl,0
REALLY?,0
cb game noob 2k mmr player oppenent also,1
what a trash team,1
for soght ahha,0
AM [MASK_A] NOZA YO,1
hes still not online >.>,0
[MASK_B] my pants,1
so who has fallout 4,0
silencer keep it,0
ty disruptor,0
noob mid,1
u lost them the game necro,0
hhh,0
LMAO!!!,0
me,0
LOOL,0
Wa G,0
no no no no,0
END,0
you said yeah first so it was,0
if u dont want to give back i will beat mode hahahah,0
xD,0
doom skilled,0
gg,0
like my boyfriend did when he penetrated me for the first time,0
its would be not fairplay,0
ahahaa 2 spells noore more,0
so begins blame,0
noobs,1
Ggwp,0
ez bot,1
This is actually The first game i got sb on sf,0
ty pudge ty pudge got me fam,0
???,0
y can end if u want,0
gl hf,0
just team of bad initiation [MASK_B] me into qop ulti and instead of back they go fight ~,1
wheres all dat cheekyness now,0
kunka 1v1 u chaeter,0
cloak against right clickers,0
gg,0
listo,0
ggwp,0
wa,0
EZ TOP haha,1
ez,1
we have a pinoy man ffs,0
sad,0
hha,0
who report ww i commend him,0
lol,0
ez mid,1
ez,1
fortify,0
Great ROFL disastah,1
puck.. pls..,0
Nice money,0
i am on mid,0
.... sorry not u just say my game is [MASK_B] [MASK_D],1
hes [MASK_B] hes too greedy,1
And are still Trash,1
gg,0
in game alr,0
ez?,1
Wtf was that,0
ptm,0
gg still same end,0
"you nkow, not even kidding",0
yeah,0
report timber pls,0
lol,0
wow ty for patience,0
[MASK_B] U NICE,1
Who discovered America?,0
w8,0
sec mouse ok,0
OSfrog LE BALANCED FEMALE ROBIN HOOD OSfrog OSfrog LE BALANCED FEMALE ROBIN HOOD OSfrog OSfrog LE BALANCED FEMALE ROBIN HOOD OSfrog OSfrog LE BALANCED FEMALE ROBIN HOOD OSfrog,0
featuring alchemist,0
report team noob,1
wow,0
spec + phoenix cant win haha,0
i fed guys report my team,0
cant win nid with shtorm yea cant ult or buy wards mili herto on line,0
tomorrow school man,0
0o,0
lol,0
"omg, look at his steam client",0
gl,0
hehe,0
defenive retreath?,0
THAT QOP JESUS [MASK_A] CHRIST,1
goodgame,0
???,0
gOODgAME; wELL pLAYED,0
this pudge,0
Fucker [MASK_A],1
lol,0
I did my best,0
can u,0
hahah too much makunat?,0
gr8 b8 m8 i r8 9/11,0
poor slark,1
i wish i lived in SEA,0
you are so low,1
bit easy,1
EZ DONT COME TOP,1
no need lol,0
commend SUPP haha,0
ใจยเน,0
hmm,0
haha for [MASK_C] you akk,1
report aa lol,0
GOD i llove this team bunch of downs,0
?,0
./. ./.,0
XD NO!! OMG,0
gg,0
xd,0
just say GG guys,0
7,0
you [MASK_A] only with yourself cause im having a good time here bra,1
gg recomend,0
:D,0
EZ MID,1
lucky u anti,0
vs snip mid,0
googoo gaga,0
I didnt even get to duel,0
so....,0
FAIL MID,1
zeus > all,0
i dont understand why is this 4k support always stay behind and do nothing some1 explain pls and this [MASK_D] tiny farming whole game with shadow blade so [MASK_D] passive,1
gg,0
idiot pudge noob roam,1
fck,1
ok i will do,0
:P,0
i commended you,0
Can you not pls ? Do that ? :D,0
r,0
ya coz u feed too much u actually lost as ursa remember? noob jus feed this veno noob and act pro good for u,1
gg,0
ez mid,1
MOFUCKER,1
party,0
wooden pc,0
360 eu,0
you sux i win,0
poetic,0
ggg wwpwwpwpwp,0
still salty about that LOL,0
how long it will take?,0
kill me.,1
:D,0
mrs mamu ti jebem,0
lie,0
stop trashtalking and play,1
Ez,1
GG,0
yea,0
gg ez,1
free mmr,0
LOL,0
kAPPA,0
hmm?,0
ayy,0
WEw Hahahaha,0
debuff,0
nice feeding her garbage,1
Wak wak wak Ty,0
.l.,0
GG WP,0
pl good mid,0
void void??,0
k,0
ff pls all pls report our nyx..,0
rofl,0
gg,0
im gonna aim you,0
HAHA,0
HAHAHA,0
sniper unpause ?,0
aaha,0
Revenge [MASK_D] I get 350 gold...,1
eZAASASAAS! SO EZA game!,0
wow really? we wait for TA [MASK_B],0
??,0
24 kills is feed,0
best support,0
don't blame,0
good luck have fun,0
nice gay festival motherless fucks,1
18 min bots,0
Ggwp,0
and we have d opposite,0
lol??,0
ez mid,1
),0
i got photobooth at 11pm,0
u happy now?,0
gg,0
that es is dreaming,0
meepo wanna be,0
xD,0
affirmative,0
wait,0
GE GE ez,1
),0
10 10 10 :D,0
sf eres noob,1
wait,0
LOL,0
pls lets finish this shet,1
he didnt stop typing since min 5,0
stop calling my name lol,0
ez,1
worth it?,1
gg,0
fk cant w8 ??,1
A Z,0
ggwp,0
Logging in now Thanks guys,0
at least when u lose now u have an excuse,0
hes on the fone with his isp lol tiger?,0
talk in the time we w8,0
[MASK_C],1
w8 pls,0
lol,0
[MASK_C] your mom,1
thank [MASK_C] for that,1
:D,0
report your mom,1
where r u kill me,0
wat is ur facebook,0
10 min and wait wtf lol,1
17,0
"can u end already, its not like we can defend",0
1k noob,1
r o f,0
funnily enough,0
o am is in this team to,0
this [MASK_C] complains and decided to go carry omni and leave me bot lane alone and expect me to be farmed Fking moron,1
vpn,0
wat happened to him :(,0
EZ SNIPER [MASK_A] CARRY,1
top,0
?,0
[MASK_A] you tuskar,1
stupid team,1
thats swap lmoa,0
afk vipper,0
5 enemies on bot,0
GGWP,0
to hard,0
Saba mo,0
Can win?,0
wp,0
noob luna dog,1
cuz yolo,0
rubick dude,0
wait pls,0
Thx for ult,0
thz rubick,0
gl hf,0
yes,0
commended all ty,0
sure,0
U FCKNG WITH ME MATE?,1
ez,1
_ ?,0
gg quick quit,0
LOL this one,0
GG [MASK_A] noob,1
gg,0
we wait your [MASK_C] carry,1
sk did very well,0
"yeah, i woulda took the jugg over the lesh anyday",0
gg wp,0
il give that arrows were good your rotating into ganks is good what gae you guys early advantage,0
hello fucksticks nice silencer pic you tryhard little wok merchant,1
commend ?,0
thiss mmr,0
ez,1
more bbs i think,0
joke lang yun,0
cheaters dont deserve a win,0
hahahaha,0
:^),0
sun strike well,0
"report , if want",0
^,0
gl. hf,0
thats my challenge to,0
HAHA,0
?,0
This pa is so [MASK_A] annoying for real,1
good game!,0
brood i will buy 200 sentries can u ?,0
I'll tell you that much,0
want to rp pug na ?,0
first pick TB ? lol,0
please end as 5 mid im not gonna defend,0
G,0
it's a,0
EZ BOT,1
ggwp,0
ggwp,0
Ok ?,0
gg,0
[MASK_C] you !,1
gg wp gha a,0
how many buybacks was that? and how many did we buy back?,0
lol team,0
best,0
armlet sb !!!!,0
5-10 REPORT PLEASE no item,1
come again [MASK_D],1
13-Oct,0
HEHE Rude,0
has disconnected from the game. Please wait for them to reconnect. has abandoned the game. This game is safe to leave. No stats will be recorded,0
GG,0
more silence pls,0
lord gaybin always treats the brave nicely,0
Gg,0
i dont understand chinese bro,0
dont think i can i failed that [MASK_B],0
GG,0
gege,0
4 DUST SEROIUSLY,0
;p,0
I think I prefered riki when Blink strike wasn't his ult,0
od is talkin like the boss ez katka,1
oi,0
"ez stack,..",1
gg wp,0
ggwp such a shame all that gold so quiet now shadow,0
nooob mid,1
yeah blink away [MASK_B] qop,1
cumback,0
?,0
am cant blink lol,0
what miurana,0
mb,0
sorry for bringing you ptsd,0
[MASK_D] you all no pause bastarrds sniper your moms a [MASK_A],1
hahaha XD,0
no [MASK_A],1
i can =),0
Step 3. Don't play with Fidel,0
nope dude wait pls,0
come back plz Ez furion ez furion lol radiant creeps learn taichi lol,1
gg,0
gg wp,0
report this noob alch guys pls,1
wtf,0
wa~u damn pro,0
nice,0
bad spec pick,0
occasionally but its very casual,0
wait you [MASK_B] piss,1
report bara,0
No today :D?,0
MObile retard,1
???,0
but lost sad,0
you talking like you some dota god,0
:d :D,0
?,0
ty sir,0
becoz they are not weak u are weak,0
Fatto :D,0
",,/,,",0
ho boy,0
gg,0
adik hi to sven in your base xD,0
nice bara,0
this is OUR jungle hahaha,0
fcup kid,1
black screen,0
5:25 THE DREAM PogChamp Kappa qop 1:7 Braz1l THE DREAM,0
?,0
ratazaaaa,0
oh Okay,0
noob spec [MASK_A],1
:D,0
y,0
!,0
ty,0
report pudge ty,0
i dont know just [MASK_D] your self,1
y,0
"unpause you [MASK_C], you are our bitchery slave :D !",1
[MASK_C] lol xD,1
"correct, but that ulti is fucked now",0
on a platter :D,0
XD,0
noob [MASK_A] o0o,1
ty,0
lol,0
:P,0
"and ursa , doom !",0
),0
is only game,0
ty end no def,0
GG hook We have stupid supp min 17 fly cour? no ward so gg mmr 34,1
we gonna win,0
thanks silencer,0
gg,0
best team,0
ez :D,1
end report tusk game ruin flame panic],0
gg,0
Phase boots ?,0
we need farm too hahaha,0
EZ,1
eazzzzzzzzzzz,1
2 ravage,0
youc ant lose fight,0
haha,0
3 vs 1 ? Hehehe,0
LOL,0
wtf u guys,0
because he is kid :d,1
wp,0
gg!,0
WHERE'D YOU GET A BAG ogre magi √© t√£o lindo <3,0
WAIT PRAY FOR HIM,0
youre too good axe,0
gg comend me team peruvian,1
"Relax, you're doing fine!",0
+,0
NICE,0
lc go stick give them space to farm hahaha,0
but our bot lane fed u,0
lol,1
WP,0
HAHHA COMMEND,0
who sf?,0
GET ME [MASK_B] CHICK,1
what difference does it make fools,1
these ppl -_- ggwp,0
gg,0
3k moore like holy mother of god this [MASK_A] 3 core coudlve ended game on first aegis but wanna throw 300 times instead,1
40 min farm and lose,0
.. Fu,0
??,0
achi 0 -8,1
haha,0
commend brood,0
drow mvp,0
WITH YOU it's NOT REAL,0
faka u,1
lol,0
?,0
L:O:\ ok,0
zz,0
im happy you're happy,0
wow,0
he might tell u where he hid it,0
ggg,0
come commend,0
invo is bad LOL,1
nooob techies,1
a second pls,0
if you can spare a report for sven please use it,0
finaly dint die to my duel .. gg :) celebrate :),0
dog kpop,0
gg,0
lmao,0
lmao,0
in tusk's [MASK_D] wew online lies,1
)O),0
all time,0
LOL PRO? WELL SE SEE,0
ur voker is better than ur ember? nmE?,0
gg,0
all report es,0
lmao,0
tghrowers ahahaha [MASK_C],0
EZ Mirana pls,1
end gas end fast,0
he OL even he DC,0
gg though,0
this AM needs more 'EGGS' in early game dude,0
gg ez mid i have ur hook,1
hahaha babilo,0
lol,0
?,0
dont try me,0
gg go feed,1
what is true,0
ez,1
idiot,1
ghaha,0
its everyones fault,0
sorry guys no comeback for to night tonight*,0
ggwp,0
hahaha,0
GG noob carry well played guys i commend you carry [MASK_B],1
rage quit,1
AND STAY THERE,0
...,0
really noob?,1
:^),0
done,0
i can understand shaman dont worry,0
ggwp,0
`wheres ur secret weapon,0
ahah,0
no [MASK_C] [MASK_D],1
NICE BUY BACK,0
lol,0
gl hf,0
nice fb ^^,0
hmm? :P,0
w8 sir w8 sir,0
wew,0
i dont get ti ta is pushing bot getting 2 [MASK_B] twrs and even base and u still go on me like mongoloids do i have [MASK_B] sugar in my pocket or sth?=,1
hmm what?,0
giff more int1 tq,0
trentooooo give me yo ligghhter,0
LOL,0
pro alche,0
helo,0
glglgl,0
lol,0
HAHAHAHA GGWP ADD,0
gg,0
are u still talking,0
well played.,0
6.2k tho,0
PA? b b,0
lol,0
i love ppl talk [MASK_D],1
wait laah,0
gg)),0
deny the rax dont be a puss,0
cb mirana u beh lanc dont lan c now u let 7 lan am lan c,0
cant,0
pause..,0
Meppo Win rate 90% http://www.dotabuff.com/players/113924617 ) NICE ABUSE,1
want to win that much,0
no,0
but hey you got me right,0
you realize... im not the carry right?,0
now it all depends on who has more pauses left,0
:D,0
tiny autist,0
clock if you hook brew,0
gg,0
gege,0
hehe why not aim our core,0
lol rekt kid,0
lina tries so hard not to be reported Nevermind,0
WE DIDNT DO IT WE LOST,0
moments please,0
ggwp,0
im not unpausing,0
report this ww [MASK_B] retarded [MASK_D],1
for?,0
strat gods,0
Gg,0
ANJING !!!!,0
nice doom,0
such a [MASK_D] [MASK_B] hero,1
im peenoise?,0
lol,0
yea wow,0
gg,0
phone?,0
HAHAHAH,0
ggg,0
XD,0
gg,0
ff,0
1v3 ez,1
0,0
lol,0
cm not tp al;; game,1
CHILLYOU HAVE PA,0
he has buyback,0
eh,0
np wqewi,0
???,0
ROSHAN IS OURS,0
that,0
look GEMS LOLS,0
wp ww,0
sry,0
1/12 meepo,1
but my mates will aim whoever ill due wp,0
really ?,0
kid ?,1
haha,0
how manay min?,0
fail mid,0
malaysian or some [MASK_C],1
2 ez,1
i tred switched instead ofmek hence wrong button,0
mongoloids op,0
pudge mirana good roam,0
gg pudge report,0
gg,0
all cos they got me,0
alway 4 vs 5 no tiny =))),0
i'm afraid,0
ez,1
i like to play her as a supp ahaah,0
KappaRoss,0
ty,0
cerape,0
[MASK_D] wasting my time,1
blaming time dude,0
noob gyro feed more,1
=.=,0
hah,0
im the only oneee,0
gg,0
lol,0
gg,0
bh 5k4 bh gay,1
easy game nice carry,0
retarded team all the time,1
i love how we can't even deward,0
D,0
nice timeing,0
ez then i saw this rubick [MASK_D] pls,1
ty ggwp,0
ez,1
ggwp,0
why?,0
h3h3h3,0
+,0
FF lest finish plz Delte dota alchi,0
2-0,0
i said we cant just rush into them + you still talking about late this is not even close to late medusa has half the items,0
wowowowow,0
gg,0
gg wp,0
says the fucktard lion,1
bobo ka e,1
He's a moron,1
LOL,0
ez hahahah,1
ur in a game retard,1
wtf fate,1
gg wp,0
HOLY [MASK_D] HOW CAN DOOM SO BAD,0
ROFL,0
ggwp,0
"could perujvians ben any worse at this game, i don't know",1
[MASK_A] my team,1
"Dont worry bruh, ill get ya :)",0
hahaha,0
this [MASK_A] slark,1
no relic this time kids,0
aw,0
:D saboid Bois,0
you must be so macd,0
gg,0
you won bane total retard,1
nah wyvern sleeping,0
haha,0
lose mid really? lel2,0
hahaha,0
59,0
gg,0
you don't deserve it riki picker,0
hey guys twin head wishes to ask u guys something,0
sec,0
pls talk more ggwp,0
GG,0
safe to leave :)),0
BLAME AM,1
[MASK_C] my life ez predict ez life wp lc predict n throw,1
w8,0
chill,0
3k from the fight and 5 lvls dota 2,0
[MASK_A] in my [MASK_D],1
rofl,0
hie,0
MY BAD,0
gg wp can you pls report wk >> rteported,0
gg wp report rubick he wanna be carry,0
commend me,0
STOP GOD DAMIMIT,1
its not a game of carries,0
? wp qop tryhard,0
with this line up from both im sure this game will be very funny,0
plz wait plz he will come,0
i mean he was lv 4,0
QOP YOU ARE NOOB SO STFU,1
akakakakakaka,0
gr8 slardar gr8,0
end guys,0
I hate ppl like u if u ask 4 end,0
nice try,0
doom me every fight OMG,0
is this real life axe being a little [MASK_B],1
riki dagon?,0
lol,0
mirana carri,0
GGWP REPORT PA NOOB,1
fail ember dafu q,0
rat,0
GG,0
how weird is that!,0
gg wp,0
really?,0
u liar,0
love u too,0
5v3,0
GG,0
its about to end,0
lol,0
oh,0
pls deff,0
storm where is your deny,0
guys we can help report kunka,0
:P aosdSDG,0
no miss gg,0
....,0
COMMEND ME TY :),0
def for your mom,1
hes green wait dude,0
WOW,0
tq,0
dota_player_force_right_click_attack,0
GGWP,0
commend me TY,0
gg report me team agggg report me team recomiendo si reportean mi team,0
ty,0
ty for not killing me : :) ?,0
gg,0
GG what a retard ck,1
we have afk feeder jug so shh,0
+,0
space created,0
gg i cant carry team win,0
HAHA,0
report scum,0
gg,0
commend the Y GOD,0
hang on,0
1600 what a nice day,0
Lol,0
the [MASK_A] keybord,0
lol,0
oh no,0
ya,0
sniper,0
wp me,0
pls feed luna more streaks kthx,0
it is especially when your team lets you down,0
eZ,1
lol,0
"ZZ im 2k buyer ... sr my team so hard to carry me,so they can only blame :(",1
so he got trolled,0
gg WP NICE STORM he knows how to use his passive xD XD XD THIS GUY iS HILARIOUS SOMEBODY TELL HIM HOW HIS PASSIVE WORKS XD,0
LO,0
t1>t2 y all tımes,0
gg,0
gG REPORT SLARK,0
ty,0
no luck just skill,0
wiw,0
gg,0
thisis mag fault,0
comment pls,0
gg wp,0
:),0
Gl hf,0
lol gg,0
ahhaha invoker,0
paiseh friend dc,0
phil bro,0
ew,0
Please..,0
hah,0
OMG FREE MMR,0
gg qop sure fail,0
noob PA newbie hero,1
(Y),0
? Report beast russian are crying,1
gg,0
FF TRYHARDS reatrds get a life,1
YEH,0
haha rekt ? or wat SA`mi bp in mata De sclav,0
wow,0
honestly u 2,0
nob necro,1
?,0
ember 101,0
LMAO :D:D:D::D.,0
ｏＲ ＣＡＲＲＹ ＡＦＫ ＡＫＳＯＤＩ１０２３Ｏ,0
SPECTRA BRAINDEAD WE CANT,1
Haha,0
at least he killed and shut [MASK_D] down [MASK_D] got shut down and carried,0
gg wp,0
stop unpausing,0
came into the wrong house,0
stfu pls :))),1
indeed gg TA said he was better on mid :(,0
ty,0
glhf,0
gg,0
ur moms hosue house,1
this lag is so bad wt,0
AHAHAHAHAH BKB? PLS REPROT VOID RLY TRASH,1
lol,0
alche bf... pro <3,0
ggwp,0
ow,0
thx this game ok,0
youy're dead too nvm,1
WHat about the free mmr ?,0
doom picker,0
nope suffer!!!!,0
yamam,0
Ez ez ez,1
gg,0
whatup you meme loving fucks,0
gg wp,0
really hard,0
well played,0
GOOD JOB DIRE damn my 10 fps is no joke,0
we got this slark and es,0
end fast,0
GG TRASH PUDGE,1
gg ez,1
?,0
one piece is a gay show,1
rly ?,0
REPORT RUBICK WEAVER AND QOP GG,0
lol,0
?,0
scared to loss,0
died,0
noob ss,1
xd PLease awgmi13i12g haha don't its fun,0
hahaha,0
why u insulting me ?,0
pa 45 min bf lol,0
"coz it's doo,",0
[MASK_B] off bh so annoying,1
?,0
:*,0
invoker has lower MetWorth than me,0
nice try [MASK_C],1
sf tell a story so bored,0
westeurope is rus server=,1
yea so is my time,0
can u report sky,0
gg,0
You cant do that in 2k bracket,0
Same,0
50point ?,0
really?,0
ATLAST,0
no carry vs 2 players,0
gg wp,0
chepo shadowblade,0
you really like to duel the tank ?:D,0
PLAYING WITH BOTS,0
i am chilling,0
[MASK_B] please,1
guess what its me XD,0
haha,0
lucky,0
i flamed heaps and told people to stick it work enough times #just2kthings,0
these guys are ABSOLUTE trash :DD,1
gg,0
yeah yeah,0
nice backtrack,0
this team,0
qq,0
Report tA,0
new play supp lion,0
push la,0
carries =)),0
EZ OF MY LIFE,1
1:11 offlaner so good,1
BEST DOTKA GAME EVER,0
okk stop attacking us end wp,0
more players mid pls,0
they say pudge bad pick,0
?,0
like 20,0
./.,0
),0
GG,0
gg this team is just retarded they are going 4v5 roshan without pa just plain retarded,1
wp die back,0
rofl are u stupid?,1
gg,0
?,0
he's typing not tpying,0
skali? new item wo,0
:(,0
what gold ?,0
Go ff pls gays,0
there noob void,1
gg anw,0
LOL you killed yourself to get me?,0
wew,0
lol invoker the heck,0
#,0
hahaa,0
GG ez,1
WTF,0
sry,0
glhf,0
blame the supports lol,0
plz,0
24 min midas,0
ur a man in a dress,0
[MASK_A] U WANT ME DIE !ST ES EZ EZ FUCKER cumback wipe out,1
gg,0
GG,0
go afk dude,0
come come here <3,0
gg,0
haha,0
pussied from me,1
lol,0
GEE GEE,0
can u let me run first? ....,0
?,0
you also dont worry,0
ty,0
4 srs,0
ok,0
wp guys,0
is he dead?,0
maybe he lag,0
#hardhomie,0
errro computer,0
you say 2 v 8 ns,0
)) sure kill rubick,0
dat 3.8k mmr pounce,1
?? Finally u can Bark? LOL,0
[MASK_B],1
GJ guys,0
shut up noob,1
ahora si,0
NICE SLARK,0
if kardel not feed,0
sad sf,0
finsh? fine,0
sayang imo paningkamot,0
commend my team,0
gg,0
ez Noobs,1
WORTH i think oh god,0
?,0
ember sad as [MASK_C],1
GGWP,0
rofl 6k players useless not on my level,0
commended ursa,0
but 1 for 1 do nothing,0
ez carry?,1
FOR ROSH,0
commend me tnx :),0
hahhaa,0
oh fucker hAHAHA HAHAHAHAHA LET US END?,0
GET OUT OF HERE,0
22min rad and boots,0
? wait,0
XD XDDDDDDDDDDDDDDDDDDDDDDDDDDDDDDDDDDDDDDDDDDDDDDDDDDDDDDDDDDDDDDDD PAJARRACO CONCHETUMARE,0
XD XD,0
HAHA,0
because no one support,0
hahah,0
[MASK_C] better have my money tntnt dont ackt like you forgot i call the shots,1
I AM NOOB!!!!,1
pudge bara great dual lane,0
gg,0
gg,0
[MASK_D] off,1
[MASK_C] unreal,1
IDIOTA OMG =),1
he's getting hte door,0
okay [MASK_C] [MASK_A],0
chill dude,0
wew,0
report toxic dazzle,0
intro boy? u really scool boy,0
spec wants the smack,0
gl next,0
#rekt,0
JUGG PLS,0
YOU ARE ALL INFIDELS,0
alch he had the same kda as you as a supp lol,0
nah,0
cumback,0
and u're just wasting ur time,1
so are u and 3 of ur mates,0
ez,1
BACOD,0
nice sacrifile\ remake,0
THE NUKES,0
but at least I'm not crying,0
haha,0
,0
WAIT SIR,0
=.= we argued who wanted mid,0
your mother is pro,1
?,0
"ez slark, rz life",1
thanks for the laughs,0
[MASK_A] [MASK_B],1
we gonna play or!!,0
gg,0
rofl this doom,0
pudge?,0
mUT LS,0
lol,0
did steam care about noob people ?,1
ez,1
he is in same category like qop,0
gg,0
narco,0
i love my medusa well farmed,0
AHahaha counter anient,0
NOP,0
lol no carry buy dust,0
thx qop for give me rad,0
he cant do anything against alche he was pretty good,0
lol,0
miss what?,0
^,0
wtf,0
1k ping,0
ez,1
tell that to ns,0
LOOOOOOOOOOOOOOLLLLLLLLL,0
Also wr says,0
Mokiproblems,0
LOL ez win not safe to leave free mmr,1
bobo ka nman ta,1
this lc noob only dunoe ss mean what,1
so?,0
?,0
(,0
instakill this invkoer fokin shitstain invkoer 10 mmr,1
thx,0
what a trash gamer,1
ya come,0
yah,0
I BEG U,0
jajajaja,0
hahah ya naughty hahahahaha,0
wp,0
ff?,0
clock is good,0
as long as it takes,0
Gg,0
DAT,0
h? g?,0
mid no ward go go ez clock kill him,1
gg mepo suport Aganim blink,0
des wardea,0
promise i dont know you were there sorry,0
who report ww for at 2 min block all camp i commend him,0
eaz,0
gg,0
),0
gogogo rosh guys,0
GG,0
sad?,0
go hg we have storng deff echo vacum ez :D:D:D::D:D:D:D:D:DD,1
?|!?!?!?!!?! problem? this is a [MASK_B] jakiro and ds,1
okey,0
yeah gg for you,0
no pause?,0
pause 10 sec,0
literally the only reason i hate playing AP ranked,0
tiny,0
dpmne,0
do u know how ur winning SB it's cuz of SF,0
gg wp,0
gg,0
lol,0
LOL PRO FARM WHEN CLASH,0
?,0
do you guys just hate sniper or something?,0
scrubs,0
and my sister,0
hahahah glhf,0
FUCKEDUPLIFE I WILL REMEMBET IT,1
lol,0
ty for game <3,0
INDEED EZ,1
...,0
WOWOWOOWOWW,0
im 2k please,0
gg weaver,1
cuz this game is low skilled,0
lol nice dagg in,0
ty,0
hahaha,0
gg,0
yes,0
mercy,0
excelelnt just walk up and punch,0
awesome team and pro plays,0
EZ fail predict,1
?,0
i want you to cry first pudge,1
so cry,0
NOOB MID,1
:DDD,0
u?,0
:(,0
4k,0
ggwp,0
sec pls,0
half a rock,0
?,0
lol,1
hus noob???,1
rc said laggin,0
now this cunts play lvl 8 drow and leaving his lvl 16 lesh in base,1
? 179 goldi so slardara na freefarme,0
wait es plz,0
holy [MASK_D] doom won wtf how random,1
Gg,0
you trash,1
gg at least our bounty has mkb and hits lick a wet noodle :D,0
report please,1
so long,0
hate me lah?,0
tuskar suport :D,0
ggwp,0
instead of supporting mer well [MASK_B] them i support you guiys noiw,1
yeah u,0
[MASK_A] alch so raged lol,1
shut up [MASK_A] SPAM YOU MOM,1
rip,0
Thanks fam,0
EZ AM,1
i reported ur mom last night,0
nub,1
liquid,0
"see lion, you arent paper",0
GGWP,0
Well done guys I know the business I dont run into you very often though Gg,0
ulul,0
end afk 4 idiota prosto sps gaben,0
swup SUP,0
gg,0
dude I said I was jking u did fine,0
and pinoy too,1
lol,0
am i tank enough?,0
gg,0
commend me,0
GGness??,0
xddddddddddddddddddddddddd ahgahahahaha,0
TRUE,0
gl hf,0
"theres no reason to report qop toh, if so.. you could report clock aswell",1
14-3 solo,0
for me,0
oh how the tables have turned,0
ty es :D,0
ofl nomnomlion,0
whats a powerball,0
y retard potm,1
you distract my DR,0
0-6 0-7 team pro,1
too ez boys,1
slardar,0
deed yeaaa,0
"it's fine, kids can't handle the truth syrum too bitter",1
retard mid pro mider pro mid and carri,1
chill,0
a cmon,0
nah,0
gg end plz can't [MASK_D] take another second of this team,1
"(: lol sf ur like, my food u spawn u die",0
aint gonna wait forever,0
steal my pa,0
2 min max,0
all me,0
i say dont kill me,0
WTF,0
lol done,0
you killed mai junior,0
RELAX GUYS,0
i skill riki,0
U CAN actually,0
lol u lucky nobody bothered ganging u,0
meepo thinks he's ursa,0
smoke top lane,0
WAT SETTER? U C UR FARM 1ST FAIL CARRY SLARK I NEED TO INITIATE SLARK FAIL CARRT,0
next time,0
hehe,0
end fast throne fast,0
sory guys,0
ggwp,0
kak bayu carry us,0
"Well you have a bunch of [MASK_D] slowing and stunning early game heroes, can't really blame him for dying Sb is trying to be funny to cover up the digusting patheticness of his hero choice.",1
cagada de void y legionn,0
(((,0
this retard,1
ez 2 kill mute idiot,1
"7 deaths, 8 assists so low",1
yall got money from himn hahahahahha,0
?,0
ez Es,1
I JUST PLAY FUN BUILD,0
Commend sf,0
very good ^^,0
wr solo player,0
ggwp,0
ty,0
let it goooo,0
wp guys,0
ahahah PUDGE REPORT,0
GG,0
wait my bg,0
he is dead they wanna pause lmfao,0
[MASK_B] peruvian,1
ggwp,0
XDD,0
NP go rat my trone ? hello? ez,1
pa,0
:(,0
..,0
lmao just trolling panda can u chill,0
.... or a [MASK_B] pa that cant find the 'Q' button,1
go?,0
Most epic pick mid EU!,0
lol here 114?,0
good wards AA,0
^ nice lina set,0
he leave,0
whut?,0
PREPARE YOUR [MASK_B] BROOD,0
heal ward LOL,0
you just died,0
ez,1
wp,0
4k mmr noob,1
noob alc wif midas..,1
^^,0
gg,0
beeee i hope ur team reported u,0
yellow 4-4-0 skill build,0
gg,0
screen freezing up on me i have a question tho y not put clock solo safe lane sniper mid and go aggressive trilane,0
dam son,1
aba needs a miunte,0
WR if I give you coins will you bet?,0
[MASK_D] U,1
GG all ANIME,0
i wanna playa proper game sf understands,1
lol,0
lel,0
probly,0
so lag,0
GG CARRY HAHAHA,0
You just said K/D/A And K/D/A is what DotA uses. Not K/D.,0
gg,0
the support,0
gg ala firme gg,0
no rampage gg,0
HAHA pros,0
GG WP,0
who is doign that?,0
lol fountain [MASK_C],1
ya sorry for your sk,0
EZ,1
excuse me?,0
embermon [MASK_C] dumb,1
u are scum,0
haha alch very pro commend him pls,0
scared ?,0
nuh uh ima rock,0
ez,1
[MASK_C] jug,1
gg,0
[MASK_D] him,1
lvl 2 is yeah,0
haha,0
TA You're russian You must say 'ez mid' Like all russians do :>,1
2 time boat hit PRO I CANT DO THAT DUDE,0
me vs 5 gogogog dam so strong lol ta wtf wuhahsduasd,0
GGWP,0
ep ./.,0
gg ez,1
report tiny?,0
WE NEED HIM,0
yes,0
game,0
YOU ARE ALL HERETICS,0
they don't care... they didn't last time you said it and they still dont,0
i will also feed,0
(c)Slark 2 10,1
this sniper will get +25,0
hard azzzz game,0
lol no help,0
nO DEFEND,0
rofl u got rekt mid,0
good game very good effort on both sides,0
4k dog [MASK_C]?,1
am say what you want,0
gg,0
expecially tuskar,0
if u can win this game.. i will call u pro and commend all,0
NO COMEBAK,0
rofl,0
play lol,0
oh says the nerd picker no respect for u,1
ez eni,1
two carry two russki,1
+,0
hook me again ??,0
w8 pls,0
wow,0
ROFL 360 noscope mlgranger,0
is he coming back ?,0
WOHOOO MAD MAD,0
relax bro i am noob,0
gg,0
7-12 is better than 1-15,1
nope,0
those craggies.. wtf,0
rs =)) spec noob,1
me gg,0
actually yes,0
EZ INDEED,1
throw also win,0
lol,0
wtf how 6,0
unluck ? EAIUHEAIUHEAIUEAIUHEAEA,0
haha,0
first win in life ? u cant just end ?,0
good trade tho,0
:D i cry,0
diferent 2 LOL....,0
XD LOL THERES MORE XD HOW LOL,0
hui them all,0
HEY,0
ahahahahahha,0
[MASK_B] u,1
gg wp,0
oi,0
SO FAT YOUR KNOW,0
WK,0
WHIRLPOOL,0
? ?,0
? ?,0
WATCH THE SUNSET,0
[MASK_A] retard riki [MASK_C] noob,1
noob legion jajajaja very noob,1
hi noob,1
PA DOENST UNDERSTAND THAT I HAVE COOLDOWNS ON SPELLS,0
REC,0
already,0
commend me,0
??,0
X,0
[MASK_C] u,1
u know him?,0
HAHAIHAH am WHY YOU NO BLINK,0
./.,0
too ez,1
end,0
still wd :D,0
LOL,0
ggwp,0
lol,0
ggw[,0
pudge_pick{ If cm_pick(); yes If false; yes,0
he is not coming back hahaha,0
shut the [MASK_A] up viper,1
@_@,0
clash WTF,0
like that team is hard to beat,0
Wtf,0
huge plays from downtown,0
am against tb? xD,0
515 my ping,0
no,0
lol im only one there,0
rough game for old 4dr god but u know he'll come back thats fam,0
jenau,0
just defend the tower ur fine top shud b though,0
ggwp,0
YES 4 TOP NOW YOU GOT IT,0
?,0
thanks,0
lol,0
farmers keep cows dude,0
freewin,0
gg ez,1
later,0
hf,0
Lol,0
gg,0
1,0
GG WP,0
we've given him a lot of secs,0
B BH [MASK_B] PASIIVE MALEV!,1
just play,0
gg wp,0
Where you at?,0
bg,0
gg wp,0
is the only hero that has spent less time in mid than the other lanes is centaur yet the bot and top towers are still up all that time im getting camped into the [MASK_C] ground and we get nothing done,0
reportet,0
report my team,0
sfs afk hit him,0
Wp,0
wp,0
go win doom,0
gg,0
ty,0
bot 2 rapiers come get rapira i go top wp coem bot,0
kk never give up,0
thank god lol these guys,0
slark,0
aiyo,0
sf mad,0
Gg,0
geegee,0
? [MASK_B] [MASK_A],1
commend me,0
8-0-7 support,0
aSA,0
are u retarded or smth,1
4.4k sky im calling it,1
./.,0
?,0
:D worst voker,0
chill homies,0
OK,0
new,0
we will see who will smile at last,0
no tiene carrys regalen uno,0
RADIANT U ARE RETARDS,1
+ASD SADASDASDASD WHY,0
? are you kidding,0
lag,0
lagging wtf,0
ez slark,1
GG so gg supp no ward GG your team gg guys] we have pro dupp supp,0
WAAAH THEY COUTNERPICKED,0
gg most boring [MASK_C] game ever,1
gg wp,0
alche acount buyer it seems,1
and,0
so bad,0
),0
"russian boy , nobody [MASK_D] understand you so dont talk",1
bh and tinker pickers,0
322,0
buy bacl?,0
KappaRoss is [MASK_C],1
wp,0
and his naaaaameeee iiiiiiiiis JOOOOOOOOOOOOOOOOOOOOOHN CEEEEEEEEEEEEEEEEEEEENA,0
he reconnecting now,0
go creeps,0
ff pls,0
tienes que darme como 500 manos,0
Fair,0
O.O so it works through it ;_;,0
hahaha oops lol,0
gg wp 3-5 nice,0
then can see,0
WTF,0
ty,0
i make a snowangel now,0
ask to your mother if i have [MASK_B],1
what are you fuckwits going on about,1
na,0
pro gyro,0
:D,0
lol,0
VOLVO GIMME DONDO,0
haha,0
no,0
gg,0
cant kill? U ALEREADY DEAD,1
no item ss,0
GGWP,0
we should have won this easily since its all melee but NOPE i had to buy the wards YUP DUMB as [MASK_C] Sad game sigh�,1
FOR YOU,0
hes offline,0
bug,0
it's okay lion,0
ggwp,0
THIS TEAM IS TOO TRASH,1
Gg,0
wait please,0
GG AM,0
gg wp nice feed husk ;),1
stfu trash qop,1
[MASK_D] you,1
ez mid,1
you said you come back,0
can you stop having invis,0
Why you talk,0
[MASK_A] noob,1
no mid? hey! no mid ?,0
cant farm lol ez for dk,1
ggwp,0
please report him,0
viva la peru,1
ahahahaha,0
yolol,0
o0ur jug is afk,0
kinda,0
omg i can't play to much ping,0
tyhrue,0
lol do my best,0
space boys,0
gg,0
everyone knows who is real retard.,1
feeding time,0
Wtf drop assault qop dropped assault to pick gem haha,1
"wards sold out, map covered in sentrys, jungle stacked nothing pleases this fucker",1
LOL LOL,0
"I dont think any of them actually mean to be mean, it's just the language barrier",0
gg jugger,0
tutututututut tutututut,0
haha,0
like you honestly played like such rats,1
dat silence :D,0
Shhh shh please team chat,0
yes :D,0
LOL,0
lol ok,0
he is sumail [MASK_B],0
GG,0
mr,0
plz dude i will commend,0
end plsssss Like you walk up highground and win the game Very simple,0
im pucked up,0
just ruin both lanes,0
ur refraction [MASK_B] my [MASK_B] with radiance :D,1
gg end plz,0
noobs,0
sup guys,0
4vs5,0
nice smoke pugnoo,0
actually you unpause,0
???,0
ty,0
DİE DİE PLS DİE,1
many creeps,0
viva peru,1
what is armour,0
EZ mmr,1
blue afk can u please wait?,0
see ? lol,0
Wew this void,0
X@@,0
gg wp,0
wew wbahahha,0
word,0
laugh when you steamroll a team...real classy,0
this team is blaming me when they fed 20 kills before 20 min clapclap space doesnt mean feed boys,0
aw aw,0
he raqequited report this slardar,1
haha,0
where the [MASK_C] is ursa?,1
why > 'Why,0
SLARK WTF,0
happy :3,0
gg wp,0
ggwp,0
WTF THIS VOID AHAHAHHA,0
")))))))))))))))))))))))))))))) hello, gays, how are you?",1
dAMN SAD,0
lee puck,0
wtf,0
wp,0
[MASK_A] accoutn butters,1
lothar is for real better than bkb?,0
rekt,0
no,0
This legion is [MASK_A],1
gg,0
need kill me ?,1
+,0
EX DEEE,0
GIVE IT TO ME IM WORTHIT,0
alch no gift aghs :(,0
for dc first then we can talk later,0
GGWP,0
Retard luna Relax,1
push ff,1
booooooooooooooom!,0
kk,0
Aw,0
ahahaha,0
PUSH PSUH,0
see idiot,1
what the [MASK_B] is bane doing here 4head,1
COMMEND ME,0
em,0
lol,0
lol,0
SOSI SOBAKA,0
Hey please talk please blood pudge ? hey,0
>:,0
gg,0
gg,0
cuck = retards who want to see their gfs get banged by different people you retard lmao,1
DIE,0
noob pudge,1
gg wp,0
seriously :D,0
LMAO,0
SEA,0
it's autism,0
lel all day man,0
YA EZ BUT -25 ROFL XAXAXAXAXAXAXAX OHWWWWWWWW EZ -25 T____________t ROFL,1
who cares,0
for mother russia! :D,0
yep i rule,0
gg,0
yeah,0
i go repport you Rdy,1
no satanic but still cant kill,0
((,0
Ez ez feeding lucky,1
cool man,0
gg,0
lllol,0
guys? bets?,0
chen solo tiny wanna see aww,0
Hahaha,0
Ez hc ez midlane ..,1
gg report AM plz,1
Run [MASK_C],1
sry,0
reportwk,0
juijked,0
lol,0
ggwp all,0
AA is still fixing his bathroom door or whatever,0
hi,0
we lost,0
noob gyro cant play.,1
go woods jesus,0
he cok jupuk stack ku yo,0
lol,1
[MASK_A] you silencer,1
???,0
we will los,0
hahahh wrong click,0
haha,0
?,0
gg,0
tactical pause,0
they check rosh even tho it died 3 mins agio [MASK_C] playing with braidnead monkeys,1
Lord of trash talk,1
lol gagos,0
wan end le,0
too much feed,1
let's have a gg everyone glhf,0
g?,0
HAHA LINA STILL ACT LIKE A PRO WTGF SO NC,0
HeyWk,0
"All report sf, TA.",0
just make some mistakes,0
JOKE,1
i bet,0
[MASK_C] la 2 games all lose wp team wp mid,1
gg,0
your friend,0
[MASK_D] OUTA HERE,1
30 sec omg,0
gg,0
+,0
gg,0
yuuo,0
XD,0
atlast,0
they offline on steam,0
lol,0
ff,0
gg,0
why?,0
gg wp,0
WTF IS UR PROBKME,1
wp no,0
end please,0
gg,0
wk is now mario 3 lives,0
mga bobo,0
gg,0
haha,0
hes bad,0
alrdy dead,0
lel,0
kek,0
gg,0
how we won u have omni ?,0
gg,0
g,0
hahaha,0
haha ggwp,0
),0
:3,0
gg,0
ez,1
them like dei 1by 1 especially invoker,0
noob carry,1
gg,0
ff ? ffs?,0
yep,0
sad ryt ?,0
FACTAS captain obvious captain obvious captain obvious captain obvious captain obvious,0
GG,0
you lost game,1
ok show me mid,0
Ty,0
WHAT A,0
TERASH},1
cunts dragged it for no reason lol,1
just report lc for afk farming the whole time,0
commend me,0
hahahahaha,0
ggwp,0
gg,0
wait,0
pls report all this [MASK_D] riki,1
please just ff,0
=),0
Their Offlane,0
hahaha,0
gg wp,0
aw <3,0
ez,1
spends the wholle game telling us off,0
sorry to interrupt,0
gg wp ez mid ez game,1
OOOPPPS,0
gg wp,0
care ur items,0
u are izi yeah if u think,1
gg,0
?,0
gg,0
easy 1k 1k gold 2k lost in a row dead crow,1
you won this come and finish,0
ebaty,0
aaa SAMUEL ROKET,0
so dont paly it,0
?,0
he is online 1 min,0
lolz,0
introboys,1
that PA is meepo noob,1
report tb thanks,0
hahaha fkcing 200+ ping,0
yes,0
but you have a bh,0
XD,0
Trash,1
REPORT WINDRANNER,0
Who picks this hero,0
wow [MASK_A] u inveokr report ember ty he doint take third ability [MASK_D] noob,1
puck got juked [MASK_A] lol thought iw ent down the hill,0
wp cm,0
ty for pause,0
ye this SF is a [MASK_A] [MASK_B],1
wow,0
doom? come here,0
gg,0
lo,0
phaton and juguer rat kids,1
[MASK_B] pinoy peruvian,1
aghs so good,0
yuep,0
H@H@AH@H@ha2h2hh2h232h2ha K P A C U B O,0
wrong click [MASK_D],0
i know it was not serious,0
commend me ty,0
glhf,0
WAIT - RYAN GOULD?,0
play?,0
ty,0
gg wp ez,1
are u a pusher? or a businessman?,0
RIP DEVIL,0
he is no in steam check this,0
nug,0
dazzle dead moral victory,0
he will get it on 18,0
gl,0
zues?,0
check,0
REPORT DROW,0
yes,0
np,0
LOL,0
you are not me,0
lol,0
3,0
jajajajja,0
LOL,0
ez 1v2 mid,1
lol,0
ez,1
qweeeeeeeeeeeeeeeeeeeeeeeeeeeeeeeeeeeeeeeeeeeeeeeeeeeeeeeeeeeeeeeeeeeeeeeeeeeeeeeeeeeeeeeeeeeeeeeeeeeeeeeeeeeeeeeeeeeeeeeeeeee zzzzzzzzzzzzzzzzzzzzzzzz,0
[MASK_B]!,0
hahahaha,0
? slank u so noob u think u pro?,1
REPORT BALANAR TY,0
lol,0
wp,0
gg,0
ya,0
i from japan nippon <3,1
Why the hell do u not have buyback,0
i dont speak french,1
here we go [MASK_D] [MASK_B] in my ear,1
i just hook?,0
"told you GG, finish the game",0
?,0
ur invoker got raped mid ?>,1
wew,0
am and spec late game GG already,0
xDD,0
[MASK_A] EZ,1
what jugg?,0
gg wp,0
noooooooooooooooooooooooo :D,0
ez Ez,1
rofl them plays definitely an entertaining game,0
lol,1
ogh really ok,0
no [MASK_B] way,1
thx,0
still you broke us wpo,0
nice,0
never in asingle fihgt with dazle with tp thats how trash is he wonder why ioahd hi mmuted,1
ggwp,0
:),0
Rofl,0
? wow nice strat p[aise,0
gg,0
wait so aa you block my ulti?,0
such a mother fucker is dat,1
GG End,0
Same,0
haha idiot,1
no man?,0
no warding,0
muah :D,0
dont be salty cause you got [MASK_A] demolished by a clock #salty i guess i would be too if i got rekt THAT hard,1
lol :D we dont care,0
Why u so quiet,0
ivno lkixo,0
wew,0
gg,0
you bad ez,1
eze,0
gg,0
ggwp,0
Wew,0
SURE SURE THEY ALMOST WON YOU THE GAME,0
gg,0
1 only,0
let us finish?,0
!,0
im coming for you,0
itS MADE OF COAL,0
??,0
a good song?,0
.!.,0
ggwp,0
lol,0
didnt know that,0
EZ MİD NOOB snip,1
finish?,0
nice bait,0
gg,0
da yje na raslabone,0
hahaha,0
12 am sry no time,0
gg,0
just report slark and 5:18 pudge,1
COMMEND ME FOR PLAYING,0
fuckyou,1
sad,0
sorry,0
gg wp,0
show me ur skillz at battlefield m8 i rek u,0
you should leave wsilencer and we remake deal ?,0
mid noob plus wk noob wala talo talga,1
wait ty,0
for a king Bow to ur king,0
wew,0
HALLO,0
that was bs,0
?,0
that hook,0
Hayo,0
GG,0
rofl lold qop,0
gg,0
xd,0
zz,0
haha,0
died,0
and we have fvcking two cuirass SVEN AND SF sad,1
wazzup man? Hi,0
Dumb [MASK_A],1
LOL luna is talking [MASK_D],1
ty!,0
[MASK_A] uy,1
way too heavy,0
np seem so mad lol ur frist game win?,0
CAUSE ALWAYS DEAD,0
gg wp,0
i dont now,0
BAT?,0
D,0
lol,0
report sf now,0
shhh,0
nice game 3v 7,0
cafe time gone :S,0
never give up comeback is possible,0
tactic,0
ya,0
good for ya,0
what a noob :D report SF,1
gg,0
;( keep using every ultimate u got ,0
hows that get suicide.,0
supports CAN win games dont act like ur good [MASK_B],1
k blame blame,0
talk [MASK_B] carry i had to join bot and die 4 time bot to save that [MASK_A] lane,1
idk,0
gg,0
alright purp,0
;d,0
annoying clinkz from the start,0
YOU OKATY BRO?!,0
6100 ACC BUYER WTF,1
gg,0
AHAHHA,0
tool,0
lmao HAHAAHHA,0
retard shitstain cent,1
ggwp,0
rec,0
tusk ranged hero?,0
oooooooo,0
LOOOL WHAT A PLAYER ti6,0
nice headshots u [MASK_D] cocksucker die noob,1
vs saying qop noob,1
alwkawkakw,0
1 more long minute,0
PLS FF FF PLS,0
EL LISAJ PARNI,0
jug really?,1
Ggwp,0
gg,0
well played,0
BUT WHY YOU HAVE META LIKE LODA? [MASK_A] NOOBEST ALCHE,1
takes 3 and,0
see our carry,0
you useless lucky noob you win purely on volvo [MASK_A] mm placing me with these dumb dumbs,1
mb end?,0
rofl why will u trah trash ure jsut a noob,1
spectre from england but cant even talk english so sad,0
zzz,0
sad that you give me ez lv early game and i [MASK_A],1
WOHOOOOOOOOOO OH YEAHHHHHHHHHH,0
gg,0
:D,0
}ha,0
report for afk in fountain,0
kill you void? 1k,0
sry misklik,0
q,0
hahahah lolz ur the noob that died,1
gg ff,0
gg,0
in ur jungle no is our sf too [MASK_A] pro always 4 againts 5,1
haha,0
fail mid,0
haha haha why me clock?,0
u are so lucky,0
lol,0
wala gg atras abante kasi ampota mga bobo,0
he's samuel,0
commend jugg,0
noob,1
lol,0
gg,0
Fv on your farming site.,0
lol,0
He doesn't say anothing must be dropping,0
dream on,0
=),0
AXxaxa XAxaxaxaxaxa bring more i feel that i play like 1 vs 9,1
HAHA,0
idiot fucker die aids,1
ty,0
ez tactical afkk,0
gg wp,0
report,0
gg wp,0
sad,0
Learn english,1
nice [MASK_D] support 0 vision on map so what i should gank hmm ?,1
wp you got me,0
here we go boys,0
that astral,0
plz,0
BARA ITS BECIAE U FICKONG BLAME RISSOANS I DESERVE TO LOSE,1
:v,0
OMG,0
|FUCJ,1
nice idea btw,0
alive? what the [MASK_A],0
lol,0
dumpster,0
rdnt,0
I'll [MASK_C] your mother with a shoehorn.,1
wut,0
q sups lixo wtf,0
okl,0
Are you talking [MASK_D] when it's 16-42?,1
1min tq,0
i got 103,0
[MASK_B] team,1
nope,0
They cry LOST GAMe,0
im a girl,0
min 0 bottle crow,0
it's basically useless farming mid for 20 mins,1
OMG 50 min fb,0
Rofl,0
dont blame me if u noob,1
nice hieroglyphics,0
ure the [MASK_D],0
noob [MASK_B],1
for seriously lol,0
you have to win and all no one deserve it,0
gg fun game,0
Little snake,1
hi slardar zzzzzzzzzz?,0
lol really?,0
sf gv u back,0
??,0
holy [MASK_A] this is a [MASK_C] tier game,1
too hard,0
why r u so mean,0
one lothar my mid arcane boots,0
EZ,1
ez breez,1
you love me dont you wk,0
WHAT NOOOOO,0
please,0
He said rc,0
shape of golum or shape of doom,0
wtf,0
?,0
[MASK_D] off with your bear,1
shaman why always me x.x,0
i cant left 2 games before,0
useless qop ever,1
its not good game [MASK_A] you all,0
feeler,0
report naga,0
if I wanted a fps,0
gg,0
iT WAS EZ hEHE,1
[MASK_C],1
kiolll me nice,0
report brood,0
gg retarded game actually,1
.v,0
haha,0
rc,0
he droped his items,0
razor aa and riki not enough to finish?,0
CAUSE ITS THE YEAR,0
2171,0
Ez,1
yeah im fuming,0
nope,0
where gt u kee kill me,0
xaxa,0
please dont def,0
we have 8 enemy 2 vs 8 sad,0
lmao,0
give chance sir,0
1 7,0
i mean his name is life_sux and no avatar,0
pls report sb for ruining game on purpose thanks all i want from this game,1
game of throws,0
ZZZ,0
nice nice,0
cant report already reported,0
wait,0
LOL,0
nice one,0
gg,0
gg,0
lol es,0
who does that bor im 1 person rofl,0
win game,0
25 [MASK_A] lmao ggwp!,0
`yes,0
wait,0
JUAS JUAS,0
dude is he online? i dont think so,0
doom will kill you,0
not fr avicii,0
gg la,0
schwanz,0
amazing bh fatfuck,0
Gg#,0
FEEED ME MORE,0
gg,0
lololol,0
yet his item so sad lol,0
gg wp,0
gg,0
wtf :D,0
ty good to know,0
gg,0
must listen to my grand mother dont give hc to stupid people :(,1
where is justice,0
ok g,0
eheh,0
dive fountain its report or no comment,0
ahhaha ez qop [MASK_A],1
ggwp,0
lol,0
",/,",0
SAD BUT TRUE,0
RETARDED NO BRAI [MASK_D],1
[MASK_D],0
come wolf 2nd camp,0
wow! haha,0
hs dts,0
gg wp report blood end fast,0
YA,0
I think that was the issue like no gap closers can kite all day dazzle also max poison questionable afaik,0
,0
lion tell them no shoes also can get haste,0
[MASK_A] done,1
no have wards u.u,1
i,0
one* but just in general :(,0
wowww,0
W8,0
... 9 min dager bottle phase..,0
rawr,0
ALchEmiST! lOL! ArcAne BooTS! Team PLAyer AlchEMist,1
35 DEATH AT 15 is too much,0
Im pro,0
baited,0
extend,0
PUDGE EZ,1
ez,1
so i abandoned?,0
XD GG,0
ggwp,0
hahaha 'this pudge',0
LMAO 4.2 good game,0
gg,0
he had like 5 stacks,0
LOL,0
lol @ pa manta hahahaha funniest [MASK_D],1
end,0
"its cool, ill fake compliment u any day jk that was actually a good rocket meanwhile in snipers head pRO ASSASSINATE KILLELD HIM me: no euls [MASK_D] this clock only person who can [MASK_C] me over like this XDD",0
they look like [MASK_D],1
good luck going 2k wyvern,1
as always... russians...,1
GGWP,0
?,0
all my team are feeder [MASK_B] this life,1
k,0
yea !,0
wp,0
gguys pls reported voker 5 lvl quas,0
ty tiny,0
Lol 17 minutes level 14 silencer.,1
THIS WIND RETARD.,1
ok,0
you shiits,1
salo omg,0
ok one sec bringing cours,0
no1 did,0
2mins? too long talong,0
where is ur friend,0
gg,0
bash lord,0
+,0
b top,0
wtf,0
wolfie D:,0
ez mid,1
[MASK_C] cpt ff,1
gege,0
guys go straight mid,0
FUCL U RIKI GAY PICKS DONT WIN GAMES,1
going afk,0
2mins more thanks,0
Ez pudge,1
i Delete dotta 2 now,0
Haha,0
not you?,0
we cant,0
i gave him free kill at top and he said im noob? funny player,1
wtf,0
luck,0
HOW CAN I KILL THIS TREE? my ult wont work,0
wp,0
Get fucked you useless rat.,1
ebnutii pudg,0
xd,0
coemd suport,0
ty,0
easiest game of my life,1
Haha,0
gg,0
EZ EZ,1
ok stfu now,1
[MASK_B] i hate u,1
dc! lol FU!,1
NOOB ?,1
that doesnt make any sense,0
ty for game,0
?,0
this game was such cancer,1
i tried,0
I see alch die I come to his lane and sit there,0
SRY,0
y 2mid lol qoup,0
noobick,1
solo farming all game no items xD,0
i believe it can be so it is,0
reported,0
rng lord,0
ok Ill egm,0
report puck pls,0
Spare us <3,0
ROFL,0
that wave :D,0
2k kid what?,0
=(,0
GG??,0
GOT YOU A KILL LICH ALMOST COST THE GAME,0
:) how close are you to rad,0
HAHAHA 0 SUPORTS EZ LOST ^^,1
u go for alch and not ta?! omg yall gonna lose,0
lol all hero desolator?,0
PICK ALCH FOR COMEBACK GOLD KREYGASM WTF DOES ORACLE DO?,0
I HATE THIS TEAM ALL CARRY NO ONE CAN BUY COURIER [MASK_D] THIS 2KMMR,1
haha,0
and we win this late so u lose,0
Ez mmr 4 rat boys,1
this count,0
gg,0
yes,0
asdf,0
JAJAJ,0
wew,0
glhf,0
lion pls,0
hehe this pa,0
go all report WIND,0
nice aim,0
throne all me afk,0
wtf,0
bg,0
haha,0
hahaha why you die in fountain ? lol,0
lol,0
YEA,0
dat [MASK_B] alche :),1
noob,1
ggwp,0
void offlane bros,0
lel,0
GG na xD nice gave GG ez mmr,1
no we lost,0
waow,0
if you end fast,0
thats why you didn't get me,0
hey flarex so glad we're on the opposite team,0
1 7 lina Blya biomusor,1
feeders noobs,1
gg,0
ez 4k,1
lol Butterfly .,0
SO [MASK_D] SO [MASK_D],1
alch stoping playing ranked,1
"nothing, they're fine",0
Gg,0
GG GG,0
pause please ibrb,0
EZ? EZ??,1
will report him :),0
i cant lose against this am :D,0
ez russki :D,1
THIS TEAM [MASK_A]!!,1
lol,0
IDIOTSZ,1
what's going oooooon,0
gg wp dazzle,0
wanna fight run run,0
bb,0
gigi wipi,0
gg,0
has hecho algo ? xd,0
tell me pick LC mid againt lina is smart,0
so u like me?,0
ez games,1
all time),0
can i end bro?,0
why pudge not laughing?? JOPJOJOJOJOJ,0
i wonder what the winrate of having alch and aa on one team is,0
just end,0
gg,0
racism,1
gg,0
GG,0
no we go boss,0
ahah,0
we fockin lost boyz,0
sorry guys,0
i püicked mid and now he wants to feed see,0
w8,0
this tiny is funny,0
hes a kid,0
report him,0
WE HAVE TOIMBSTONE THANKS REPORT INVO GUYS,0
best ulti am,0
lol!,0
ty,0
GG MID TEAM NOB,1
juz a game,0
4k lol weak just wait,1
rofl,0
was aegis worth it? i know my [MASK_D] is so big in my copter,0
you mad?,1
nahhhh,0
gg w e p e,0
psh pugna will [MASK_B] the life outa yeah its da bomb,1
LOL ebd end,0
quite literally a 5 stack bhhot game would be more competitive,0
O.O,0
go turn on your twitch pink so i can snipe,0
gg,0
ez game....,1
no chill no chill fam,0
Trash,1
ez mid,1
wp sick jukes,1
hahahah,0
hahaha,1
LOL ez,1
thats right,0
no shame mira,0
nice armlet gamburger,0
gg,0
costanza pls,0
hahaha,0
LOOK FARMING FOR ??,0
ggwp,0
EZ,1
yeah pretty much tri lane so i didnt die in early stages 1 time lucky with my kraken shell,0
2v1 at top and u lose no carries in our team and you lose sad,0
cross you heart?,0
we dunno where it is,0
k,0
trash team,1
end,0
PA ;osing streak lmao,0
:D,0
WAS REAL,0
g g,0
ll lol,0
xD comeback,0
and you tried to kill,0
i love u gay,1
ulol,0
need toilet pls,0
Wag mainis EZ,1
..,0
report ww fat,0
ညသ တေမိ ၊,0
why god sent 2 sit pa and am in my team haha,0
end la bai] end la babi end pls go ez game,1
magnus not bothering to tp at all? Thats impressive,0
[MASK_D],1
am wun?,0
gg xD lol,0
cant wait??,0
no you got it why do you think i was half hp after that fight,0
why would u brag about being 5k no diffferent than 4k,1
they made a new tab for that,0
Why is he,0
g mate?,0
nevermore say thanks to me noob,1
,0
OK WIAT,0
MORE RATHER THIS SF LMAO,0
that flying [MASK_B],0
report him ty,0
ya right mate im also 10k smurf,1
if i have doom your dead,0
easy top,0
LOL G)G,0
lol,0
our carries are worse,1
ez tbh thx based unkillable green dorito,1
[MASK_B] this bulshit team in the world look at this qop,1
gg ez hc,1
LMOA,0
enjoy?,0
lol,0
w0w,0
ez breeze,1
ro3,0
RIP,0
gg noob picks,1
team speak?,0
lololol cm did what ursa couldnt,0
lol no wonder wait z,0
,0
ta plsys reprot this acc buyer,1
lol lol,0
? you are my [MASK_C],1
?,0
it makes me happy that at least you are dump,0
GGWP,0
zzzz when ur team dc we wont wait u guy,0
guys wtf can we just fight or something x.x,0
NO PAUSE?,0
win 3.11,0
5 man p scared of a doom pushing,0
g?,0
u [MASK_B] cucks,1
why does your pl think he can fight,0
xD,0
Ggwp,0
reprot alche tx,0
HAHA HAHAH HAHAHA,0
DIE [MASK_D],1
ooooh,0
=/,0
gg daz,0
alche.. dont play ranked please. ever again,0
come mid,0
you're so good with sf bro,0
too ez,1
LOL,0
sf ?,0
ez peruvian [MASK_C],1
Hahahaha,0
+,0
gg,0
dc,0
u can,0
whats this about thai babies,0
EXpress de rekt,0
h,0
team pick like idiot,1
haha go get me 1,0
i guess he plays for the challenge,0
GG CALL END NOW,0
lag lol road to 4k bois,0
het some fucken [MASK_C],1
Ez,1
end plss,0
lo lol [MASK_A] 3 times,1
OK,0
end now,0
hoping for nothing EZ,1
k,0
gg,0
facepalm,0
hello,0
commend me :D ^^,0
wp [MASK_D] rat,1
))))))))))))))))) typical lier,0
ggwp,0
bam,0
haah,0
well..,0
noobest puck got fb then say noob team wow,1
CRYYY BABY,1
why me,0
im dead? :D,0
i bet you do allahu akbar?,0
Ez,1
lal,0
end,0
ahha,0
$K DONe 4k done :),0
randoming,0
go throne plz Fasters,1
Gg,0
WELL PLAYD ONDE AUSHDUASD,0
?,0
wanna be core lol,0
lol end fast',0
;3 <3,0
nabernaut won omg,0
nice ult dude,0
lag?,0
comeback guys end fast,0
GGWP,0
ok,0
:D,0
let us end?,0
ingame,0
please wait 3 min,0
esasy,1
Gg,0
alch games are the worst,1
repor tdat fucekr god now mag goes 2 farm ez lane ccc,0
i don't actually know how i lost,0
0-7,1
rason,0
a minute please,0
LOL EZY exyz,1
why ?,0
oke,0
love these noobs :D dont even know why that kid feed :D,1
pause?,0
keepo,0
IDIOT SILENCER,1
... wtf ? why you lie ? why flame ? you are reported you russian ... this 'wannabe carry' :-D,0
report invo,0
pa pidar report ego,0
so thats why they cant win,0
but noobs ALWAYS dead,1
go pro,0
gg wp,0
+,0
haha,0
but im like 90% sure ember got booste GG,0
hahahaha LC idiot and Tiny Salty cant do anything,0
SORRY,0
ez,1
AHahaha,0
blood you should pick up pokemon snap. i heard thats fun and easy,0
pause,0
hhahha,0
ok,0
noob sf,1
gg,0
i have friends,0
:D:DD,0
gg,0
the worst team,1
AHAHAHAH,0
ez pts,1
naah,0
thats worth it,0
i don mind giving you ppl the money cause i already got all the items yeah,0
purchase,0
well 2 mins on go,0
gg,0
wow full retard mid gg,1
u so lucky,0
wait for my ulti,0
nice suicide!,0
gank mid always fail,0
back you go,0
he wont get abandon,0
mid clashing u pause,0
[MASK_C] this team noob riki end it pls,1
heathens OF THE CHURCH I WILL FIGHT YOU I WILL FIND YOU AND I WILL KILLL YOU,0
wowowowow,0
brood is done,0
we are team gichiaan,0
cuz u mom boom stupid [MASK_C],1
no man you retard,1
hahaha,0
ez mid,1
noob silencer,1
otsukaresama,0
end,0
ggwp,0
nice rp nerd,0
no def,0
atleast tht retard qop won mid,1
report lesh pls,0
lOL,0
i bet =\ I feel bad kinda,0
i predict my team will win,0
wp bro,0
Gg CM COMMENDED,0
omg 2 moonshard,0
gg,0
ez,1
team....,0
ggwp,0
HAHAHA,0
?,0
y give up?,0
that evasion,0
yy,0
ez staks,1
why,0
that alche hahaha,0
xD,0
FIRST HIT BASH,0
(: ur getting played like playdoh,0
i just killed my friends help,0
no one wins me in mid not his fault if any of u had come u also lose prio pro,0
why the [MASK_D] you lion you always lion,0
of when u have 4 blinks,0
NOOB,1
still got a mango rofl was the finger needed?,0
eaisy mid,1
Ggwp,0
go push plz legio reported i afk,0
haha,0
really 4k? lol 4k,0
slakrk ? you killing me softly,0
LOL What a swisp,0
gege nvm end mid dude,0
didnt even get the kill,0
nope,0
:),0
gg,0
denie like a god,1
gogo try hard gogo,0
55 sec let us play,0
ty,0
stupid WK,1
wp,0
Lol :D,0
wtf gg,0
you feed you lanes?,0
say goodbye too,0
aw just play,0
ØLOL SHAM,0
ty.,0
haha,0
hehe,0
ok wait for u,0
kek,0
what happened,0
and then/' lol,0
VOLVOOOOOOOOOOOOOOOOOOOOOOOOOOO,0
haha,0
aw haha,0
offlane nyx 10k mmr report,0
sure lol,0
swap :))),0
gr8 game,0
4 v 4,0
need re,0
ask sven,0
thanks\,0
RUB?,0
end please,0
has predicted their team will win! oh [MASK_C],0
",, ???",0
we w8 u,0
hopefully one day you would actually be able to spell,0
EZ BCOZ SEE THAT TINY ITEM SO NOOB,1
.!.)))),0
doesnt have evasion o.o,0
?,0
her loading he*,0
?',0
:D,0
gg,0
U wil win ur lane one day...,0
wow,0
2 8 invoker  pls report this invoker ill commend all of u,1
1/2 price,0
recon,0
GG REPORT THIS THRASHES,0
g,0
u was bad,0
dont push [MASK_D] :D,1
commened our [MASK_A] tier sniper,1
ROFL,0
close game,0
yeah ty,0
bel mid divertito?,0
GG WOOO NICE GAME,0
die LIAR,0
noty,0
mobile phon e,0
TriHard,0
craggy omg,0
you're playing riki,0
I'm so upset.,0
?,0
[MASK_D] RUS,1
gg,0
ggwo ggwp,0
XD,0
LOL,0
me too hahaha noob mid say to all pls sf or you shame already ? hahahha,1
!?,0
who knows,0
hue hue,0
thx,0
rofl,0
end it,0
noob HAHA,1
tang ina 1 dead lol,0
KKKKKKKKKKKKKKKK KKKKKKKKKKKKKKKKKKKKK TO RAXANDO,0
gg,0
okey LOL,0
kill the support and think you win the game ,0
btw dnt get reaped scepter liao 30 sec added time,0
who talked first? Cm alche hahaha,1
wait for lina in my party,0
wow pros reprpot emebr,0
this isnt even dota this is a [MASK_A] disaster,1
ez,1
VS 3 FCK CARRY,0
gg wp,0
hahahaha EZ,1
ĄĄĄĄĄĄĄĄĄĄĄĄĄĄĄĄĄĄ,0
atlest we killed tha noob :D,1
denied please lol,0
buy ur mom aghs joke,1
think ragequit or he coming back,1
29,0
dont aim me xD haha,0
[MASK_D] you bro,1
nice ward,0
jk how long,0
gg,0
can we pause 30 sec? bath,0
wr picker lol,0
aw,0
nice trilane bot you are so [MASK_D],1
tech bomb on bot ill throw,0
pizza m8,0
g,0
they keep farm when we can finish :),0
spectre not ulting in fights,0
haha,0
gg,0
yea,0
"if u have something good to do, then go do it instead of playing DOTA",0
jajaj look this lina this retard,1
hahaha,0
gg wp,0
[MASK_C] im broke,1
Ez gold,1
taste so good,0
3 heroes bot and this am still poor lmao pick am jsut wanna show his basher Joke,1
and u still in 2k lol,0
yes\,0
the ultimate space creater or is it creator creater or creator,0
calm down wisp shame wisp,0
gj gg,0
the rage is real u fucks let us finish i fck ur mujm oh noes they rosh with sb and visage LOL THAT JAKIRO 10k,1
wew intro boys,0
haha,0
ggwp guys,0
eh?,0
yeah for? rc wont help anything when lag y rc,0
;/ the creep,0
this quellin gok la just now he ulti 1 3/4 life,0
ty,0
gg absolute fuckhead,1
alch need like 10 min mid,0
f u,1
wp,0
all report this idiot,1
sec,0
gg,0
tiny suppose to beat wr midlane?,0
ez,1
2 - 8 is lvoe?,1
hope to see yalnext game,0
ure quite bad,0
wp,0
im dead,0
any reason ?..,0
gg,0
he keeps talking,0
end mid gtg,0
gg,0
why he did well,0
run qp :D,0
wanna jugg lose :),0
lol ty kotl,0
ty,0
Gg i will be back,0
cant ulti,0
i should not get every last hit for 5 mins free farm.,0
sorry pls wait,0
easy +25,0
nice,0
)) techies wp,0
come,0
:D,0
damn it WAIT UP !,1
gg wp,0
almost DR,0
wk back to fountain with full hp and all ulties rdy,0
Hahaha,0
stop le taunt,0
sf pro player,0
Gay wand,1
X mark pro 2015,0
realy?,0
gg,0
lina GG,0
lol illuminati 727 727,0
rofl,0
GG,0
sry,0
reported wr,0
thx for the crit pa,0
gg rag,0
GG LO?LLLLLLLLLLLLLL+ JAJAJAJAA,0
THIS IS TOO EZ,1
ggwp :) tnks game commend me . :),0
TRASH,1
we lost with this useful antimage,1
What?,0
okay i guess its war then,0
We have spec,0
i was bad,0
ggwp,0
its my doot,0
cumbag israel,0
Isnt it obvious,1
hahaha,0
food,0
:DD,0
we got juggerw/o tp relax,0
go mid please me rindo,0
hahah wait who,0
es,0
wp,0
about 5 cm,0
lmao,0
baby dont hurt me dont hurt me no moreee,0
5 4,0
fck u clock,1
did you break dota?,0
gg alche,0
./. for your sake,0
well they decided they want to farm so they are incapable of tping,0
wk restart dota,0
#woth,0
wait jugg,0
omg same,0
miss,0
wr catches arrow like a pro then suddenly legion duels me with bkb and lifesteal heck it was funny dont cry beast,0
5 10 loool,1
1 more minute,0
WHYS OSEZA?!,0
uh huh,0
ez last pick meepo 5 AoE last pick meepo peru :d,1
end quik this spec ....is a half wit,0
ff pleas,0
HAHA,0
full failed dropping items,0
can go,0
...,0
nice gaem,0
??? lag,0
yes,0
osama binvoker will get no peace,0
LOL nice,0
TARD 2 DEATH,0
gg wp,0
ggwp,0
how did i not see that range LMFAO gg aiya smh -_-;;,0
ez,1
we should have won this earlier,0
ez mid,1
+,0
thanks for the game,0
GAY!,1
2k ping,0
?,0
haha catapults mvp,0
he is coming,0
rat dota?,0
u [MASK_A] sick,1
i kill you so easy,0
"THEFEEDISREA,.",0
say the ES picker lol,0
>blames loss on ping >loses mid to alch,0
nice,0
haha,0
Ez mid,1
those fucken veno wards gave me so much cancer fucks sakes,1
ok send a currier to the secret shop please can u?,0
dusa into pl waddafaaaak,0
lol?,0
`i hope you will report ember ?,0
tissue?,0
ty sir too late,0
[MASK_A] and,1
wait Spiked,0
hahah,0
nice,0
go?¿,0
LMAO,0
gg pls puish,0
2 [MASK_C] son ofawhore Retard,1
run [MASK_A]!,1
reported kotl,0
g,0
anyone want rapier?,0
its over i dont care anymore,0
this game is amazing,0
[MASK_D] you,1
get out luna,0
ORAYT !,0
LMAO,0
i dont understand y people steal others creeps,1
gg,0
carajo,0
z,0
please commend qop he is the best,0
guys i can wait just a minute i don't have,0
^,0
we need he afk or leave,0
gg,0
[MASK_D] OFF COME,1
./.,0
hook,0
so ez,1
bg daun na magnuse wp,0
sk sad always delay,0
doesnt matter is you all jump into black hole,0
pfff u are stupid..,1
fck this world,1
reported Try hards,0
HAHAH WAT THE FACK LOL OF THE DAY dsahdaslkdhwuroeyri32212,1
"take that doom, what u waiting for?",0
ROFL,0
[MASK_B] that bash,1
thanks :D,0
yeh sorry he did have that one legit ult that killed me tho Lol,0
AHAHAHAHA POTA,0
riki sad :(,0
u didnt do [MASK_A] to stop my farm,1
lol,0
he sold items pls report whole my team,0
gg wind,0
ohh thought it was abit creamy today,0
+,0
gg lads,0
:/,0
ez mid,1
Report riki Gay [MASK_D] hero,1
gg,0
bunch of idiots bOmBaGhoStDotA,1
he is coming back boys,0
pitty that invo left,0
ahahah worth it?,0
yeah,0
gg,0
no mana LUCKY hahah,0
good game templar i know u better :) u good sir haha,0
OSfrog LE BALANCED FEMALE ROBIN HOOD OSfrog OSfrog LE BALANCED FEMALE ROBIN HOOD OSfrog OSfrog LE BALANCED FEMALE ROBIN HOOD OSfrog OSfrog LE BALANCED FEMALE ROBIN HOOD OSfrog OSfrog LE BALANCED FEMALE ROBIN HOOD OSfrog,0
aw this zeus,0
guys plz unpause safe to leave,0
gg,0
commend :D,0
void 25 mins 0 ulti dropped ggwp alche mid = invo freefarm,1
I need more items to carry my team,0
RLY [MASK_A],1
fck team :D,1
nice try,0
come mid,0
spell check,0
lol pl paper,0
:D,0
sblade when you already have dust for weaver,1
ROFL,0
later [MASK_B],1
we saw you,0
ez,1
per ui win,1
labas oh,0
fu,1
wait,0
baited,0
[MASK_D] you,1
FOR RAPIER,0
wp,0
haha,0
??,0
ggwp,0
agradecele al pudge,0
ohhhhhh!!!,0
stop fighting and we will,0
5 sec left,0
[MASK_B] russian tards king,1
ahahahahahahhaha they ping 10x time and not come :D:D:D,0
GGWP,0
would smack you in the face right now,0
RS,0
[MASK_C] got a team of 4 retards,1
sorry,0
kaya naman ee,0
gg,0
w33 here,0
uxaxa,0
kuro was right rtz was left,0
nice tp,0
*throws hook into cyclone* - catches - legit,0
gg,0
report him for [MASK_B] sake,1
I [MASK_D] you ez,1
4V5,0
ebaniy daun shas bi v 4k pati mmchike kontr pikat storma sin blyadi bedzmozgliy,0
damn SAMUELLL,0
sad,0
RUN BITC HRUN,1
damm themetric system,0
55 sec gyro farming,0
lol,0
haha,0
sir,0
ree mmr zzz,0
see force staff helps wp,0
ez friend,1
XAXAXA,0
wp,0
ok,0
Dead,0
HAhaha,0
i dont have time all of the day,0
gg gl,0
literally the easiest game of my life,0
dont cry,0
SAME,0
commend me pls,0
last agme very noob,1
gg,0
commended btw,0
aw aw sO sad,0
You had to hook me ?,0
Ez Ez Ez,1
[MASK_D] hell whered 5 of u come from a creep [MASK_B] block me from reaching you on the rearm lol [MASK_D],1
no 3rd Want run bash me? :)),0
u noob,1
LOL,0
ye i will sut up,1
retard tiny,1
PA you lucky [MASK_C],1
wait,0
!!!,0
[MASK_D] u guys got gem what will happen now !!!,1
GG,0
ez,1
:V,0
?,0
you lost,0
report tinker flaming Com abuse,0
shorter lol,0
Ez def,1
wtf is win?,0
EZ,1
just lick) luck*,0
alch this cant be ur main right?,0
ggwp,0
EZ game,1
nice viper,0
ahhahaha wtf end?,0
im coming dont harm me,0
i am ogre its all ogre,0
fat slark,0
ez mid ^),1
ez,1
report pls,0
gg,0
lol,0
stahp,0
alch u happy ur first win in 30 games,0
tide fuckign tp,1
cyka,1
yeah 2k killing you,0
WHAT,0
gem worked,0
omg quit men just quit [MASK_B] you morons so feed them fast ok i uderstood,1
OJOJOJO,0
spanish please,1
gg,0
like slark,0
nice match history meepo,0
wait my gay,1
commend me tq,0
stupid tuskar report dont want solo mid,1
sF TOO MAD,1
JUST A GAME,0
jakiro don't pause -..-,0
noice game,0
FICKS,0
hes lvl 11 lol,0
55min AC only gg wp SF,0
pls,0
?,0
ESTA,0
tinker afk all okey,0
<3,0
gg wp,0
xD,0
even if we def still lose,0
they scurred,0
np man anytime,0
not to take anything away from u but i doubt its hard to outplay a retard,1
lol,0
Report OD,0
cant even ks,0
gg,0
lol,0
"thanks man, appreciate it",0
come back?,0
wew look balanar,0
the bestest!,0
stop throwing pls not fun,0
ggwp hahaha,0
10 mins of pause?[MASK_C] you loser,1
end,0
ggwp,0
"level 3, at 13 minutes",1
jaja i need to fckin finish my job [MASK_D],1
we had you if people stayd top i ahadd ww ult we had corno ffs,0
:),0
ok,0
KEEP DO THAT SF HAHAHAHA,0
blame team,0
...,0
jug get rekt,0
noob mirana no need,1
we got rekt,0
end,0
now i can't force her :C,0
wait wc umum,0
happy now,0
i thot ur going leader board,0
ez -25,1
ez mid ez mmr mid 3/11 sem bkb euls 16 min tipical pub mid,1
XD,0
LS :D hard carry lol,0
zero contribution medusa,1
are you complaining about sf?,0
0/13,1
+,0
well played dire i mean radiant ** :( gg wp wellplayed sf ty quick game than with these homies,0
rofl,0
bash lord [MASK_C] bash lord,1
xd this es LEAVE psl ES and clock,1
the glyphs the wards,0
that dispersion,0
gg,0
GG,0
hahaha nice,0
gg wp,0
Gg,0
w8,0
am T^T,0
AND THEYRE ALL DEAD,0
qop feeding,0
ur range,0
Eh w/e,0
easy game,1
musorka team,0
w8 im also coming,0
BOOM,0
thanks for that,0
ok boys we have carry potm 4.9 enjoy your free +25,0
so slaty,0
it feels like we have klnown each other for ever,0
+,0
wr idiot,1
hahaa fucknig noob noobs report that noobs passives REPORT PASSIVES,1
gg,0
ok stupid rustard,1
hey guys care we got silencer agha without a point in curse :D :D:D:D:D,0
why quit again??? sht,1
loko bos,0
can only do so much,0
lo000iising haha,0
wait a bit,0
HAHA,0
hah,0
3z,1
lmao,0
dunno he's in doto at least steam says so,0
lol,0
[MASK_C] this game i was not afk!,1
ayylmao gg well rekt,0
lol,0
lost to me,0
?,0
nice shackle,0
this is how you boost ur mmr? ember?,0
Asdpoijasoidj that quickcast slot just ruined my game ggwp,0
GG,0
noobs team [MASK_A],1
counter pick wr more,0
gg noobs,1
gg wp,0
ale dayn,0
battle of offlaner highest death wins,0
"yea, thats why he dual btm",0
gg,0
come jug,0
D C,0
your friend,0
wow that lucky hook,0
^^,0
i was taking [MASK_C] you [MASK_D],1
wp invo,0
well ur mum is awefully short,1
gl gl,0
in dota wait guys in dota now rec,0
wow cm ulty,0
no not gg,0
testing my reaction?,0
lost,0
lol,0
gg,0
no bounty for you <3,0
[MASK_D] u guyz,1
1 good fight with the game,0
u are the worst,1
GRATZ KID,1
1 7 SOLO MID,1
ez,1
i dont wait for llamas,0
sniper_pick = true,1
put ss on me i want slardar to kill me,0
ty,0
+,0
gg wp,0
and annoyin [MASK_A] ulti,1
live with me if u want to come,0
2 year,0
no wonder im retarded,1
ember more mvp,0
i`m best in eu,0
ye i will,0
GG,0
wow,0
ez mid,1
focus axe and wk = sure loss :D they are str heroes so... mb hard to kill,1
what´s is your problem idiot is mmr,1
ofc this is gg,0
ez,1
AW WEW bitter,0
See that [MASK_B],1
why naix forest?,1
she was,0
GGWP Noob team just pa and es pro and me,1
mga bobo,0
lel xd memes,0
gg wp,0
GOT EM GG,0
gg,0
haha bh,0
ult in 4,0
w8,0
lol gg ez,1
relax u [MASK_B] rage lord u r doing fine relax.. tke a drink,1
lol,0
6 gem here,0
ty guys,0
ez (,1
commmmmmmmmmmmmmmmmed me,0
you are the worst teammate why play a team game,1
all meelee :3,0
e itqrf vfvrf hfr,0
yeah yeah,0
get rekt son,1
to mo,0
U TRASH FAK U GIVE ME WIN,1
g g wp,0
ty,0
end now,0
¯\_(ツ)_/¯,0
he had a perfect build :),0
No,0
haha,0
saf sad BYe,0
its not really that funny its 4v5,0
ez kill,1
gege,0
[MASK_C] U [MASK_C] WHY U AIM ME AIM EMBER LA [MASK_B],1
gg,0
gg,0
sugar daddy,0
COMMEND SIR. ty,0
such a [MASK_D] hero,1
.../.,0
frozen so bad guys just report him i hate that fucker,1
my team*,0
Wtf,0
stfu,1
gg,0
...,0
your*,0
AJAJAJAJA},0
vlad item fore homeless,0
"report sf intencional ,.",0
voker u last hitting?,0
online,0
really?,0
report lich and pudge,0
huge talent,0
noooo PLS,0
xuan mai fail,0
wisp wc,0
gg noob team weak,1
dealing drugs and,0
okay,0
rs u rs? come on that was 2ez,0
rofl,0
rofl,0
IZI,1
gg,0
3 mins only,0
cooking*,0
FF MORE SVEN,0
If you dont want him on your team I suggust reporting him,0
lol,0
i quit bye,0
next time go for mjollnir and carry tide,0
coz he knows his tteam mates are noob?,1
say thx for slardar and lina who fed u,0
nah just bad,0
hahaha commend ty,0
3 ?,0
GG ALREADY,0
ff,0
:),0
wd and disruptor really won this game for us commend em,0
Every time i ahev Alchemist in team Its totaly non farmed [MASK_D] And when its againts me Its fullslotted wiht 20 aghanims in 25 mins and its going to end gmae,1
he plays with me,0
can u finish,1
happy deff,0
lol,0
wtf,0
g wp,0
gg,0
lol riki,0
jsut odnt,0
[MASK_C] moron,1
1.5k crit,0
zzzzzzzzzzzzzzz May have been tabbed out,0
"see, high ground def so powful,, xd",0
REPORT,0
XD,0
end afk,0
aA gET REKT KID aw,0
this slardar does nothing in fight,0
[MASK_D] this TEAM,1
ye i dc about points,0
how would u like me to cold snap while hes twirling,0
",?? YY",0
end fast,0
backtrack [MASK_A],0
sps,0
GTFO of THE INTERNET CAFE,0
hahahahaha 2v5 hahaha yeah they win hahah,0
ninja veno,0
im noob dodging,1
really you guys seriously sit him all the time?,0
wd?,0
lai,0
stay right there,0
ok g?,0
:(,0
2 hp,0
go ff,0
HAH,0
haha,0
gg report shaker,0
^^,0
getting hit by fire arrows is really what i enjoy most about dota,0
wp,0
lol,0
?,0
:(,0
u fucks need to knw,1
... why me,1
Ya thats my trademark,0
b?,0
?,0
Wheres your god now,0
kill 1 die 2 2 die 2,1
dont me la,0
wagaga,0
gg wp,0
ty,0
i would wait a little bit but this is ridiculous,0
lol,0
GG,0
i was closest without going over!,0
how's the respawn ember lmao,0
who the [MASK_A] are u,1
you were right about wr every game,0
1-21 5k4 )),1
mother' call,0
total outpick,0
4 decay all dead,0
i myslef discorvered america,0
? ss for w0w,0
y aha,0
lol,0
THIS GUY WENT FOR MIDAS AND BUYING [MASK_C] ITEMS WTF IS WRONG WITH THIS DUDE,1
xD,0
waiat?,0
that jugg,0
afk,0
ruins it for everyone else,0
u [MASK_D],1
LOL,0
"WIND RANGER you were expecting flame, right ? :D",0
b,0
xdd,0
lol k.,0
hahaha bb,0
HAHA,0
ggwp,0
what..,0
Guys did u report Brist,1
autist slardar,0
random should be removed,0
invokeer noob with skils fail skils,1
gg wp,0
ok 1 min 56 55 54,0
wtrgf WTF! [MASK_A] YOU UD!,1
ulti aegis,0
lolz,0
u can heal with midas oct or open wounds,0
call mis pudge noob,1
^_^,0
lol,0
cb morp so strong,0
and ?,0
WONt CARE,0
k win?,0
?,0
you al,0
? oh why the [MASK_C] are you unpausing,1
i was drinking some water.. :(,0
u unpaused?,0
my team noobs... you luck [MASK_C],1
gg lion,0
chemistry We had That,0
this martha focker,1
gg Report slark no pounce,0
sven dc ?,0
B M W,0
smart move wr,0
team afk),0
^_^,0
:D,0
oh that was sad,0
I LOVE THIS HERO Its so useless,1
TKS FOR W8 LOL,0
Stop defending then,0
[MASK_D] noob 4.8k,1
jahahaha,0
"Have some respect, Ogre is a girl",0
no need just put in jungle,0
gee gee,0
i [MASK_C] your pussi,1
sad,0
this shackles,0
silencer,0
i cri,0
ENGLISH PLS PERUVIAN PLAYER,1
AHHAHAHAHA,0
WAS WORTH #?,0
4v4 dis jug rofl epic and 3 ma tp,0
im da real sumail,0
ok 1 skill hero,1
why,0
dc,0
damn [MASK_B] nyx,1
wTF? why,0
you mad?,1
so the weather...,0
he will... its ranked,0
gg,0
i buy acc also onli 4.9,0
wait dup,0
cumback,0
Lel doom a support,0
can we pls end the game,0
baited,0
PORFAVOR REPORT TEAM :/,0
anti-GAY,1
down the drian,0
bh i hate u go abandon,0
6.85,0
u did fine undying picker,0
hes doing ti for a challenge,0
how many creeps do i have?,0
hi,0
lol naix so thirst to dr LOL,0
get lost,0
HAHA slark you okay?,0
hahaha,0
GEGE es baited [MASK_A],1
LOL,0
that makes them nerds/,0
_)_,0
y always me huskar :(,0
:( gg,0
this OD so good,0
Wew ember so [MASK_B] [MASK_D] die [MASK_B] Wew why ember not die [MASK_A] [MASK_A] la please kill ember,1
mb PC crashed?,0
gg,0
RIKI STAY BOT OMG STEAL XP,0
ya later voker dc 1 by 1 [MASK_B] off,1
wkowkw,0
feeling pro?? zz,0
?,0
brraainnss,1
restarting modem boy coming in,1
(,0
Gg,0
yes,0
haha,0
lol nice try,0
1 more min,0
10 hp is luck,0
too ez,1
NAMO NIYO,0
ROFL,0
lol cry more Plz,0
TIRAME KAKA FINISH REPORT NECRO AND PUCK PORFAVOR LES PUEDE TOCAR,0
We lost from minute 1 ez?,1
meanwhile wd,0
HAHA,0
GG,0
LOL,0
ggwp,0
because the only one who gained from that was lesh,0
hm? no sup phenix is bad idea,0
sm,0
=),0
mairo is the real mvp,0
lol,0
+,0
hh,0
You [MASK_A] wakle up ur fking idea,1
quieres pene ?,0
report please,0
noob luna that own us,1
i didnt ult even voker,0
k,0
:(,0
)))))))))))))))))))),0
yes,0
lol,0
why not end fcker,1
ahahah,0
so Ez,1
u will suffer,0
kek rat EleGiggle,0
gg,0
? ?,0
can u end mid thx,0
baited,0
ez mid,1
THIS PA 1 SHOT 300 CRITS,0
we would have won a while back if we didnt have this pudge,0
go finish plz and report DK!,0
cumback you can do it,0
my aa is pulling again ,0
because -25???,0
500 gpm alche coming,0
useful info as riki against euls,0
can you [MASK_A] off?,1
u have there my jugger,0
gg nooooob razor,1
to fast ?,0
like always :),0
yes,0
?,0
gg,0
gg,0
fucj hahahhaa,0
wait DK plz report invoker ;),0
kk reume or,0
?,0
i like it 30 minutes <3,0
?,0
mecry,0
:)) we have the best mid. with the best item choice,0
wpwp,0
yeah report him i commend u,0
[MASK_B] FIRST BLOOD,1
yeah,0
ld it's not meta kunka caryr doom wods?,0
),0
wow,0
why couldnt I be on your team : /,0
ty,0
wew,0
gez,0
for whiningf,0
thx,0
nice afk bro ...,0
for starts,0
See idiot sf,1
lol,0
money!,0
WTF,0
oh lol [MASK_D] DOG LMFAO,1
SON OF [MASK_D] ALWAYS LOSS,1
"thats so rude of you, boyz",1
reported,0
?,0
.l.,0
sad what a hero,0
BOOM,0
trash talks other people nice,1
and bkb and necro 3?,0
farm hahaha 361 noob,1
pogle trax,0
def please u can win,0
AFK MATE,0
gg gg necro,0
eziest,1
we wait my friend 3mins,0
intro boys,0
gg team,0
ge,0
ez mid,1
SAIKIIII,0
which cmnd,0
EZ KID,1
lol,0
OMg,0
? ? sad WR is sad,1
lol,0
Rage quit,1
wr,0
gg wp ez,1
gj Its yolo time #jugg,0
just needed a blink dagger to [MASK_A] u all,1
gl,0
kwkwkw lol,0
sf nab,0
please..,0
so kind of you,0
gg,0
ez,1
i wont 24- is nothing gee gee tuskker,0
Hahha,0
rlly this hate it's overwhelming..,0
ez gaycumback,1
u rent very smart arent you,0
?,0
more like an angry lazy reaper,1
im AT TOP,0
lol,0
gg naughty,0
dont understand why play am if u dont know blink in blink out die fail mana void,0
u can do it guys get some malstrosm,0
kill me nicea,0
BARA WINS THIS GAME WITH HIS PICK,1
noob shet pl and slark 1k mmr,1
commended,0
ahahhaa,0
i didnt kill him bruz I had searing chains,0
I like him I'm indifferent with this ember,0
WORTH,0
guys can report injokeR?,0
he's back online hp SF? :(,0
GGWP IM DONE,0
LOL ROSH HE BE LIKE 'GTFO FROM MY CAVE [MASK_C]',1
ew why would i want that back,0
GG,0
He won an off lane Vs a [MASK_A] WK,0
SEE,0
am hard,0
and he s happy pugna,0
ranga grub,0
rat,0
that sunstrike,0
lol wp tower no eye,0
haha,0
GG,0
),0
he is annoyed allhis wards are gone HAHAHA,0
the end fast,0
gg gr8 game,0
ez :),1
GG wp,0
they want to support you alche,0
stupid mid!,1
yeah u r,0
ez ursa,1
[MASK_A] [MASK_B],1
void without bkb unlres,0
ggwp,0
?,0
kek,0
keep blinking around me :),0
if that wasnt with scripts that was impressive,0
League of Legends,0
instant karma,0
plz report him,0
u are lp after this game,0
gg,0
haha,0
gg,0
dead :D,0
report plz account buter,1
ok,0
SO DAM HARD,0
wew ez mid?,1
lol thats what I would be saying if I was against drow,0
gg,0
im doing stuff i think,0
ez],1
he s gone have to work,0
22 min agha undying yaysayaay,0
ff,0
all this sea talk,0
"laned vs a retard, wins lane, thinks hes god",1
commend jug!,0
Nice ult really fucked up my linkens,0
that illu micro 2010 [MASK_C],1
? 5700 unmanner just reprot,0
lol,0
haha,0
but the team isnt really...,0
[MASK_D]?,1
GG,0
ty for annoying me ;_:,0
I mean your viper had trash farm,1
brb shoping,0
tan aw2 pud,0
bad dk,0
gg ez line eng pls,1
w8 plss,0
HAHAHAHAHA,0
?,0
end,0
ok go ff pls i afk,0
GG,0
nice try,0
delay 20 sec plz rdy ty,0
?,0
againt?,0
20 min no boots nice game,1
dp?,0
ANJING CLOCK BLOCK,0
GG,0
better than u anyways,0
lol,0
gg wp,0
noob team,1
D,0
GJ GJ G GJ GJ!,0
1-12 noob,1
[MASK_A] off are we waiting,1
gg,0
nope danger,0
gege :) nice to meet u,0
wow,0
gg serenity,0
hahahaa,0
riki is ez mmr,1
idiot,1
1 hit haha,0
EZ NOOB,1
Good Throw,0
ranked ns idiot,1
000 he's kill,0
just move your [MASK_C] axe camping jungle,1
OOH LOOK AT ME I PICK BARA SO EZ HERO,1
lucan w/o treads,0
Haha,0
lol,0
:),0
easy,0
29HP,0
we lose :( we already lose end,0
gege wepe,0
no mercy,0
Hacker Tequila,0
5500 main acc,0
smoke is no good for ur health,0
wew lads,0
Sure my son did drugs touched those clowns SO WHAT,0
go leave,0
sven smash,0
fingers too slow,0
gg,0
SAD,0
wait,0
bj slardar,0
ez mid,1
ggggg,0
pc se reinicio w8 pls,0
He's going to kill us all,0
GG boys intro idiot talk what before? book party,0
ez dead say what !! ??,1
thats y its common idiot,1
hmh.,0
wow rofl,0
MASS BUY BACK,0
XD,0
sf u dont flame when u die?,0
lol,0
gnyt,0
[MASK_B] trash game,1
i didnt pause nor resmue,0
gg,0
2e,0
we have a fking retard,1
"Although now that you mention it, we know the history of greece right?",0
ppl like this bb and kka noobs,1
ogre,0
gl,0
juke ?,0
ahahahaha,0
haha,0
GG enigma Gg,0
team retard esos items de 1k por la ptm,1
noob alche,1
XD,0
gg,0
why?,0
XDDD,0
its blame time,0
u said u will win,0
gj font,0
ha? haha really,0
sorry hand slipped,0
reported carry,0
./. commend me support,0
its always the meepo,0
ty,0
this invoker crying over you.,1
ggwp tiny actually has downs :'(,0
LOL 4head?,0
nvm,0
wp,0
ok llater,0
gg wp,0
sf is afk there,0
he very quiet now,0
wisp wc.,0
ROFL,0
WR,0
ggwp,0
tim haets me so hard,0
lol,0
stop watching [MASK_B],1
i recon also,0
u can still win [MASK_A],1
wew hehe,0
you sure like ganging up on girls 3 to kill a cm breaks my heart,0
jaja,0
at least you wont be running at our core,0
lol,0
report jugg PLS GUYS REPORT HIM [MASK_D] TRASH 3K PLAYER ON JUGG report thx,1
go throne,0
report am and qop,0
haha,0
[MASK_C] like u dont trash talk here noob ember,1
GG,0
yeah,0
just end sir,0
buy 200deward,0
gg,0
hmmm,0
gg,0
LOL WTF man,0
Meh ehd End er.,0
Wahaha,0
lol,0
my frend ... 2 minit.. w8 otw,0
i hate pub,0
ty,0
gg,0
gg,0
this morfin peruvian,1
report tusk,0
did u see the troll < >D,0
xD,0
report oracle pls,1
#1 lobster,0
yes was so [MASK_D] ez,1
are you sure ?,0
blaming team all the game,0
go out,0
lol,0
no crits,0
1min more,0
DAZZLE IS NOT A SUPPORT,0
Ez bo.,1
gg fu spiderman,1
end fast,0
lol,0
gg wp,0
just pa,0
lolol,0
g ty,0
but we fine keep whining all chat,0
because this is unbelivebale,0
lol,0
he is not old enough to play this game,0
we do,0
HAHA,0
go on,0
bottle,0
nyc set pa,0
try wtslow,0
revenge riki,0
so lucky,0
gg wp guys,0
1973 egypt fucked israel :D,1
wtf?,0
free mmr,0
ok ok haha,0
duel me more [MASK_B],1
:D smart fatty pls no,0
ｋａｋ ｄｅｌａ,0
haha,0
sad ES lucky :V,0
GG,0
?,0
gg,0
wr,0
gg wp am,0
1v9,0
WTF,1
report musa plz,0
report him guys,0
ggwp,0
pro dagon sky :3,0
??,0
y gj 3ple mid amazing,0
ez,1
ill [MASK_B] rek you,1
Gg wp,0
commend our sniper too pro,0
report me friendly,0
stfu pls,1
gg wp,0
funny.com omni web site,0
GGWP :_ WOo hoo,0
like invo jungle,0
idiots think i can stop you dusa,1
ez mid ez life,1
AFK SOLD ITEMS SRY,0
"i recomend you , download the game and see lina",1
just abandon lo can how if he rage,0
:D,0
ez btm,1
we lost,0
all g,0
RETARD?,1
hi ty,0
FUCKINF,1
ty for coins wr,0
hi,0
w9,0
nice ulti man 1 person wp,0
so much trashtalk,1
yh',0
gg karma strikes again,0
[MASK_D] Z [MASK_D] la Not back,1
but then i got blowed :D,0
wtf it has 0 cooldown i saw you being used,0
BOBO MO,0
ez ez ez hard 1 8,1
^^^,0
all are ranged in ur team,0
lol,0
WP,0
help!!!,0
lc mvp,0
lel downer,0
yeah 5 min max,0
5 bkbs holy [MASK_B] try is hard,0
?,0
waht a bash,0
carry 1 9,0
WHURZEN,0
i dont think so if we got a good pick,0
gg wp,0
typical euro assholes blames about powerfull country no surprise,1
HAahhaa,0
lol that schackle,0
hi mom,0
ggwp,0
GLHF,0
gg wp,0
report spectre abuse comunnication,0
commend me :D no need scrun,0
haha,0
i think you need that,0
i got 3.8k ranked mmr playing with dudes u know its really bad,1
g,0
why not mid silencer?,0
RIP} gg,0
5 4 3 2,0
ez,1
ez mid go cry on pudge's shoulders,1
k?,0
y am i good,0
ez mid :),1
GLHF,0
u guys lose late useless tusk as well,0
[MASK_A],1
void void,0
no just 1 min,0
shame on you,1
disonect and kill him ez?,1
noob,1
have mkb,0
[MASK_B] peruvians,1
how can u win with a noob carry,1
gg,0
his useful than spec,0
nope i`m cm,0
Yeah ! Ez,1
from vietnam?,0
fking ez,1
go mid,0
putang ina mo,0
THE ULT IS REAL,0
end top fast,0
for no reason he was never there u had a sent dude,0
ALSO GO WR EZ MID ! WR WINS MID ALL HEROES WR AND AUTOEZGAMEW,1
noobs,1
GG GG,0
ggwp sorry for bh,0
range so big?,0
lol,0
[MASK_B] childhood,1
baserace ta,0
ur 1 kill came from a KS w wp,0
sweet dream no die,0
yaya mby 30,0
GG,0
ebola spirit,0
mid was ez dude ur qop u just fucked up,1
deF LA FOOL PASUE? pAUSE? U WANT PIAST? WANT PAUSE?,0
WP WR result to BUYING ACCOUT WR,1
ok lol,0
he [MASK_A] so bad,1
shes my favotire hero,0
im glad to lose this guys are too weak for winning a game,1
[MASK_D] game rerport invoker,1
wait!,0
ffs plz,0
he's gone,0
perfect hex lol gj SS!,0
ez,1
AHAH,0
the tree,0
... rubic,0
haha,0
ez,1
focus me more ty,1
lol its abandon game,1
gg wp,0
haha get rekt,0
OH GET REKT,0
WTF [MASK_D],1
[MASK_D] lion,1
yeah,0
l;el,0
wa dr,0
Rec Ty,0
working on that,0
ggwp,0
report wuitters,0
gg,0
ez,1
Wt ?,0
dreamteam,0
Ez EZ KS,1
happy deff,0
ggez,0
ez mid gg,1
lol,0
End2 fast Too much,0
[MASK_C],0
you need a team that can draft,0
[MASK_D] pa,1
THE +25 DREAM IS COMING AAAAA,0
easy game,1
ez deny,1
im always srs hmm,0
wr,0
gg,0
wp,0
:OOO FASTER LEAVE LA GET THE [MASK_B] OUT OF MY GAME,1
LC go bit bot,0
SAY PLEASE?,0
haha,0
eres un asco,0
!!!!!,0
nice backd00r,0
^^,0
ez,1
g,0
aw weak,0
bro u think u vanguard very strong?,0
rcing thank u guys love u all im a girl pls dont flame me,0
we win,0
ez,1
you can reaper axe man :(,0
lol mid,0
GG,0
yep,0
i hope u ger cancer with ur fkin shackles,0
marahin carry,0
gg,0
yup,0
you loose your commend,0
who want aegis Aw,0
?,0
good,0
rc,0
i will send pic,0
[MASK_C],0
.1..,0
gg,0
rly,0
GG,0
"Whatever, team wanted to have 'Fun'",0
refuses to buy blink on wk,0
TP doesnt give +6 dmg and 20 dmg block it's not worth trading the PMS for it ,0
y?,0
OMG [MASK_C] WARDS I HATE U,1
lel,0
hahahha,0
GG,0
go?,0
no riki?,0
alche meta? useless as [MASK_C],1
KappaPride,0
g,0
lol,0
gg wp stop def STOP PLS TIME,0
yes sf ez mid rofl,1
they just buy 2 midases and lose all advantage,0
ggwp,0
go 5 man till 10 HAHAHAHA,0
report,0
rq,0
AHAH,0
how long,0
LOL,0
NOOB hahahahahha 5k,1
aparet [MASK_D] retard,1
[MASK_D] that riki Xd,0
ooops,0
ulti zeus 4 dead,0
gg,0
What JOKE?,0
[MASK_B] u ricky :d,1
no just 2,0
4K LOL,0
ggwp,0
yeah lucky timing,0
WP,0
So good,0
wp,0
report invoker,1
gg,0
no,0
waste my time :(,0
octarine alche is noob alche,1
yeah,0
how ur shadow friend rolls its none of ur business [MASK_C] U I BLINKED INTO HOOKL SHOT,1
my team is dumber i promise,1
mouse rubick,0
gg,0
GG,0
w8 wind pee i smk later then,0
that centaur stun!,0
we literally got one wrd,0
:)),0
esports,0
:D,0
k idid naxui t isukin sin :D,0
u are my team my team creep,0
could be option,0
wk sf,0
gg,0
gg wpo end cant do anything more sorry bad game,0
lucky,0
haha,0
did they pouse,0
sf fng,0
ncie timing creeps nicely played,0
./.,0
Keepo,0
lol,0
timing,0
HAYS,0
try harder,0
nice 3 bot,0
NICE SENTRY FWAJHWFHBWFAHBAWFBHWFBHAWF,0
egege,0
ching chang chongs,1
no,0
GG HOOK,0
idiot,1
i was with him dude,0
"wait, i brb",0
Alch is coming for rampage,0
gg,0
ok,0
wtf,0
wow it took only 3 of you rofl,0
W him,0
;),0
gg D,0
he's retarded and let u win practicalle 4k,1
TIM WAS A [MASK_D] KSER,1
izi,1
i'm a 9 y/o girl,0
gl majorino,0
you have AM?,0
xD,0
died,0
Zzz,0
?,0
kappa,0
if not killing him quite a few ttimes early u fail got face say ez puck againstt alche if not ez u shld go suicide already],1
wait -_-,0
serious you dont push? Wtf wow you really needed rosh,0
gg wp all,0
deny my creep more,0
go more [MASK_B] top pls for it retarded team,1
ogre the carry buys wards?,0
top back,0
ez for me syka,1
unlucky,0
lol,0
?,0
lina fuckingh,1
Kappa,0
Nothin keep up the good work :V,0
omg,0
gg ez,1
a minute please he'd like to reconnect ty,0
Ez,1
gl *,0
=),0
yep yep riki pickers [MASK_C] And [MASK_D] off LOL,1
done,0
Lol Gotcha,0
LOL I don't care,0
-_- xa xa xa,0
ty,0
Wew,0
i feel tired but i want to play!,0
kill that,0
gg,0
worked well for you,0
wp,0
dota is broken,0
nope,0
and highest pts in dota 2 lion the slayer,0
skdjbfksjdbfk let me mid,0
mr 1 10,1
:)))0,0
no gg no...,0
266 MS GJ REBORN,0
heh,0
Bye,0
dat [MASK_A] cant double iomfg,1
cause this is USE,0
OHHH FUKENZIO,0
ripp my mmr,0
Just finish it,0
hhaha idiot,1
remmeber a movie called the happening?,0
come back lol,0
LOL,0
for [MASK_C] all of u,1
),0
bug?,0
ur tracked...,1
gege,0
very stupid and noob too it seems ez,1
why invo why,0
kill me,0
nah he got stuck so he should restart comp,1
ahahaha,0
hahaha am,0
why i must tryhard when my sf feed cour,0
thats why,0
this earth rofl,0
lol,0
get carried,0
gg,0
in dota fam,0
Haha haha,0
gj im awful actually,0
ggwp,0
ggwp,0
kkk,0
commend slardar,0
not crying you crying ahahahah [MASK_C] head,1
,0
Gg report team,0
zz,0
gg,0
Hard game,0
smoke diffusal blink and you stay alone haha,0
i coulda sworn i was playing lol,0
aaaa ?,0
hahhahah riki player,0
how i kill u? :D,0
gg,0
ty,0
pem nivel 1 xD,0
gg wp,0
lol,0
nice game,0
g,0
haha,0
t.t,0
yes already gg,0
wait zz,0
GG,0
gg,0
its just nice to know,0
space created,0
ty,0
lol what a nice day,0
olaaa lacueeeeek,0
ez,1
3V5,0
75 gold -,0
WOW sO GOOD PLAYER [MASK_B] trash dog 0 skil Retard,1
gg,0
I am the farm man leave me in peace i have no beef except with necrophos,0
gg,0
all game u [MASK_A],1
THATS SOME 5K [MASK_A] RIGHT THERE BRUH what u doin in2.5k mmr bracket ?! You're dendi 2!,1
didnt know i had a win streak,0
most boring game,1
GGWP hard rock farm dude,1
report undiyinh pls,0
[MASK_B] this peru team,1
END,0
worth?,0
wp,0
how did you keep casting the wards? veno?,0
rc,0
aw,0
larvas sacan carrys,0
nice game :D,0
see my profile thx,0
=*,0
lol,0
[MASK_A] her right in her [MASK_C]!!!!,1
guse plz,0
report Drow pls ty,0
OMFG WOW LOPL,0
GO fid sf report ez mid ez life,0
maybe furry,0
good game,0
gg,0
lina back hahaha,0
lol ? have lol ?,0
your wk cant recorn at all times hmmm i have 10 assists hmm....,1
hahaha counter pick?,0
? don't cry,0
haha,0
NO AGHS FOR ANYONE,0
invoker EZ,1
[MASK_B] u,1
gg,0
i got 0,0
wait thy come help me thy near,0
disconnect then,0
? fuking trash,1
Gg,0
:) c uz,0
ty,0
noob enemy,1
ok axe... is see you how big is your [MASK_A]?,1
what are you talking about im not good,0
xd,0
cuz bad,0
Hahaha,0
more [MASK_A] :D,1
me peru,1
RESPECT,0
please dude no trash talk,1
gg,0
gg,0
[MASK_A] carry,1
i wont defend,0
ya 4k atitude win game,0
Doesn't matter Weave is amazing synergy with your team,0
:(,0
well AMed,0
ggwp,0
"lolx.. ur time no money , no value XD",0
commend :D,0
MI,0
bet he's jumping on his chair,0
?,0
n oob team noob team 3,1
commend disraprot,0
we NIce only,0
ez top,1
+,0
WTF ARE U DOING GUYS,1
yes i can people misclick happens,0
too hard bro,0
lol,0
?,0
worth,0
hai,0
tis so much action,0
ty for the rapira,0
and?,0
gg,0
neba gander,0
ahahah not now,0
the rampage,0
really pro,0
[MASK_B] noobs,1
hahaha aw,0
nice demons wearing a dress,0
fool me once shame on me,0
blame stupid pudge,1
he said get ready to kill me again,0
report sf clean this dirty comunity,0
close game,0
gg finally,0
lol [MASK_C],1
ow,0
congrats,0
w8,0
with tiny whisp,0
zz,0
sorry for being such an [MASK_D] my gf left me,1
lol scared,0
i earn more than ur daddy,1
gg,0
gawn,0
paper!,0
yep as long as you are invis xD,0
are your retarded?,1
Really? He is off since 2-3 minutes.,0
sec yea,0
good [MASK_B],1
not this time,0
haha noob pa,1
i scare,0
GG,0
(,0
s,0
afk?,0
noobs,1
I dropped divine,0
<3,0
Neat,0
ggwp,0
what's up [MASK_D] mid?,1
wish people could play balanced heroes that'd be great,0
sry,0
k,0
gg,0
troll got lucky this game,0
gg wp end it please,0
GGWP End.,0
),0
gg,0
GGWP,0
SENT OUT COURI,0
morph[ dc,0
XD XD RELAX BRO,0
game lost,0
end,0
gj :) so stong strong,0
?,0
Ayylotus,0
coz hes noob,1
U MID KUNKKA GIOVE ME A BREAK HAHA,0
TT when you win not when you lose hhaha,0
sad,0
k/d,0
thank my cimputer for crashing XD,0
...?,0
nice play ember,0
ggwp,0
gg ez,1
hahah,0
ez gold,1
end,0
daaamn,0
i am caucasian but thank you for representing other races,0
XD,0
Gg,0
ty alch picker retard,1
LOOOL,0
wp mid [MASK_A] hc and mid iditos,1
rubick more farm than me,0
Commend,0
mongol [MASK_D] off,1
you did [MASK_D] shocking,1
report ty,0
__?,0
[MASK_D] off,1
not really,0
gg Ez,1
gg bro,0
LOL my fcken friend is so fcken stewped,1
haha,0
lol,0
ty volvo,0
gj,0
lol refresher for ?,0
this gryo blackhole creeps now? lets env,0
when u go to a retard hospital do u fell like talking to them? no right exactly,1
kk,0
dont kill healing wards hey,0
gg,0
goteem,0
go away,0
KappaPride,0
BYE,0
wotah,0
just end my team is retarded,1
No,0
hahaha sad bois,0
crispy,0
the bait,0
haha ./.,0
end pls,0
just farm am hehe,0
"Still can't win, dumb fucks",1
did your friend give up on you,0
2 miss,0
gg,0
ez -25mmr,1
who even bothers,0
AHAHAHA GGG report injoker Wasted effort to support stupid team8,1
me 2,0
pick a lane n push,0
jajajaja,0
lel,0
Piece,0
HAHA,0
more like this mirana sven combo,0
:),0
lol,0
|ez mmr,1
gg,0
lina cant [MASK_D] ember FeelsBadMan,1
he's afk bro,0
GG,0
COMMEND bacan,0
wp,0
w8,0
ion your pick,0
hahaha,0
AW HAHA,0
why did you piss him off,1
haha,0
IM ENJOYING MY TIME IN HELL,0
john cena always gotta carry these 5k bois,0
[MASK_A] you,1
i dont think,0
NOOB TINY ? HAHHAHA,1
loh,0
useles trashg,1
:D,0
o0o?|,0
spec ult way too early gave it away,0
[MASK_A] dogshit,1
nah we all start somewhere ill report u ?,0
win pls clinkz,0
gg,0
game,0
nice one la pudge HAHHAHAHA,0
pleease,0
ez,1
DDD,1
what? I didnt unpause a single time,0
hahaha,0
i am crying like a girl ( but i hate lose games,0
haha,0
miss,0
lmao,0
lol,0
i get 3-0 top vs 2 jukes for days,0
you're support 4.5 right,0
wp magnius,0
HA,0
wtf ))))))))))))),0
team invis bastards?,1
wp guys,0
go finish,0
AA HC,0
yea,0
Still farming,0
lol,0
haha,0
its injoker,0
noob [MASK_B],1
who unpoused?,0
just reconnecting,0
noob od,1
wisp trash cm 200,1
get top bot i ment,0
mad cause bad?,0
wp riki,0
es ur echo is cd,0
&zeus,0
WHEN I GOING SOLOOOOOOOOOOOOOOOOOOOOOOOOOOOOOOOOOOOOOOOOOOOOOO VS ONE FCKING DUALLLLLLLLLLLLLLLLLLLLLLLLLLLLLLLLLLLLLLLLLLLLL AND ALL MY FCKING JUNGLE ITS WARDED ALL FCKING GAME,0
noob team [MASK_A] you [MASK_D] :D :D,1
275 hp Hahaha def hahahahahaha,0
all ulti for CK new meta,0
pause,0
comeback ez,1
LOL,0
tear rolling down my face sry tears*,0
zzzz ahaha,0
Sf noob and magnus,1
yeah but you're like 2.2,0
ITS OK,0
F[f[ F{f[ lol easy,0
;DDD,0
haha,0
about your blademail,0
^^,0
Puck quit dota,1
EZ MID EZ MIND,1
gg commend,0
[MASK_D] ELDER,1
ez bait,1
sigh,0
LOL pro pause,0
meh,0
the hell ? y left? i said pause please the [MASK_D] this dota got bug then i need to restart the [MASK_C] dont u wait?,1
;p,0
gg,0
i have my misses coming over in 15 ffs,0
ggg,0
rekt easy omni pick= free mmr lol lol,0
Namaste,0
i know,0
420 kda,0
ggwp,0
didnt need to,0
u dont but other do lah,0
I play am,0
why the fucjk %20 packet los holy [MASK_D],1
bored,0
ez bot,1
ROFL,0
FCK,0
key word,0
lol,0
sup,0
if phoenix had shiva+mek\pipe\greaves\vlads i would be more chanses and refresh,0
wait 5mins,0
wtf happend,0
u giv me better u r fat,0
u see your heroes?,0
auto attack plus satanic,0
nice,0
H@H@H@H@H meepo 2500 mmr GG mepoo 2500 win slark 5k,0
ayy lmao,0
INTROBOYS,0
WP!,0
lol :D,0
[MASK_D] you,1
omg noobs,1
:D,0
jugg? now diam already?> act throw? hi noob jugg just not bark?,1
why?,0
free mmr ty,0
no chill,0
we have monkey,0
NOOB LION -.-,1
yeah [MASK_D] you mirana hahah gg,1
Rude can u just play the gae game,0
Still wanna win ??,0
fre dance,0
HAAHA,0
es counters everything,0
OKY,0
this wr,0
pay internet bills please,0
it's ability abuse he paused and said 'storm is jumping' and 'wait',0
go end it undy afk at top lane in the tress,0
gg ez,1
timing,0
OKEY WP 5K,0
EZ,1
b8,0
gg,0
rofl;,0
"hey alch, whats up",0
nob,1
hahaha,0
ty,0
30 sec,0
doom picker? fite me irl,0
told uy,0
REPORT ALCHE [MASK_D] [MASK_C],1
7-Aug,0
glgl,0
cepet2 di makan hah,0
[MASK_B] u all,1
ok,0
u eat them? did u?,0
EALLY? PAKYU,0
pc really?,0
xd,0
gg wp,0
lolk GBAHA,0
gg,0
ggwp,0
zz,0
pro tip dagger the wisp,0
really/,0
go rs,0
wp,0
:s ez feedeen feed pff 5-12,1
lol just finish this nonsense my team is clueless,1
:D Hell yeah,0
lol,0
Gg,0
lol,0
}ok I tell you,0
plz pause,0
wait,0
noob,1
why pick cm after ww raptor ?_?,0
ez,1
wtf,0
gg ady,0
impossible to see lol HAHAHA Why you gotta be so rudee,0
good rotation ember,0
zeus oruspı cpcugu GO END GG GO END PLEASE GO END FUCKNG NOOB ZEUS,1
yep:)),0
and coming top lost it for u lol is he really? was he good?,0
you are not letting us,0
desperate move,0
nice joke,0
And have the [MASK_A] respect for a girl you [MASK_B] gay [MASK_C],1
ahmed [MASK_A] u arab,1
alche only one carrying,0
we know that u are retard u can shut up and we gonna still know that,1
i realy hate lose,0
[MASK_B] u dazzle i hate u,1
poor alche,0
2 15 2 16,1
we dont Cuz u noob,1
Sad jug,0
commit sudoku,0
ggwp,0
vote trump,0
haha,0
wtf,0
brutal,0
gg spec noob,1
easy sven,0
axe is [MASK_C],1
gg,0
Feed courier,1
report him,0
I Can go suicide now .,1
gg,0
HAHA I COMMEND YOU,0
y sure,0
yes,0
gg wp report sniper and sniper delete dota pls,1
[MASK_D] you,1
Aw,0
please dk...,0
dusa you're [MASK_B],1
u guys lucky we good people la commend us all,0
twitch tv/laspelaps,0
+,0
still def wew,0
He can pick his tinker 24/7 in low priority,1
!@#!@#!@# !@#!#!@#!@# #!@#!@#!@,0
implying that spectre is bad im just saying dont talk [MASK_C],1
rofl,0
gg wp 2-7 omg,1
[MASK_C] you,1
tracks <3,0
we have a retarded sniper who literally ks's everything and he has [MASK_B] treads and shadow amulet zeus is equally as pinoy,1
ez,1
gg wow 85 mins wtf,0
connecting pls wait his already conecting,0
NO AA ULTI,0
g,0
wait pls,0
I can now see why we are losing,0
no money NO TIME,0
"i doom you, you're out of the fight and your team lost the fight",0
WHAT?,0
gg wp,0
lmao,0
gg game was close try was good but ember no reconnet,0
?,0
2,0
right,0
aw hurts,0
gg,0
GG,0
^^,0
ez ez qop Y? ez noob team,1
:(,0
GEGE WEPE,0
ok,0
its favor to you im thrower GO END,0
rip,0
THANKS SILENCER,0
LMAO,0
omg how u [MASK_D],1
y no [MASK_D],1
why ?,0
ggwp,0
report am and bh plz thx,0
r u guys together?,0
they force picked me,0
GG,0
DONT TALK,0
u favorite,0
nope,0
a sec mouse fix,0
what are u doıng,0
tiny,0
see what sk,0
Ggwp Ez mid,1
[MASK_A] dark seer,1
finish pls,0
lol lion want bkb,0
GG,0
this team,0
leap more,0
I have a team of McDonald's fans,0
wat? haha stpuid,1
nice gg,0
lol am buy wards sentry plebs LOL LOL LOL,0
noob idiot,1
hehe,0
wtf,0
8 health,0
slardar u said u go afk why u lie,0
gg wp ez game 4 slot 22 min fast push pls,1
sorry team we are feeding hard,1
Noob,1
ez carries,1
you better should,0
GGWP,0
i raped am mother,1
gg,0
Hahaha,0
XD,0
(:,0
Report razor stole my damage,0
no contribution,0
GG WP AM didnt wanna,0
SECPLS,0
amazing comeback :3,0
haha,0
end,0
we won,0
COMMEND ME LOLZ,0
go go glboys,0
gg,0
arrow na,0
Awwww,0
y,0
bothrunes are mine -.-,0
Sodium Chloride,0
with aghanim think he is zoro,0
ez,1
worth,0
FYUCK wp me?,0
walamak,0
nice ulti qop,0
WJAT,0
ez,1
Report purple for feeding,0
never seen a bloodseeker so [MASK_C] all over the game good [MASK_C] bro,1
Easy game haha,1
WHAT?,0
rekt cunts,1
:D,0
Ez,1
team,0
pls,0
plz finish faster,0
k then what?,0
GEEGE,0
[MASK_A] this team,1
ez,1
gg jugger,0
gg germany,0
comme ^^,0
erz DK,1
hahha,0
WUT,0
in 50 secs..,0
maybe,0
GG,0
hahaha k lol hi,0
Lol,0
unlucky u then,0
why sia,0
2 vs 1 gg,0
never just finish,0
eh?,0
HAHAHA,0
and stuff,0
HAHAHA,0
 Mistake,0
GLHF!,0
noooooooooooooooo,0
its okay we wait but pls guys report yellow he is cancer,0
WELL GOOD GAME BUT HUSKAR REALLY [MASK_C],0
yes i know dont blame me i was first pick,0
hahaha,0
?,0
fy :D,0
,0
i`m dead :D,0
haha,0
what i feed so much,0
XD,0
NOOOOO i was typing,0
gg,0
rofl trash wants to report me,1
just rekted you way too bad 2 16 and still owned your [MASK_B],1
gg,0
Fuk la that pause,0
end plss u deff wtf,0
[MASK_C] qop?,0
ez arrow,1
lol,0
Lol,0
lmfao,0
AHGAHA,0
HZ,0
new meta?,0
u noob don blame ur teammate,1
hurry gyus,0
Ya sure,0
ty hhaa,0
ez,1
EZA TY! free commend!,1
im lagging bro,0
gg,0
report invok,0
except a [MASK_D] in his mouth xD,1
learn english sf,1
gg,0
gg,0
gg report pudge and am pls,0
never give u[p,0
not yet 40min can call ez,1
pa,0
lol glad u were so fed tb,0
if you win,0
haha,0
scare,0
haha,0
gg wp,0
Ez,1
GGWP,0
ez,1
you want to bait me there so much rubick :3,0
okay 1:30 sec,0
[MASK_B] YOUR WARD,1
THAT'S ME,0
haha,0
report bounty feeder noob,1
LOL that guy got queue ban and he still in the game volvo p[lease,0
Sad why,0
die* Minglee,1
LOL,0
haha,0
our plan is make u all aim me then spec fat,0
TT{_T},0
gg,0
i alrd report slar,0
8wins streak got broke im done for,0
why u always lyin mmmmmmmmmmmmmmmmmmmmmmmmmmmohmygod stop fukin lyin,0
gays?,0
ggwp commend me,0
commend pls,0
aw it burns,0
ITS MIND GAMES,0
got no time for that [MASK_A],1
reported :),0
ty for the rp,0
not dc right?,0
ma bad,0
rs,0
thanks for snip safe lane,0
tissue,0
? gg?,0
PLZ COMEND,0
ez,1
COME AND EATH MY DIVCK,1
report report jajajajajaaj,0
ty,0
thanks,0
kogut kogut?,0
gg,0
:),0
this wooden sorry haha,0
ur [MASK_C] ded champ,1
gg,0
:(,0
w8 pls,0
mga bogo,0
5 melee best in the [MASK_A] DOTA 2 history,1
3 tards in team and its gg.,1
WTF? YOU'RE ARMOURE LESS,0
well 2 greedy tbh,0
kk,0
10 more to go 9 8 7 6,0
how many gorillas are you?,0
Why,0
that hook was op ogre hook,0
commend u friendly,0
end pls,0
hahaha mad qop coz she lost the game,1
end pls tinker noob,1
LIAR,0
n-no,0
going sumwer?,0
gg,0
[MASK_C],1
hi,0
10 deaths noob,1
reported poa see this noob pa,1
GG WP,0
FFS REPORT DROW HE WONT CARE,0
run,0
your base lmao,0
Yolo,0
ITS OVER DUDE,0
"ITS ALWAYS U, SEE! ur mlg plays",0
ez,1
gg wp,0
COME IN,0
hence i didnt really,0
always get these party rating retards,0
thats me,0
lol 3 noob,1
<3,0
im coming dont hurt mer,0
lol,0
gg all,0
k,0
WAIT,0
gg wp,0
elegiggle,0
kill me team just wanna [MASK_C] me,1
ur [MASK_A] idiot!,1
rosh fast fast,0
LOL we w8 u,0
ez,1
void noob,1
wp Easiest game,1
q mrd m hechas la culpa de tu error mrd,0
nap,0
+,0
yah :(,0
AGAGA,0
OP,0
wat that one i cant even run,0
y,0
lol its already recorded bro,0
[MASK_D] WW [MASK_D] U i hate [MASK_C] picks like that literally oh ima pick the best match up after some1 pick something,1
no,0
u play dota,0
REPORT SF,0
what a chrono,0
gg,0
fck no bully pls,1
bat ):,0
lol,0
omni is <3,0
ez mmr guys?),1
he leave,0
i dont have time sorr,0
AA?,0
Report this [MASK_C],1
gg,0
lol sad,0
EZ,1
try it,0
GGWP,0
CAN U JUST END,0
viper lord king player,0
Noob troll Only,1
ez mmr,1
[MASK_D] 100% basher?,1
i didn't need it lol,0
yeh alrigfht buddy,0
gg,0
SF >?,0
good man wont unpause,0
?,0
LOL VIPER THUGHT HES A GOD THOUGHT,0
where is this jew,0
omg rosh .-D,0
this team XDDDDD pugna good ta good though hmm maby just 2 morons can lose a game,0
very bad lag bl 50 ?,0
cw reported,0
[MASK_C] u Sniper,1
[MASK_B] POO,1
GG,0
ha,0
wtf jugg,1
THAT TIMBER i save him but he is stupid hahahaha,1
gg wp,0
nmore more,0
hahaha so mad hahaha,0
=),0
hmmmmmmm easy,0
3min,0
he keeps on quitting lol,0
No pause,0
slow hands,0
cuz not one pick suppp see my team',0
and druid,0
U deff [MASK_D],1
gg,0
shhh shh Sshh,0
not you sf ofc,0
gg,0
zz,0
w,0
?,0
hate me ha olo bh solo chrono hate me ha?,0
ggwp,0
invoker raped mid,0
hard throw,0
aegis down get the fk out,1
WOW!,0
haahahaha CRY ASSHOLES kraaaaaay,1
ahaha hahaha,0
?,0
ggwp,0
))))))))),0
just being hoenst,0
ty,0
ggwp end straight,0
hard really hard,0
AND U WIN DOTA MEGA CREEPS),0
"shut up, moron",1
gg,0
gg wp,0
talo,0
EZ MMRMRR,1
[MASK_A] you man this sb tilting always going for me,1
haha bobo talaga,0
.,0
U SO GOOD YES,0
hha,0
I dont even have eyes and i can see past your bull [MASK_D],1
cumback,0
old dendi,0
messi,0
tahaha dota 1st before date bruhh wahaha,0
L O L 3 M I D,0
why sniper fb aldı amk,0
D:,0
hahah,0
theres your problem you have windows 10,0
feel free to report him,0
g g,0
your supports failed in that regard,0
gg wp,0
ggwp,0
jukt,0
hanged,0
how bet the coins? aw,0
ez,1
EZ PERRUUUUUUU,1
u got raped lmfao,1
me no def team retarded goo end or me ffed?,1
die!@,0
Great idea lc,0
s,0
rekt,0
report tinker?,0
gg,0
gg.,0
noT WODDEN BRO LOL,0
5minutes i guess,0
say it your bx,0
KID,1
DW ILL CUT THAT PART OUT HHAHA,0
hha fking ez game,1
go push,0
no it wasnt,0
incompetent team,0
u have learned nothin,0
its a fact,0
ROFL,0
a kids,1
GG WP LOL TO WK AND TREANT,0
HAAHAHAHA,0
alright that's good,0
"a bit high ground right now so yes, i'm hihg",0
OK WTF,0
dagon np and es carry in one game,0
im stress,0
so easy lanes still lose? lol\ delete dota,1
no tears,0
wr invis,0
...,0
no the condom lost the one your parents used,1
dno team legion saatnic,0
feeDER ALCH,1
thrower,0
alright boys who is rdy for some doto,0
gg,0
NO PAUSE ANJING TOLOL,0
:D,0
jut watch this pa look at this and he have wards and ukltimate,1
ree mmr,0
G?,0
gg,0
its ok dude relax just a game,1
ok2,0
couldn't won,0
road>>>>>>>>>>>>6k,0
FUICKING MY NET,0
gg,0
Report my team report necro wr sf,0
0 3,1
sorry,0
bye2x 1k :D,0
u didnt dc,0
ez tbd,1
lol,0
lol pl,0
lina lose mid dont know why,0
what,0
we wated for u,0
why dont u just end this joke?,0
end,0
yeah but seriously finish the game,0
wp,0
LOOOOOOOOOOOOOOOOOL DAUNI SUKA :D,0
ez,1
he dr,0
lol,0
GG,0
yey,0
OYOYOYOYOY,0
look recent matches sf player and still bad,1
report whole team... start with SF antimage said that aghs is wrong item on lich... okay gg,0
COme 1vs1 ursa,0
oh true,0
lol :D,0
wp,0
He is so [MASK_B] LOOK AT THIS AM HE IS SO [MASK_A],1
gg,0
ggwp,0
what a game,0
nao é culpa dele,0
if he abbandons we dont lose points so its fine,0
Stupid,1
wtf,0
thats bs,0
gg,0
hit the fcking throne,0
let the poor man pee,0
zeus is the noobest admit it,1
pipe won't be useful in this one,0
blamming time,0
Jan-60,0
thsi injoker [MASK_B],1
never back down right,1
let omni die and wait qop respawn meh??,0
lol kill axe,0
Gee gee,0
blademail again ?,0
gg,0
GO GO LEAP MUTHAFACKA,1
all report our team,0
end fast,0
haha,0
logging in ty :),0
fellow 4.2 :;-),0
go trying lol,0
alsdasd qweqwe lag,0
haha T_T,0
gg,0
damn wind ranger saved ur lifes,0
rofl,0
SAVED,0
lapo,0
?,0
get out of ma hood,0
thnx guys,0
by the way happy diwali & new year guys,0
fakkkkkkkkk,0
+ tinker + meepo meepo cfg activated,0
TOLD U,0
yeah,0
somehow i didnt see the rest of you lol,0
i know didnt try in 43 min wanna defnd at the end,0
all [MASK_C] items,1
"this guy is rude from the start, i wouldnt wait for him if uask me",0
dEF,0
[MASK_D] YOU MOTHER FUCKERS,1
putins,0
SUCH A DEAD WEIGH STORM AND MIRANA [MASK_B] THIS,1
very good,0
hahahaa fu,1
EZ TA HARD :D:D:D:D:D MUTED ALL,1
not rc ?,0
BYE,0
ez,1
sf not u,1
TBH IS THIS RUSSIA SERVER OR EU FOR [MASK_D] SAKES,1
sniper ddoss stop [MASK_C] ddosi noob [MASK_A] cyka troll ddos,1
for what?,0
),0
report omni please:) this russian :))))))))))))))))))))))))))))))))))),1
sf is worse???,0
;),0
?,0
Lol i aint winning anyway my shaker loves suiciding,0
5k life,0
am [MASK_A] pick,1
ez mid am i rite,1
can u go mid and end???+,0
ahhahaa,0
tf,0
report this slark hes going mental,1
BACK TO MEEEE,0
!!!!,0
AJJAJAJ THIS SATANIC,0
if your carries fall your fault,0
NO SOY COMO AL AM RETRASADO,1
then u are bad,0
nice pudge pick,0
HELLO ARCANA BOY [MASK_D] MY [MASK_A],1
LEL EE PLAYS KAPPA bash lord,0
the jukes are real,0
xD,0
gg no carrys [MASK_C] idiots,1
IDIOT RUSS,1
cause u LIKE DENDI [MASK_A] yeah,1
Brood do u have fun ?,0
viva peru,1
gg,0
no tp nobody loves me,0
i k i got silencer that cant kill and ta that doesnt know about bottle refill [MASK_A] sad,1
Wrong click hahaha,0
WHAT NOW,0
go feed,1
sorry,0
ggwo,0
JOKE ? EZ,1
wp,0
yoo,0
fv almost teamkilled me xD,0
you started,0
dont def WTF,0
))0,0
silancer last pick,0
stfu,1
pls dont kill me QOP T.T let me farm,0
gg,0
easy mider,1
pls report wk and medusa,0
"we won, radiant have domestics",0
and so?,0
hah,0
gg,0
haha wew missclicked,0
[MASK_D] u laughing at chinese [MASK_D],1
Report undying for [MASK_A] being so useless,1
relax bb was a god,0
noob wtf so noob ez,1
ty,0
?,0
hahaha,0
alche lol,0
lol gg gg,0
plz,0
ff,0
your* yeap,0
no way,0
Lel,0
ggwp,0
sry windows update,0
GG TEAM EVER,0
yes,0
was fun,0
hope so,0
Hahaha,0
I CAME,0
END now,0
did you rage quit necto after that likens,1
? who dead,0
asad,0
afk lioch,0
he has nothing 30mins,0
ty,0
^_^,0
sure win?,0
lol,0
gg wp,0
o.o,0
dota lag,0
gg,0
scare?,0
stop rat doto please,0
GG,0
sk outplayed,0
?,0
:3,0
cry me a river,0
GGWP,0
gg,0
ez mmr noob magnus,1
im such a [MASK_D] leaveing a carry like that,1
qop so much trust,0
can u even imagine,0
lich,0
60 mins not easy :),0
please ims erious,0
ok,0
cry bro,0
gago,0
WR IS TALKING HE RAPED MID how true it is,0
gl no hf,0
lol,0
lol,0
KKG KANTOT KA GIRL,0
yawn.,0
ahahahah,0
hahaha my team this time is good not failing in mid,0
THEY JSUT FEED NO MATTER THE HERO,0
gg,0
how bad can one 6.2k player be thats the q,0
ok,0
<3,0
Wait pls phone,0
I HAS NO MONEY,0
[MASK_C],1
ohh,0
4.1k,0
shto,0
he cant even change his skill no,0
??,0
:D,0
,0
GGGGGGGGGGGGGGG,0
"support drow, last meta",0
sf muted list,0
1min,0
the kite,0
BUT WHY SO Ez?,1
gg wo wp,0
ok ember,0
gl hf,0
gg end it,0
HAHAHA,0
melbourne sound bra,0
hooks boyz,0
guys my kfc is gonna be cold [MASK_B] fast,1
"Awer,kw",0
ALCH NOOB,1
,0
rubick is useless [MASK_C],1
gg uninstall dota,0
ty,0
haha,0
you're [MASK_B] [MASK_A],1
i agreee,0
),0
rofl,0
gg,0
back,0
gg,0
rekt,0
ggwp,0
gg,0
click r,0
too much talk,0
dead,0
haha comback ?,0
this sven love you invo,0
gg,0
why u gonna be so noob,1
OMG I [MASK_B] QUED THAT [MASK_C] PERFECTLY TIMED HOW/ U R A [MASK_B] ROBOT,1
hehehe,0
die LGA WTF,1
tru ggwp everyone,0
ggwp,0
cmere ahahahahha,0
ez,1
lel 2.0,0
u 2,0
dfc fk[bvbr yektdsq hdtn,0
Thats why i predict.,0
LOL ember same lvl as me,0
reporta esse sf figueiredo filho da puta,0
Game was good sf noob,0
gg,0
GG i m throwing,0
none one died oh es,0
?,0
hahaha,0
what arrow/,0
7 POPAl 0% MISS,0
pls reporspec ty,0
ggwp,0
bottom of the gbarrel dota players,0
Lol,0
but he swaggy b\,0
sad bois,0
SAVED,0
it will be fun,0
ggwp,0
0 dmg jugger wp,1
lol that backtrack,0
Luck basted [MASK_C],1
easerion firstbloodion,0
top,0
best jugger eu,0
omni.. please dont tell anyone bout that miss,0
no hook,0
sladar u kinda scared me haha,0
he plays 1vs5 u [MASK_D],1
hahaha pro let me know when you reach 7k mmr,0
want me to pause,0
just team problem,0
:),0
Grammar nazi,1
fail mid,0
:DD,0
hahahah,0
gg,0
gl boy see u later,0
cmon dude,0
[MASK_C] game,1
x) hard to carry 4k ah they think like 2k play like 1k,1
all hail mr sf,0
sry. !!,0
ty,0
60 min in ff xD,0
lel,0
hahah,0
game losing miss,0
man you gotta do what you gotta do..,0
gg wp,0
GG cmd me,0
lol a little hope for alive,0
Please,0
wat?,0
kill me I FEED TRASH TEAM,1
carry me plzz,0
best sf,0
w8 pudge,0
:(,0
WPWP Commend me babes,0
u cant defend?,0
comeback mega creeps,0
shoppin qop,0
lucky tiny toss me,0
wk nice aim,0
out ck was trash but we dont flame,0
es,0
?,0
at least i was 1-1 when u were 0-7,1
Farm? wp,0
ez like retards,1
??,0
crying ta on 22,0
look at my eyes,0
gg,0
haha st is so bad,0
omnislash,0
noob pick tiny,1
eaeaea,0
B,0
lol,0
ty,0
HA,0
i feel ya bro,0
ty,0
yes Im playin that team with my mates lawl win party mmr ez win any game ez,1
viper finally got mek at 30 minutes,0
oh haha,0
slARK gET rETK,0
ouch SAMUEL,0
lol,0
private just go,0
^,0
come here,0
P A I N T,0
WOAH nerf plz,0
ahhaah,0
LMFAO,0
lol tornado saved him ahha,0
me no cover you blank :(,0
gg,0
at least he randomed and claimed mid ez loose,1
gg,0
ty bara,0
lol ok i lied sorry,0
haha,0
wtf this team bunch of idiots,1
kabobobo nyu,0
jugg farmed 4x slark when u lost early game this is dota,0
not worth sitting a lina,0
promise?,0
Ez,1
i got pro team,0
b4 u go in,0
GG,0
??,0
QOP PRO,0
lol,0
nice blink,0
uninstall retard qop,1
FVCK,0
bounty? are u tilting ?,0
ez end,1
GGWP,0
hey care undying go mid well so nice idiot undying,1
XD,0
jsut fught,0
don't worry,0
ggwp,0
Rage quit/,1
SAVED,0
hahaha,0
best sf ever,0
BEAST MODE!,0
too much coin friend,0
so much alche sad,0
its a trapp,0
we accept your offering,0
rude,0
got u,0
เเ gg,0
gg,0
nice ultimate,0
lol,0
HF,0
FUK U PL FUK U fukcing [MASK_A]... gona leave u die,1
not in mood rite now,0
k,0
comeback is real,0
toos tooos,0
watch out that guy had a bad game once ;),0
lol noob [MASK_A] gettin rampage rofl PROFILE WILL SAY RAMPAGE,1
sometimes you have SD and kka sucking your [MASK_C] sometimes you have lvl7 pudga 30minutes in that just skilled ultimate,1
WUDLVE WON WHILE BACK IF WE DIDNT HAVE THIS DOOM,0
ez,1
G TY,0
wait,0
lel,0
my mum is a cow,0
dont mind if u do,0
can pls stop waste time?,0
#jukes,0
hes offline,0
ez,1
i didnt attack you thatswhy,0
GGWP,0
Lol\,0
ahaha,0
online now,0
[MASK_B] [MASK_C] gay fucker,1
you did 938 dmg from attacks how many times did you even hit me ...,0
TY PRO,0
?,0
"rip report clinkz plox, ty",0
:(,0
LOL IT TOOK 3 OF YOU TO KILL ME! LMAO XDDDD,0
wow. 0/9 he's meant to be a pro.,1
PL low health on top,0
no reason lol,0
i want to die fast so i can respawn,0
yes,0
not really just account boosting,0
BH AND UDY 2 [MASK_A] MOTHERFUCKERS SUCKERS,1
i think i need uilt and tp,0
GGWP,0
he just like your name,0
end afk,0
rq?,0
report silencer,0
EnD,0
rekt,0
haha,0
wp husker i commend u,0
EZ? hahahaha lol!,1
fish outta water,0
dive tower,0
wow guys i should get a battlefury,0
kk,0
[MASK_C] you,1
fail lol,0
mad templar rip,0
lol 1k,1
Q E,0
let them def,0
[MASK_A] lie wtf invoker,1
w0w,0
LOL my team dog me team to good karam,1
we were away?,0
sounds about right,0
This your [MASK_A] animal,1
gg wo,0
gg weaver,0
SAD SF,0
,0
kek botz,0
Hey big spender,0
me my friend,0
gg,0
did I penetrate you too hard?,0
11 1 !!,0
we dno,0
ursa 2-11,1
his doing suicide now,0
Awww wao,0
u were dead,0
WOW that last second,0
easy game for slardar,1
lmao,0
WAS THAT HURT ?|,0
wow,0
hi drow,0
so?,0
no it aint,0
stupid,1
ez jungle,1
Save to lafe,0
:D,0
lel,0
3 sir i got 3,0
yea,0
well that is life,0
summail ? 1-3 ? sad,1
ggwp,0
lmfao ur mom dickhead,1
nice set puc,0
....,0
lies,0
such puj,0
WTF,0
../..,0
GG WP,0
lol,0
WOW,0
1 man doto,0
there is no one to blame we played like [MASK_D],1
these guys think that being 20-0 is more important than winning the game,0
report meepo pls,0
wlwlwlwllww torso highest here,0
ggwp,0
shut it moron,1
haha,0
2 crits really? just a joke,0
just say u are a [MASK_A] and need help,1
Gg,0
comend me see` naga so funny,0
Haha Ez top Ez,1
tiny afk wait pls,0
sorry dude need pts,0
[MASK_C] di tipu gua,1
disruptor too pro,0
Expects me to farm it :(,0
gay,1
ajajja,0
that feed,0
btw roshan.,0
only died 10 times,0
pause,0
gg,0
yum,0
haha wkwkwkwkw,0
german playstlye,0
LOL,0
lol gg wp,0
6 million dollar echo ES,0
don't worry you win the game,0
gg dat [MASK_A],1
? NO BRAIN SORY,0
lol every game is trying,0
))) just report this [MASK_B],1
heuheu,0
:),0
For the last time,0
gg waste of an hour fun game great team,0
:(,0
1k brains team,0
ohh ez mmr,1
ITS GG,0
talk to much [MASK_A] you do,0
wp injoker,0
i got photo at 10pm,0
Jan-58,0
o0o,0
ggwp,0
?,0
tu vieja,0
ratas,0
i swear i wont def with a moron wk,1
we are losing,0
+ tiny retard noob...,1
i wanna play dota,0
its ok,0
?,0
gg,0
autistic as [MASK_B],1
yeah ty that would be cool,0
i tried :(,0
SERIOUS,0
wp2,0
gget me my 6350 back,0
[MASK_C],1
ez mid 2,1
i dont even know hwats he saying i muted him,0
[MASK_B] dota toxic dogs,1
hahaha .. [MASK_A] mirana,1
just jokeing,0
sad ez so noob,1
go end,0
Gg,0
LOL,0
[MASK_C] useless,1
this razor says we're a bad team,1
?,0
slark midas carried us,0
Sf said if lose he quit dota [MASK_D] wp predict me,0
bye,0
HAHA,0
voker rly unskilled proved,0
./.,0
noob snipe,1
we are africa,1
guys gg team wanna [MASK_A] me,1
u seem angry are u ok,0
lol yeah dotacinema,0
??,0
just ONE>>> ONEEE,0
lol,0
he farm he leave it's okay,0
yes,0
Gg na,0
bb without boots lmao,1
enigma sk jakiro [MASK_D] my [MASK_A],1
2 15 4 16 how the hell these people polaying ranked games answer me someone,1
if you are a feeder dont talk [MASK_B] 5 21 with nyx,1
if one of u dc i will w8,0
Lol,0
lol,0
HAHAHA,0
he said he can solo you in bot so i left him,0
GGWP,0
w8,0
nc arrow,0
na [MASK_D] u bae,1
ez miss,1
hi blank,0
++ 0ward,0
sexally ooh,0
where is the bomb,0
:o xD,0
DUDE HELP YOUR TEAMMATES INSTEAD OF KILLING A BH,0
ez ez,1
yeah,0
gg,0
please wiat rc,0
how can my whole team be so bad? can you answer me?,0
[MASK_A] mtoher mirana pls report mirana and finsih,1
obvusly,0
an actual flying bird,0
LOL brah come on,0
okej,0
ez breezzy,1
report sf Plz,0
LMAO,0
LAG,0
missed stun doesnt care,0
wtf,0
true pudge pro,0
WAIT RECON,0
LOL,0
no [MASK_A],1
;D,0
gg pls report tree because u dont want him to be your teammate next game,0
lol!,0
it must be fun to play phoenix when u can heal freely througfh an entire fight :D,0
no,0
gg,0
"yes, plz report doom and silencer",0
he left after first blood,0
,0
random in ranked is the best strategy check slardar items,0
ggwp,0
this sf [MASK_D],1
report wyvern i commend you,0
kunka just farm Ok?,0
thx and invoker because he brought that fucktard along,1
aazazazazaza,0
gg,0
ty,0
huskar says that he countered spectre,0
he is in d2,0
I THINK QOP LA MADE EARLY GAME,0
thats my bad,0
best bait of the day double bait XDXDXD XDXDXD,0
ROFL WHAT THE [MASK_C],1
HAHA,0
NO BUSH,0
this alche xD,0
talking to spectre,0
I appreciate it,0
leave,0
gege ez,1
ching chong,1
sick sunstrike,1
Gotta do what you gotta do,0
its a solo 5 support silencer gents calm down,0
hahaha,0
yes,0
LOL NO WEX GG,0
chiil,0
,0
fck lag,0
that stun time tho,0
AAAAAA,0
ggwp,0
ez mid ez bs,1
?,0
lol,0
hi lina :D like lina,0
Invo Jungle Never forget,0
idk,0
says the guy,0
out nko kinards boshit ka,0
reported QA and PA,0
EZ mga bobo,1
plz report cent,0
he dies,0
wait magnus afk,0
10 min d,0
gg,0
ez,1
gl buy boy,0
lol,0
"easy mid,easy game",1
[MASK_B] back is realized,1
lion trashtalking sniper,0
OOPS,0
ez game,1
hmmm,0
(,0
gg,0
kk no problem,0
katsamba ramo,0
gege,0
nice,0
,0
mmr doesnt matter aslong as u know how to play,0
?,0
:))),0
LoL i can carry solo,0
going yolo,0
account buying is real im 8k AKA miracle kappa,1
k,0
lol,0
finish im afk,0
report for what ?,0
38 and 4 14 pro player right there,1
U [MASK_C] man,1
i'm tellin you,0
gg please,0
wait muna,0
ezflex,0
bb,0
OH LMAO WR HONW U DIE ?,0
what is reset,0
idiot team,1
sad am,1
Am too heavy :D,0
ahaaha,0
noob ta,1
gg,0
u can end,0
:),0
haha,0
true :p,0
26,0
wp es mvp,0
i need to smk :),0
gg,0
3 krits,0
lion the hope of slovakia in pro dota he just say ''i best player in slovakia'' and gonna 4 his dream krch sin derma zaruinil,1
wut u did?,0
gg,0
THOSE CARRY OMG,0
ow money +959 facts,1
void why me,0
few minute,0
CYKA BLYUAT,1
0.1 of a second,0
ez,1
Hah,0
hes ingame u can look,0
gg,0
thats a yes thx based cockwork,1
xdddddddd,0
gg,0
gg,0
ok ty mark,0
ez,1
zeus is op,0
gg,0
lol,0
YAh,0
yah [MASK_B],0
wtf,0
?,0
ngon,0
dammn,0
,0
OO IC,0
haha,0
1 2 3 4 5 6 7 8 9 10 11 12 13 14 15 16 17 18 19 20 21 22 23 24 25 26 27 28 29 30,0
[MASK_C],1
gg,0
lol invis [MASK_A],1
lol,0
lol,0
[MASK_A] u qop,1
lol,0
242 lssing?,0
1 min rc,0
with baby hero,0
dayyyuum so gay,1
:O too stron stronk,0
ajajajja GG IDIOTA,0
Report ss and ds,0
gj omni,0
ez prediction,1
ez am,1
thats like the proper ember build,0
k,0
pro AM,0
dont worry la,0
wp,0
lol ok,0
yeah u and ur motherless [MASK_D],1
ITS A DISASTAH,0
end it now,0
LOL,0
no pause in war,0
YOU FED HARD,1
gg,0
gg,0
u doom me,0
i lagged i lagged wait please,0
lion carrying 4 retards :'D,1
wow u can play early game heros,0
hahaha,0
your huskar was killing cours instead of heroes,0
Riki 11 lvl 5 3 5 RIKI,0
lvl death does like 600 damage wtf,0
lol good focus with ults team couldnt help the truth,0
haha,0
lol invo,0
BRAT,0
gg ez,1
report pls this [MASK_A],1
NOOB TEAM IDIOT DUDE,1
i think its gg,0
us rather,0
when u meet us,0
ok,0
ayy lmao,0
u deserve a thousand commend that was [MASK_B] qued dude i figured u U R EG UNIVERSE AND RTZ AND SUMAIL AND PPD AND FEAR EACH CONTROL 1 LIMB AND UNIVERSE USING HEAD,1
pause please,0
GG BS [MASK_C],1
1 minets,0
noob wr,1
gg,0
can i ahve pause plz,0
24-4 LOL,0
here yet?,0
luna was more like a noob [MASK_A],1
Gg,0
spell it right haha,0
ggwp,0
its over anyway,0
LOL,0
delate dota2 pls noob now,1
no,0
is support good xD,0
how can sm1 pick riki i never had ever,0
hope so,0
but still enter,0
REPORT EARTH SPIRIT,0
?,0
wp sf :0,0
is it worth ?,0
this shaker so bad,1
hahahahhaha,0
DIEBACK,0
yes sf you are so good,0
GGWP LELS YOU CANT WIN,0
yeah and u didnt get bounty,0
[MASK_C] THIS END MID PLS,1
lol,0
b,0
this [MASK_B] disruptor had glimpse and didnt use it,1
see,0
at least nice trade wat a move,0
hahaha,0
hi blank :(,0
XDXDXD,0
lol i ddint even realize i was still alive for like 2 secs,0
pls report yellow for ruining game on purpose thanks,1
izi mid alchje ?,1
noob,1
i create space^^,0
get more exp,0
i thought i was radiant at some point until i was betrayed fuckers,1
ggwp ggwp,0
AM unpauser,0
nice jump,0
OMG,0
sf/10,0
TEVAS CON MIGO,0
not today [MASK_B],1
end plz,0
"EZ, GG",1
ahah dispersion too good,0
im in love,0
to affect ur morality,0
this invo he is real,0
GG,0
ghost zzz im scared of ghots ghost,0
damn,0
wp,0
retard alc picks IN SOLO MMR,1
One Tony Locket,0
19/19,0
Classic god complex,0
go getem stlark,0
tactical,0
if u don't know how to stay mid u need 2k,0
how do i bet 500 for 300 back logic,0
wait,0
ahah ;d lol,0
hahahahah 'need w8',0
GGWP,0
AHHHH 274 win on invoker ihave 600+ and this [MASK_A] go mid AHAHAH,0
?,0
Stop,0
actually,0
top,0
sad GO!,0
IT GAME NOT TAKE EXAM IDIOT NEED GRAMMAR?,1
same,0
?,0
[MASK_A] this huskar,1
Di bagay right hook mo pudge,0
?,0
2 times,0
just pa and rikii,0
tryhards if you win you get 2 mmr,0
[MASK_A] off,1
why it take to long,0
buy,0
GG,0
rc my br ?,0
ahahahaha earth,0
our slark is 3.8k mm 3.8kmmr,0
thats what i've been telling him.,0
cant w8?,0
he cant move his hero,0
gg,0
this alch,0
?,0
am 0-4 sad,1
wp wp,0
GGWP ez midl,1
lesh 110 dmg lol,0
oh...,0
i was afk for your push,0
ffs,0
where's your dr,0
),0
dirty picker,1
+,0
rc,0
yea tiny wisp,0
gg wp,0
100,0
report troll and tusk,0
you motherfucking [MASK_C] hero gonna suffer like [MASK_A],1
yea,0
"that creep gave you 6, right?",0
witch too 6-5,0
gg wp,0
what a [MASK_D],1
gg wp,0
report meepo,0
ez,1
wub te f,0
pfff,0
randomed noob,1
gg,0
T_T,0
farming is for noobs,1
you carry them ez,1
EZ MID EZ MID EZ <OD,1
Lag?,0
nc game,0
that's what i'm losing 2 that ember fk dis team la,1
ups,0
report pudge pls,0
wa a critical,0
i guess pudge had an easy lane as well,0
fuark only one who didnt lose tower in lane hehe,0
dying to 0 4 sf yea its fucked up shame on me,1
yeah,0
<3,0
I RULE BLABLABLA RULLER,0
paper,0
nice,0
problem is too ez,1
)),0
jug whole game farming .,0
sps,0
for the win,0
doom can't help u ^^,0
YA FUE EZE MID AND EZE TOP,0
look my last game i [MASK_D] them all im a fucker,1
gg,0
GG,0
thz for free mmr,0
gege,0
GGGGGGGGGGGGGGGGGGGGGGG wp have fun,0
he dced wait,0
really bad game,0
wait loading na pasue,0
we waited for you -_-,0
Ez mid ez life,1
ruinE? he did good,0
lol,0
gg sonic,0
lol magina,0
:D ahahahaah,0
go and die in a [MASK_A] hole,1
no wr,0
Meme's,0
rekt,0
lol,0
[MASK_A] off,1
report brood afk abse,0
When i am 6 i will [MASK_B] and finger you so hard,1
2x3 alo ky ebanat,0
easy win from the noob,1
report passive pa,0
mormo mormo,0
can i let my dog out 15 seconds,0
Haha,0
:) wait la,0
AHAHA,0
ty felt pretty good to finger you ember,0
ggwp,0
lesh is wrong meta,0
gg,0
is having an autism attack,0
26-9 ? lol,0
22 sek lol,0
feed*,0
pyzdec,0
switch your name sf you dont deserve it,1
such ueless team,1
yeah lol,0
very,0
REALLY CRY HAHAHA,1
waut wait,0
++,0
w8 guys,0
49 48,0
pts,0
gg,0
EZ,1
???,0
OKEY,0
g,0
where are you wr,0
deleted,0
banned,0
WELL PLAYED,0
Ez,1
thx for boosting dk,0
ye,0
haha wew Why Sad duel,0
rip,0
y dc?,0
Real talk I did just then too,0
invoker rich,0
gg,0
Es,0
hahaha where are you,0
now push mid,0
25 - mmr ANTIGAY,1
lol,0
[MASK_A] you [MASK_D] ta q ok,1
xaaxx,0
G,0
WHAT,0
noob sg sf reported,1
are yuoyu [MASK_D] kidiing',1
and stacks too after bodyguard rofl what a trash player,1
XD,0
"report this invoker, please",0
ez mid :D,1
thanks babe,0
I have no idea why they keep defending sry,0
? is he coming back ?,0
small brains,0
hahah,0
gege,0
thx for the game,0
im dead,0
noobs always talk hard,1
go to bed edad,0
ez jk haha,1
1 KITER + 1 JUNGLE 1 PUDGE OFF AUTOLOSE,1
hmmm 4 streak wtf,0
bg wp,0
that is just so broken really a flaw in the game...,0
gg 'wp' heh,0
?,0
just watch my arrow ang beware,0
you missed your sunstrike :p,0
nice gank bot,0
gg,0
so fat,0
i muted her from other game,0
lol song,0
byebye streka,0
gg venge report. ff pls,0
wait,0
oh [MASK_B],0
hahhaha,0
omfg he did a kill shame on you ww !,0
got him,0
ggwp,0
what a nice day,0
haha,0
void is too dumb bro handicap match,1
gg,0
In before bkb,0
because i stay vs u,0
Hahaha,0
no,0
can u tard [MASK_A] go [MASK_C] end this ?,1
xdd,0
spectre is so strong in damage,0
lucky i hv noob teammates,1
such meme oops rong chat,0
i feel u,0
wp,0
gg wp,0
HAHAHAHAHA,0
GG,0
20 min 0 duel dmg,1
gg,0
nice hook,0
gg etc.,0
wow 3 ult 5-12 meepo wow,1
... i said,0
like super-stupid players on cores and [MASK_D] pudge :D,1
suffered from your combo with sniper so tough for me,0
pls repor to help dota 2,0
just can;t kill,0
did u wait for 30mins 1st or not?,0
hahaha,0
nice story i like the ending,0
all report Doom,0
hahahahha yo mama better,0
lol,0
Kapaa,0
easy game,0
i killed void 1v1 bahahahah,0
g,0
report zeus afk,0
i have solo kill,0
HAHAHA,0
hah so many warddd,0
hagaga nah so much peruvian for that,1
??,0
haha,0
it was a fun game cheers guys,0
omfg,0
i dont know ]just wait,0
how was windranger,0
but 2 people gonna [MASK_D] me and venge didnt support so i dont care,1
wowowowo u know he was standing there,0
okay,0
gege,0
at least we killed the roshan ^^,0
What good game?,0
in ur face,0
just end,0
XD,0
   ,0
wtf is this game,0
?? -_- can we resume,0
die,0
gg,0
sladar tell me he rage quit end game plz,1
k go,0
sec mous,0
yeah steam [MASK_D],0
report,0
twq,0
soooooooooooooooo weak,0
i wasnt even watching sending an sms,0
WAIT,0
rat doto owns,0
gg,0
see how nice you guys play and see how fucked my teammates play ggwp report anti mage,1
yo sf,0
nc game,0
end fast noobs,1
why so quiet now,0
lOL,0
nice tp,0
ez game ez lose my baby jugg cry :) HEHE,1
))))))))),0
fu i was afk :>,1
gg,0
im doing my best [MASK_B] still happen always,0
wait guys,0
lol,0
haha,0
Ez dosnt it?,1
anyway,0
oyoy,0
heavy team,1
y so slow PA hahaha wait PA i will mkb,0
he gave up,0
how much work dual mid ?,0
wasnt*,0
wp,0
???,0
done,0
I think his net just crashed His computer overheated lol,0
ez,1
ill start a lob,0
lol,0
fu,1
yeaaaah,0
i had at least 3x jg everywhere for alch,0
ez,1
tryhard? idioto?,1
gg lc,0
why are you even talking? you [MASK_B] pick alch,1
w8 pls,0
desperate for mmr,0
gg,0
Ta won the game only,0
wp guys,0
how much lag do you have?,0
xd,0
gg,0
report vs ty next time he might be with u spa ceba,0
2k gold lol,0
gg,0
say end AM work hard,0
:slaty:,0
who?,0
this is a standard trilane,0
am go for ancient noob better than rax xdd,1
gl,0
Me just roaming bb dont prio,0
hey i will share the -25 mmr with u,0
sorry had to go,0
son of [MASK_A] die !,1
ppl been handing my mmr out all night,0
gg,0
gg wp all,0
you're aggro tri laning,0
ty,0
:p,0
haha,0
naughty pls behave pure luck,0
>,0
ur talking tho? xD,0
this is pointless my team wont bother to play,0
i was bluffing dont take it so seriously,0
gay,1
G?,0
gg,0
why?,0
ez,1
im saying what the truth reported!,0
mid vs offlane tie my fking [MASK_D],1
how bad he is now,0
...,0
"hehje gg finish the game sorry didnt play well safe lane 2 guys has skill to add hp then get killed good player, i am noob",0
useless carry farm for nothing,1
gg,0
GGWP,0
TP oiut necro Well that was impressive.,0
gg,0
lol7,0
.l.,0
counter more,0
huauha,0
two mins they rc,0
it is pretty hard to hit r,0
www.leagueoflegends.com/register,0
you know me and you played last night,0
gyro report pls,0
the absolutely most useless team ever,1
stupid filipinop,1
gg,0
bh Come on,0
no wp alche WP? [MASK_A] no,0
1vs 2 lobby,0
:),0
ez,1
lOL,0
ty well have fun,0
lol 2k mmr so stfu,0
yeah baby,0
wait la eating you know me so well la ,0
how did u find me?,0
salita bobo,0
ALcheMISt no BuyBAck? ........... THanks ALcheMISt Ur Mmr tASTy! lol!,0
hahahaha,0
come come come ember,0
you think you good player all game killing 3k accbuyers nice great stuff,1
:D,0
gank me more i appreciate,0
"10-3.. huskar 7-11 not pro, but better than u",0
yep,0
Ggwp,0
wow what a [MASK_C] autoattack,1
1vs9,1
LMAO,0
we in your base,0
russians [MASK_D] [MASK_D] russians,1
well ez,1
then ?,0
1 v 5 :),0
sad la,0
HUSKAR ALCHE PICKERS,0
you guys cant win by the way,0
mean yes,0
|aahhaha,0
gg wp,0
blow me like a hot soup [MASK_A] :)),1
gg,0
he doesnt deserv to play in dota anymore,1
WAIT G,0
gg wp,0
35 min manta inc on am :D,0
than he dc,0
bye bye top lane,0
gg,0
[MASK_D] YOU YOU FLYING [MASK_D],1
why should i? when i see ez kills i am there,1
f uck,0
ty,0
ez game,1
0 6 ta aahahhahahah,1
tetris na lang kayo,0
ggwp,0
3 min pls connection problem reset computer,0
HIJOS DEPUTA,0
bro im pc,0
ez?,1
boy am i sick of seeing those 2 little cunts,1
[MASK_A] u on the same internet ur liar he aint comin,1
nice gold Batrider :),0
GG,0
salty [MASK_C],1
haha i lag too,0
)))) CHE KAK TAM ZOMBI))),0
he got raped by lina so hard he mad and cry like a boy sry little girl,1
drow ranger roamer new meta,0
yum ;),0
FFS,0
WP,0
noob me,1
the fast see me,0
team idiots,1
Sure he fucks hes own mother taht kind of peenoy,1
eZ FOR WR SF eZ MID EZ LIFE,1
i am not brood picker hellooooo,0
come back,0
rofl,0
try t kill me,1
pinoy haha,1
"well, he is dumb like his friend",0
glhf,0
who,0
:D,0
you're lucky i missed my dagon,1
4 3 ooopss 2 more to go 1,0
lol,0
does it bounce to my healing?,0
?,0
its relax time,0
HAHA,0
fun game,0
are u insane,1
your storm waiting until the last second to jump his whole mana worth? dw he was our mid last game and got dumpstered aswell,0
gg,0
wait please,0
?,0
terror and maidan at secret shop just afk,0
all th wa mid we wont defend all the way midd psl,0
whats ur main mmr?,0
GG,0
RS,0
hahahaha,0
rofl,0
GG? sorry,0
Woah,0
"just noticed i muted zeus before this game,lol",0
I [MASK_D] [MASK_A] all game,1
shut up bad team,1
you know him?,0
i will feed more,0
gg report lina for feed =gg,1
g,0
cd my [MASK_D],1
ggwp,0
hey lc,0
:'(,0
|he is coming,0
Lol AM,0
you at the same lvl with lc,0
i can tbelieve,0
gg,0
ahahah Wr,0
shut up fegget,1
Only took 3 of you,0
oh u did say?,0
reported dcp leave dota,0
HAHAHAHA,0
guys wtf 10 min left,1
1vs5,0
rip,0
english ... no one cares about russians,1
"gg, wp",0
gg wp,0
ti staralsya),0
fu,1
nice ult es,0
GG 5 carries,0
haahahah the 4k useless retard is speaking,1
idiot es [MASK_A] stun,1
"im 3 ,1",0
gg,0
i cant do anything alone,0
Gg,0
gg wp,0
u too get ban,0
dusa the profesional farmer,1
IN GAME [MASK_D] WOOOOP,1
JAHAHAHA FUNNY WORD,0
:D THat is exactly the type of guy who think everyone is bad and he is the only pro,0
haha,0
complaining? i was talking about wr barking like a dog here,0
i'm just asking ..,0
killed by support,0
commend us,0
lol,0
gg,0
[MASK_D] you,1
ruin some more mids :D,0
yeah leave,0
gg our shaker stun u so pro commend him pls,0
skills :P,0
did ench talk a lot?,0
ehh. at first,0
EZ ULTRA KILL,1
F{F{F{F{,0
GGWP,0
this slark,0
28 demage LOL,0
report afk,0
ggwp,0
comend me izi mid,0
ez,1
213,0
so ez win,1
 ez,1
ez ez [MASK_B] ez,1
am vs support?,0
4 craggt',0
:@,0
go thru wr go end,0
lmao,0
good,0
..,0
REPORT HUSKA,0
Gyro buyer account,1
thanks for the gem,0
go quit :3,0
and then? HAHAHA,0
they muted u u fed the FB,1
why?,0
and u bought a midas,0
haha,0
or -?! -.-',0
Weirdest game ever,0
LOL,0
[MASK_C] BUILD ON PHOENIX LOST GAME ))),1
can ur ward miss?,0
1-14 2-14 shameless victory,1
"rubick , stfu iidot",1
dafuq,0
ggwp,0
gg!,0
gg,0
no i made sure i had 2non crits beforehand,0
ja. jajaja?,0
:D,0
die ?,0
"surprise, I created space! now stop focusing me <3",0
in your arm :*,0
combackl,0
Ez dove dive [MASK_B],1
u were dumb GG,1
WAT,0
wtf is ur porblem,0
hes got wooden pc,0
gg ez mid for me,1
gege,0
end baited,0
gg?,0
joke,0
u just got 2 for 1,0
nope 6 v 4 tiny is with us haha,0
she abandoned,0
one sec please,0
dont smk too much,0
gg noob,1
lol,0
Wtf?!?!,0
you fk backtrack dagon and rocket and ulti me after,1
gg,0
ok,0
gg,0
its in my [MASK_B] wanna see?,1
u lucky [MASK_C],1
very funny report pls,0
sup,0
nice gank,0
how are u arryin carryin,0
another mexican on west eu thats 2 games in a row,1
gg end,0
DED commend me,0
bark more WR,0
[MASK_B] waht CHOP,1
im supp undying carry,0
gg [MASK_A] team Gg,1
on my team 4 retards and bs mid,1
ez katka [MASK_A] russians ),1
BOOM HS,0
report tini,0
g ?,0
1 minute no more,0
hes online now,0
he is 3k mmr though,0
get real,0
?,0
awwwww,0
he prefere wait late game vs dusa and sf :p,0
guys end pls 2 afk,0
wait rc,0
of my life,1
go [MASK_A] yourselves,1
silencer afk,0
report TA :),0
lmfao worth it,0
looks like we got sea game,0
+,0
lol you known,0
relax,0
u cant come back,0
mmr isnt real just a number,0
2 more mins,0
and this shaker who tink mid job is to gank wole time rofl,0
Cocky ganking all gank heroes.,0
you cannot kill me,0
...,0
ya,0
ez,1
wtf is this game lmao,0
ez MİD,1
this inboker noob liek [MASK_D] duneo valcano skill,1
lol self blame new trend,0
bg,0
6.2k 2k real life dollars,0
1,0
^_^ GL HF,0
Ez,1
what happen to u ? qop\,0
i havent palyed in SEA mmr i started ota 2 in murica,0
?,0
gl hf u bastards,1
ah it's ok laggg,0
piss off,1
Intro,0
wtf,0
the game starts soon,0
Gg Wp,0
lol yes,0
says the malay?,0
:DDD,0
ez mmr why not?,1
sooo ez,1
[MASK_B] you,1
huskar is gg lol,0
? wat was that,0
ggg,0
nice try,0
wintendo NT,0
G?,0
internet died not fair,0
PICKING RUGAL GG,0
game was over when u didnt lvl your skills,0
i picked a dazzle into axe oops totally didnt think,0
gg,0
:(,0
WTF GO AWAY,0
mineski will win major,0
))),0
h,0
"Thats why im mad, doesnt take a [MASK_B] scientist to figure that one out [MASK_B] mute me if you want to stay ignorant you little [MASK_A].",1
oh,0
gg,0
now wheres is the trash talk u [MASK_A] peruvians ?,1
command me,0
1 ow yeaaaah finish [MASK_C],1
REKT,0
ok ok sorry didnt wanted to piss u,1
Hahahaha,0
ggwp am trash,1
GG,0
ty g?,0
so that u can win low priority games lel,0
???,0
ALL COMMENDED GUYS! ENJOY DOTA! EZ WP WP WP!,0
how [MASK_D],1
gg,0
lol,0
dont dance,0
GG,0
((,0
gg,0
haha,0
?,0
report enigma gg,0
TRASHCAN RUBICK PICKER,1
GG,0
ready to play?,0
,0
run run void,0
u cant do [MASK_B],1
gg,0
really,0
2 mins more plz,0
INTRO BOSY INTRO BOYS,0
ok,0
pahaha,0
reason?,0
slark ez kill,1
LOL,0
little quiet now must be busy handling mega creeps,0
REKT,0
HE HE,0
[MASK_D] carry,1
lol pl,0
gg,0
omni win this game,0
not lol,0
ahahha,0
Ez game,1
ggwp end im out,0
SAID RS,0
ggwp,0
shut the [MASK_A] up,1
Ez [MASK_C] you noob run diiot,1
worth it?,0
s h e t e f u,0
no,0
REPORT BARA AND BH,0
1 0 0 15 mib min* fine ,0
"you lost nothing, not a single second",0
gg,0
we rs,0
tower def,0
rs,0
viper? want me viper?,0
hay,0
he calls me a [MASK_D] then he doesnt blink and stuns at a retarded distance,1
if ur not counter picking in dota u not doin it right,0
ok reported,0
ez mmr,1
axe is always winning early lanes,0
like the dust of the smoke actually reached me,0
alche afk lv 15 :)),0
gg wp,0
thanks,0
?,0
gg,0
:DD,0
rerpot voker,0
ez,1
w8 my fri,0
i party with bh,0
u can never catch me,1
lol?,0
your mom,0
i dont hear somthing from clock so long,0
[MASK_B] team [MASK_B] talking since min 1,1
lack of education,0
gg no carry no win,0
lol,0
hahaha sorry my team like joking around they keep say ez ez ez wtf,1
win / loss irrelievant to how bad this player is LOL,0
1 vs 1 pls haha u are ez for me haha,1
Ez mid,1
yea,0
stfu noob go die,1
you good man ':D,0
:D,0
report me too,1
EZ,1
mid fail?,0
report sf = comend,0
then give me that,0
hahaha,0
why are u still defending?,0
this bracket,0
XDDD am?,0
BYE WIND,0
dslmdlas,0
HYAHA,0
eh,0
gyro spoiler PLESAE REPORT,0
?,0
haha,0
i guess,0
this game is ridiculous,1
Me 2,0
shut up noob,1
gg wp,0
u took my ta,0
ggwp ggwp,0
unless they have a horn,0
wp,0
qop did good wp,0
no chese for u sry,0
gg,0
:DD,0
these ppl i play with holy [MASK_B],1
aprty mmr sad life,0
ggggggggggggggggggggggggggggg,0
can i kill your courier for challenge? sorry that sounds rude,0
hes swapping internet ye ur skatin WR,0
What is dead never dies,0
GAIS!,0
XD,0
u secure me,0
+,0
yeahb,0
HAHAHAHAHAAHAHAHAHAHA,0
gege,0
gg wp,0
iyak muna 1k mmr,0
don;t worry u win,0
gg wp gl nxt,0
hmmm,0
so wat about now ?,0
Lol AM... going to lose to a WK who DC?,0
[MASK_A],1
ggwp,0
GG,0
yup,0
yeah,0
g bro,0
?,0
for u,0
TA got 8kg,0
:DD,0
y,0
where,0
? nah but germans fucks me,1
wew wait,0
ggwp,0
nice intro,0
bleat,1
MEEPO IS REALLY BAD (C) MEEPO PLAYER,1
PL DONE?,0
PLEASE,0
Wew,0
PAK U HOOK,0
walrus kick,0
yeah only took him 25 mins to come out of the jungle,0
buy me scepter alchie plz,0
why no bet ?? 3 book no bet,0
BH REPORT,0
gg,0
:D,0
dazle good,0
we werent,0
won a game,0
TOO EZ BOT,1
Gg,0
nc,0
extend? haha,0
HAHA DAAAZEHL,0
GGWP,0
if our 4k ember wasn't dogshit,1
we didnt evne get one causer focus is sth ppl dont understand,0
pls report bs y omni,0
gg,0
,0
ez mmr,1
so fkn ez lmao,1
POWER SHOT ON ROSH PLZ WR,0
gg,1
=))) Team wipeeeeee goooo,0
effigy lanjiao meepo,0
Ez game,1
LOL,0
Yeah,0
ty for the damage,0
yes.,0
ez WR,0
love if somevont take Techis on MMR,0
ty,0
what?,0
y,0
awtx,0
<3,0
ez ez [MASK_D] ez,1
@ minutes 2 he lag,0
Haha,0
gg can't play with a bunch of clowns,0
REPORT,0
comeback,0
LINA,0
Y NEVER SEE U IN MAP? SCARE? OR U JUST A COURI LOL,0
i dont even know how thats possible with a blink and 2 melee,0
end it ez mid,1
you said that already you fuckwit,1
pretty ez,1
4,0
ok,0
what the [MASK_D] tards in team? silencer afk 10 min,1
gl;hf,0
? are you a five stack?,0
stop wipping dude,0
,0
WOW,0
well im farmed,0
HAHA,0
noob.,1
hahaha,0
meh,0
noob WK,1
Ez invoker,1
ty,0
ggwp,0
MAGINA,0
daaaamn [MASK_A] snipe that tiny's provoking us hahaa,1
HAHA EMBER,0
bye,0
fast ill go bed haha,0
:)),0
you sereiously cmap there all te time,0
slow hands? :(((,0
...,0
restart,0
:D,0
gt,0
..,0
woops where is your base,0
CAN'T CHASE ME,0
rofl,0
LOL,0
game was super ez,1
gg [MASK_B] hero challenge idiots,1
gege,0
ty for waiting,0
my friend so [MASK_D],1
just wait,0
i [MASK_B] i knnow,1
ez team noobs,1
gay,1
get rekt smhall son,0
[MASK_A]'g noobs,1
ITS okay i will kill u later,0
whant u so hard,0
no its just youre bad like hilariously bad i mean,0
gege,0
dat late,0
...,0
GODLIKE SUPP,0
damn son,1
It seems SB is the only retard,1
who cares?,0
stfu ez mid,1
no yalll mid yalll noob y didnt u go help tiny,0
end en una,0
then he can start push everywhere,0
misha 14 let,0
wtf,0
lol theres ur 10 sec,0
[MASK_C] game [MASK_A] carry,1
totally,0
HAha wtf,0
haha,0
nah,0
da,0
so intence,0
rofl,0
eaaaaaaaaaaaaaaaaaasy bot lane 3v1,0
skill 3,0
5-10 AHAHAHAAHAHA,1
OMG,0
ahahaha c0meback,0
wp abba aba,0
no blink :P gift like it?,0
?,0
even worse,1
noo i hate u all i hate this cm,0
report ilencer,0
lol what a noob lion haiz,1
^ look at this fkboi meme'n,1
ez,1
ez ? pfff,1
:P,0
gg ez storm,1
Gg,0
bg wp,0
lol,0
EERROOOOOY,0
...,0
2 mins,0
to my team,0
run gay toon,1
 putin and vodka,0
. mirana go die,0
GG WP,0
def hahahaha def,0
+ he told me that i was gonna farm ancients then i ruined game pretty smart,1
END,0
we are throwing pretty hard,0
report pudge,0
ez enigma ez perú Ez off,1
zzz,0
?,0
commend all TA,0
lol,0
ggwp,0
unpausers,0
puck we paid you to unpause,0
yah,0
sorry im late,0
yep ur a mongoloid,0
ya tha's give for u poor sf a little mmr from me,0
),0
ty dazzle,0
Bs lvl 3 xD,0
gg wp lads,0
w8,0
nwx t stun for u,0
you lose this game anyway,1
he leaved and u lost,0
HAHHAHAHA,0
130cannot count? dumb,1
veno is super good hg def,0
nice duel lane mid,0
report undying if u want,0
ggwp geegee geeeeeeeeeegeeeeeeeeeeeeeeeeee,0
BABILO!,0
GG,0
thats some 2008 [MASK_A] yo,1
ya so hard,0
payuse,0
Wtf,0
lol,0
:(,0
am needs his manta,0
chupadmela,0
JUMP ON THE SS PLZ,0
"we play first, ltr pause",0
:D,0
and no one cares,0
feeding isnt going to make game end any faster,0
},0
who were you ??,0
EZ WIN,1
stay afk,0
GG?,0
wtf,0
fast end no deff,0
usles,0
lol [MASK_A] you,1
carry ogre ez,1
damn pinoy,0
woaw,0
..,0
1150 coins [MASK_B] game,1
gg wp gj sf,0
really?,0
best chorno so far,0
gg wp,0
raped cunts,1
its a rule dude,0
HAHA we won,0
COME ON SHUT UP,0
XD Gg spec u shhihtter,1
sf dodge :D,0
LOL,0
lol,0
mine is ready,0
lol how ? teach me,1
whats a team,0
lol,0
ez,1
gg,0
he helped u alot early game at bot on those SS,0
oh sorry party mmr ?,0
ty comment me,0
report wr,0
axaxax,0
[MASK_B] STILL HOPING?,1
what more can you want?,0
ggwp keep aim me so stupid more ward thx haha,0
4k aint good,0
jaja pobre lloron hay basura,0
))),0
u won mid for enigma my support cant gank sadly,0
g,0
?,0
cry like ur mother [MASK_B] by u',1
LMAO,0
heart attack,0
for me na,0
i wont play let sf get the game alone Better :P,0
NONONONONO,0
ty,0
noobs,1
Axe pickers,0
its a game yah.. but being idiot is never been fine,0
lol,0
xD,0
ya sad story,0
sniper noob,1
4v1 gays [MASK_D] DEF GAYS,1
report veno,0
leT S ALL [MASK_C] REPORT AA doG [MASK_B],0
ts,0
gg,0
FAIL TEAM,0
waaahahahahaaha ./.,0
I did So did everyone,0
???,0
feeding neutrals?,0
ta lost mid so hard against this lina ?,0
LOL,0
Wp,0
",,, ..",0
ez mmr :D,1
REPORT TERROR,0
EZ SO EZ NOOB EZ NOOB,1
GG [MASK_C] THIS TEAM ?,1
aoe vision,0
UR JST NOOB,1
OH NO,0
lol,0
"just report, you could get him next game search",0
i got recked mid,0
really ? so desperate ?,0
,0
hi husk,0
got em,0
yea homeboy,0
Afl afk,0
but habit for 8 years,0
oh bite me [MASK_D],1
i commen void,0
jay's on my feet adadas,0
ez im just scouting girl,1
that is one DAY im telling the truth ok it was one day,0
ty for carry,0
delete,0
i guess jugg is crying min one he cant lane yelling at his supports to help him so they wont help him cuz yeling,0
)),0
hehe,0
push and finish plz it is waste of time,0
[MASK_A] team,1
gg,0
pipe was a god iten we took the stacks thnqq,0
DEADS,0
idiot Slark like op,1
GG\,0
report lol ???,0
[MASK_C],0
yeha jug mvp foru,0
hahaha,0
NICE RUN,0
yes very very good Fantatsic game !,0
when alchesa lol,0
can we do a ten stack and replay this game i started so well and i think i'm due a re,0
Ez,1
he is coming 2 mins,0
hey SF,0
i was never mad,0
door,0
lie like,0
how long?,0
be fat And [MASK_D] us void,1
OH,0
getting caught like a pro,0
for [MASK_C] ur [MASK_B],1
EleGiggle you [MASK_D] jguger,1
glitch lighning ball,0
i dont get it,0
GO AWAY I DIE FUCKER,1
reasons,0
EZ WIN!,1
get rosh,0
gg,0
[MASK_A] is great,1
RUINED SAVED,0
catcher?,0
..? look at his macro so noob qop destroy my game let him abandon,1
k u win,0
[MASK_A] EUUUUUUUUUUUUUUUROPPPPPPPPPEEEEEEEEEEEEEEEEEEEEEEEEEEEE GG MY BRAIN IS DEAD,1
?,0
haha,0
megas boyssssss,0
:O,0
hello tiny xD,0
ow,0
me noob support,1
GGWP,0
stop picking rubick,0
:D,0
gg es!,0
ggwp,0
YEAH,0
[MASK_B] your mom,1
gg wp,0
commend,0
wp,0
because they're Russian,1
not ez,1
G,0
ur a junkie,0
its the new bs,0
ez game,0
shet,0
how to push,0
gg,0
could anyone report pudghe [MASK_B] this player,1
you are trash,1
ever tried to search the meaning of kappa? this isnt it,0
"SONS OF [MASK_A], cant even win gracefully",1
GGWP,0
end please,0
what a player,0
ez ez Ez ez,1
yep little invis fucker,1
the slardar appears to be the problem in this game,0
why doom veno:(,0
GG NOOB TEAM QOP [MASK_C] NOOB,1
wow,0
?,0
he just msged me,0
reported,1
commend me,0
aw hahahhahah hahahaha',0
dude if he is [MASK_C] [MASK_B],1
my team noob,1
:),0
no top report,0
noooo,0
2es4us,0
gg wp,0
sorry sorry,0
see,0
tq,0
¬¬,0
DIE!!!!!! ,0
itshis smurf,0
no need 5. send medusa also gg,0
game was hard,0
i knew u echo xD,0
lol,0
you chill brah,0
ggwp,0
LOL,0
fair game,0
haha,0
gg,0
ggwp,0
i got stunned btw,0
WHAT DID U SAY [MASK_D] SLARDAR,1
_D,0
hahaha,0
and i kick u [MASK_C],1
he ran like a fkn [MASK_B] LOL,0
GG,0
4k,1
|gg?,0
better a kill to techies than you,0
lmao,0
WAT? STUPID! HAHAHA,1
g,0
pretty lame pretty lame again,0
i arrowed him like 3 times mid early,0
?,0
),0
forgot abt him,0
end,0
noob sf,1
End,0
pain dont do that,0
oh game that no alche AHAHAH,0
[MASK_D] HATE HOUSE SHAREING sorry everyone,1
wow,0
ty,0
dendi,0
..,0
^,0
gg,0
G,0
my team blame me,1
^LOL,0
come on potato just save the gaem you can play later,0
give me some ??? pls,0
lel,0
wp everyone,0
GG,0
HAHAH,0
so close,0
i'm not 10,0
LOL,0
ahha,0
hahahaa,0
not girls pussys,1
lets my mum dont steal from work,0
SRSLY?,0
Lol,0
just give up :(,1
for his words of encouragement :),0
102 ping my ghad he is not my teamate,0
3 hp i hat losing to [MASK_A] kids,1
yeah joke time wanna hear one,0
banging your girlfriend,0
ALl report alc,0
haha his crying to early that sbv,1
"spectre, dont bully us please ....",0
go away cyka,1
hay actualizacion lol se va a demorar es de 352 mg gb que diga no creo que entre rapido -.-,0
you farmed our [MASK_D] peruvian blue all game Shutup,1
GG [MASK_C],1
me?,0
lol,0
dat comeback team wipe,0
sad,0
slardar ?,0
why is my team always so [MASK_A],1
"5k matchmaking, volvo pls",0
SF ults down boys REALLY REALLY,0
1ST PICK ALCHE ALWAYS GG,0
gg end it,0
jug,0
useless lc,0
lmao,0
and me,0
ggwp,0
rEALLY',0
SHHH IDIOT,1
illeagle,0
fun game,0
i can safely say i fucken raped ur bumhole blood,1
noob,1
no escape,1
this alch is a retard midas into heart,1
that he never flame NEVER FLAME WR,0
...,0
report mi team pls,0
i win,0
seeker?,0
facts,0
:),0
26 6mid : :),0
lose game,1
ravage,0
jaja,0
?,0
play fair please,0
report rubick for supporting,0
da throws doe,0
no bbs gg,0
gg idiot carry,1
no carrys,0
22,0
u [MASK_A],1
wp,0
gg,0
more bash plz 4 bash in 6 hit,0
hahaha wew,0
[MASK_D] U ABA rly,1
i know u love techies gus,0
hehehehe,0
I WILL COMMEND U,0
OK Ez invok supp,1
lol,0
Can kil me,0
huy sosnesh,0
you too,0
just end,0
;D,0
thx,0
ok mid,0
XD,0
g,0
haha close,0
lol,0
T_T,0
send all tree ants top i need the pre game farm plz,0
intro boys,0
send the courier out i dare you send the damn courier you,0
necro <3,0
lol no one care chat to all what a funny [MASK_D],1
nerf pudge pls,0
DENY IT,0
gg,0
lol,0
blame time,0
this team [MASK_B],1
EZ MMR,1
ffs,0
push glhf ggwp Im afk,0
yup,0
gg na,0
NOOB ALCHE,1
rly?,0
,0
GGWP sladar supp or carry ?,0
why is everyone in this game so salty,0
neutral creep mvp,0
Ahhh,0
"gg wp w/e, this [MASK_C] team",1
ggwp,0
ez gmae ez game ember no help,1
gg,0
ez,1
Btw your mom gay,1
NONE? wow,0
gg,0
haha,0
50% with me your 44% so kpd,1
ow ok 2 crits,0
hes not coming back,0
he's like fb f this i'm out,0
izi win,1
nice na offlane shakere igraew drug,0
go push,0
account buyer,1
ez briezi,1
¸DOTACINEMA PLS,0
lol tb,0
noob .l.,1
and ww,0
nice hero icefrog,0
wpwp,0
[MASK_B] MID,1
?,0
2 min,0
[MASK_D],1
lol,0
?,0
good game great carries,0
you mother,1
stop feed,1
team farmer lich abusing all game lich still ur jungle farm don't worry take the game ez farm farm lich and insulte,1
WOW SO PRO,0
just a sec,0
No?,0
Sad,0
smack that [MASK_A],1
letz go,0
gg,0
HI PUCK,0
why he's doing good,0
ermm no i have for a while,0
hard mid,0
GG,0
Zzzzzzzzzzz,0
[MASK_C] lol my pro razes hit hte water scared?,1
lc says he's coming you [MASK_A] why let the kid abandon for nothing,0
si.,0
:D nice trade,0
gg,0
as good as my team at dotaing,0
talk [MASK_C] more,1
this caryy :D,0
come magnus,0
pause later,0
gg,0
FRESH MEAT,0
rofl,0
tnx,0
end la,0
no,0
cry like a baby moron,1
ikr 1 kill amazing,0
wkwkw,0
agree,0
gg,0
i love me?,0
no notlikethis,0
wtf all 3 hits on me 4** when i was right beside doom rng,0
my mom died long ago you necrophile [MASK_D],1
i hope he doesnt [MASK_C],1
not safe to leave,0
f9,0
wahahahhahaa,0
Why lose? NOOB PA,1
bg,0
GG NOOBSSSSS PUB GAMMER TA GG MID,1
racist,0
ggwp report sven for comm abuse,0
lucky,0
so im the player haahahahha,0
it`s been a long day,0
because all of noob end,1
1st time win am?,0
[MASK_B] u fking cm,1
Wr AW,0
what your fae,0
é das estrelas,0
GLFHF,0
gg oghhh,0
report SB,1
Good game tho,0
i can see a girl ww xD jk,0
so how's the weather ?,0
gg,0
EZ Act throw? dire pls report jugg thx,0
gg,0
REPORT 4 TY,0
haha,0
die?,0
gg,0
a punch isnt magic ahaha,0
ez mid,1
pussies,1
[MASK_C] wait,1
to much for that huh,0
lmai,0
they;re gonna do rosh 5 times before they end,0
wa aw,0
F|uiCK YOU,1
JUST LIKE U,0
GG COMMEND ME!!!!,0
say it right or I unpause how do u say it,0
rip 4v5 cuh? 4v4 *,0
Ez,1
gagagaga hahahaha,0
WC,0
its okay,0
not my problem...i guess,0
HelenaLive you play like her tho,0
he coming ..,0
wait,0
im a GOOD LOVER HARD FUCKER,1
sad,0
it started off rough lol,0
es go quit i commend you ary,0
jugg calling to report idk why this noob no throw 0-4 and he bark nowaday noob more strong,1
qop please i thoiught wer were friends,0
AFK u can kill dazzle if u want,0
hahahaha,0
havnt u guys ended mid yet,0
lol,0
5/2 sf troll 0/4 tiny carry,0
gg bot and mid :(,0
report naix for flame and being useless :D,1
nice wtf,0
(: give n take friendship ez friend,1
Hahhaha,0
Sad,0
go ne,0
ez haha,1
rofl,0
miracle mercy,0
dunno,0
gg,0
"0 impact mid, best mid",1
good idea,0
they really want me :'(,0
report alch,0
gg,0
k then,0
see that [MASK_A] is just spooky,0
INPLAY MID FOR MY 5K MMR % STACK 5*,0
SVEN HAAHAHHAA,0
5vs4 and you're pausing,0
GAYYYYYYYYY,1
gg go mid and end pls PLS,0
and im just here not giving a [MASK_D],1
Lag,0
report u pl Pls,0
nice team as i said before there is gem on a ground but nvm,0
GGWP,0
IZI,1
what! XD,0
rofl,0
ty naga,0
gg,0
hahaha lich,0
cuz no vision,0
AHHAHAHAHA,0
and wards,0
Very stupid,0
haha,0
lol,0
my friend,0
lol,0
5 5 6 7,0
come gg 4 morons cant finish what can i do as io,1
Yes,0
...,0
lolx,0
haha,0
i wll; throw,0
gg traxes,0
XDDD rly,0
slark hp?,0
wi win couse we have good pick,0
[MASK_D] off reinstall win 95?,1
qop necro 3 min 22,0
ahahaha,0
ggwp ar,0
gg,0
wtf tony,0
picking clinkz to counterpick phoenix,0
lmao,0
he want his item xd,0
HAHAHA,0
i ulti and it got refreshed,0
wow qop pickers what a hard hero to play,0
i was 2-0 in lane gg,0
: D,0
[MASK_B] offlaners,1
give us dr,0
cant even hit more than 1 person with his ulti,0
ggwp creep > am am 500h in dota [MASK_A] trash,1
let it goo,0
? ?,0
commend me back,0
us too having fun,0
its okay YOu lost Just relax,0
super ez,1
COMMEND ME,0
soonTM lol,0
this clinkz wants to kill me so bad badly,0
disease*,0
comeon man end,0
i needed that mmr,0
I doubt it,0
yes,0
you sohuld watch us,0
),0
battle but no ulti only pussies ulti like necro,1
baited,0
EZ,1
but at 8min yea lol,0
:3,0
gg,0
relax guys,0
fail carry,0
yes,0
he tree ;),0
dc ?,0
"also wr and c,",0
nice shake,0
we lost,0
geeeeeeeeeeeeeeeeeee geeeeeeeeeeeeeeeeeeeeeeeee,0
the jerk store called there running out of you,0
ds still [MASK_C] feeding probably ss fault,1
maybe got..that's why he keep dc,0
jugg can u do ur spin i want to see it,1
xd,0
wooden mouse,0
w8,0
:D wd,0
lol gg,0
gg wp,0
ez games ez bottles,1
lol,0
gg sniper,0
?,0
what is with these potato servers,0
Mmm Windrunner report pliz only feed,1
LOL WTF,0
NOOBS,1
divine?,0
yes u can laugh at me but i rekt u on top lane with refrac,0
Aw,0
lol,0
mins*,0
[MASK_A] rekt cunts ez ezist game of life,1
gg our np sprout u end plz,0
G_G,0
lol,0
noobs happens,1
alch so tanky :) value platemail,0
Ty,0
spam f9 hahahahah,0
lol,0
gg wp,0
./.,0
GG WP,0
GET B NOW ta wtf - 1 str? poor guy,1
just end.. no need to farm guys.. i no def anymore,0
mine will be cooldown when u respawn,0
WORTH?,0
NOOB IN DOTA YOU [MASK_D] DONT BLAMEE yuo more [MASK_B] YOU [MASK_A],1
vepe,0
tinyyyy,0
u cozuld have crited or missed? where is there luck,0
plz report blue intentional feeding,1
u too,0
did u see our team_,0
NOT A [MASK_A] SINGLE WARD NOT ONE no wards,1
gg,0
Just now i got blame by whole team,1
his net,0
.. im not a alien idiot write any world language,1
END alche and riki TY,0
not force A DONT ASTRAR SLARDAR PLZ ME report wr plz,0
zica,0
just wanna kill,0
hard game,0
love you slark,0
i have really bad lag,0
hahaha,0
gg,0
not in black hole you dont,0
lol,0
gg lol,0
dun care,0
ahhhhhhhh,0
no storm mid nowadays,0
Arent you 2k trash ? where did you learn to play invoker like this,1
vahahaha,0
blame team,0
its over so i can at leat get some kills,1
comment me,0
i saw clock like,0
lol templar. haha,0
going?,0
zeus ss,0
:D,0
ahh cm i hate u,0
WHAT IS THISGAME ?=,0
lol,0
wait him pls thanks,0
gg wp,0
go end,0
go throne pls,0
got early morning cya,0
lol,0
she hit stun,0
meepo roshing,0
?,0
OKEY NP,0
retard,1
GG,0
pl can't fight until 40 minutes unless you're aggresif lol,0
wtf,0
yeah aint lucky at all crit [MASK_D] 'gg',1
Watta rp,0
go edn unpaybale when he cant doom any1,0
elad,0
ALAHU AKBAR,0
ez fb ez wards,1
"2 mins * ,,",0
D,0
lol,0
?,0
jaja,0
not yet..b fair dude,0
gg tard,0
^_^,0
we lost boys,0
afk halp ggwp,0
gg,0
[MASK_B] THAT MISS,1
rc,0
sorry man nothing against you,0
lc ?,0
gg,0
baited,0
intentional ability abuse,0
come buback noob hook,1
hwo the [MASK_B] did u liv i,1
sad ursa,0
gg wp,0
ez) midle,1
i have 3 people pre muted XD ahahha we lost,0
we losing pausing for what he need 36 sec go pause afrer 36 tards,0
gg wp,0
[MASK_A],1
=/,0
GGWP IDIOT TEAM KONTOL MEMEK,1
k,0
rip,0
there you go,0
noobs,1
xD,0
lets talk about life shallwe,0
dude,0
bahaha,0
eZ GUYS COMMEND FRE! ENJOUY!,1
^^ Wa,0
ez mmr qop,1
GGWP commend,0
commend me,0
wew,0
WINter wyvern :D,0
ggwp,0
END,0
gg we lost im die back,0
lol wr,0
commend me,0
4Head,0
ggwp,0
fck you,1
PJSalt,0
like yeah he punishes but it's asking to get counter picked,0
gg,0
he got solo kills at the beggining,0
mega,0
I CRY EVERTIEM,0
ok,0
My tide did nothing but take creeps from me,0
@yell,0
WR?,0
need gay then can [MASK_A] freidn,1
gg wp don't def,0
k i b np,0
gg,0
THEN I WENT HELL :/ RAPIRAA,0
what ? very noob player,1
lol,0
:D wtf,0
g quit,0
wr,0
farmer our carry ./. farm2 til lose!,0
huehue thanks obama,0
is no bad guys rly so bad sorry not no bad :D,0
u lose in my last game haha,0
lol,0
shut up legion you re noob gg ez,1
#NAME?,0
add me on please,0
Rekt,0
OK,0
he said he's cahging pc,0
ahaha,0
nice game so awesome Hahaha nice gameplay lol Crit ahaha Hahahaha,0
reddit xd,0
kinda bad ^^,0
ahahaha,0
sec,0
waw,0
hah,0
ya im bored radiant is so bad,1
wow wow wow comeback,0
got you LC :P,0
report silencer,0
HAHA,0
thx for your mmr,0
english [MASK_B] do you speak it,1
xd,0
q WR go drink coffee,0
hoiw did u even [MASK_C] that up mag xD,0
ok,0
gimme dmg mate,0
lol am b link]?,0
rofl,0
23 min qop no agha slark just got sb fun times as starving pos 6 support,0
:),0
waya ka,0
y wud he leave,0
gg wp,0
are,0
WK is in your forest kill hi,0
hey courier?,0
END MID PLEASE,0
then dnt defend,0
gl,0
top sf,0
thanks tiny,0
doctor dc,0
this game wpgg,0
invoker is a fuckhead pinoy,1
[MASK_D] YOUR MOM HAHHA,1
wbu??,0
im reporting everyone,0
i have to water my cactuses no time to pause,0
Hah,0
I [MASK_B] FEEL GREAT KNOWING THAT I CANT HAVE A WORSE TEAM THAN THIS,1
odin pick ohuennee drugogo prosto,0
ur so mad actually why,1
slardar NOOB TRYING HARD! ahahahaha,1
OK,0
1 min pls,0
time to rekt the supports lol,0
shes 41 or something,0
wait plz,0
noob omni,1
GG,0
gg abandon safe to leave,0
Dedz lion,0
ty,0
u guys deserved this 1 u just wanted it more gg,0
i will fcker,1
MUTE ME HELLO DAUN,0
report sf,0
that my [MASK_D] animal of course after you leart proper english learn*,1
BULDOG DOTA,0
2 mid?,0
+,0
cuz ur men real men play nekked,0
who?,0
haha,0
:),0
w8,0
throw,0
great [MASK_C],0
basmati rice,0
ez,1
heaven,0
minglee,0
ez,1
GG WK rage report him,0
undying pro and sf ty,0
ye yellow is.. he's european.,1
lol,0
commend tusk 2x kills,0
lmao,0
nice,0
w8,0
what a mid 8 mins bottle,1
he fed me blink,0
yea kinda i though i had a team,0
what country,0
so close,0
g,0
"remember me, mid or meepo? :D",0
(Ignore that he died solo to AM),0
aw,0
pause to calm down,0
EZ MI,1
now i hit like a [MASK_B] kitten man,0
rp necro plz,0
noob qop,1
*scared,0
shut up,1
[MASK_C] this husk,1
nice wave haha,0
yup classic 3k meepo and VS,1
Wait,0
lol whatever sf,0
missing mid,0
gg wp,0
best meepo EU,0
rofl that help,0
^_^,0
lc,0
so good then still so agressive what the [MASK_B] what your think of your enemy creeps? idiot sf,1
im 2.5,0
i'll commend u,0
fail ulti shaker xD,0
noob picker,1
gank me more cancers,1
hack,0
"carai, vc soh crita vai jogar na mega",0
hi nagga,1
Wp GG,0
how long?,0
"do u like [MASK_C], brood?",1
Def,0
:D,0
es talk,0
ULOL KA,0
,0
mad,0
gg,0
i thoght u dont know how to use powershot idiot,1
and ur support got 8-0-7 it is impossible to win,0
hahaha,0
tenkz,0
omg same,0
nc arrow,0
resume idiots,1
ez duza,1
w8 plx hes my fri ty,0
zzz ZZ y dc,0
having more fun with enemy than with my team well pugna was fine,0
fail,0
gl hf,0
commend me :Q,0
mirana go [MASK_C] yourself,1
ROFL,0
buy more id,0
[MASK_D] u bara,1
=,0
[MASK_C] you,1
lina get huge gold,0
thx for wivern mi,0
dont think they do this axe makes me want to [MASK_A] neck myself,1
DAGGER WORKS,0
GGWP,0
ok ok,0
report alche,0
im still cheeky ;),0
it's easier to buy PC,0
wait,0
why are you clicking the unclickable green dorito,0
lol,0
gg,0
support ftw!,0
u know? john from accounts,0
comeback fail,0
just report,0
4 vs 5 ... :S please leave,0
report enigma,0
verde <3,0
ggwp,0
:v:,0
gg,0
your just a burdenb,0
GG,0
lol?,0
hi [MASK_D],1
GG,0
lel gg,0
ez,1
LOL LOL,0
gg wp,0
great moves ethan keep it up proud of you,0
gg mid,0
nah its just 4k too easy,1
No Report Axe He has BFury And Silver Edge,0
dont blame him,0
pudge or paper??,0
:D,0
no sir im talking with drgaon slayer es,0
what ? lol,0
?,0
fak soul ring man this am so [MASK_A] runs from a lvl 6 medusa,1
pray wr,0
is a desease,0
coment support please,0
stfu ?,1
back t0 1k pa,1
gg,0
mid lost vs es with decent support,0
lol rip :(,0
ahhh okie,0
russtard,1
[MASK_A] my nbooob tam !!!1 1k mmr players rep[ort storm pliz,1
ez game ez life,1
Then don't defend,0
remember when this coward riki said to report pudge always turn on your own when thigns get tough,0
hahaha its worth it,0
GG [MASK_A] this,0
huehue,0
ez all game lol say bye to ur mmr then?,1
GG,0
wtf,0
ty storm,0
gg,0
dumbest sf need bodyguard to win mid,1
broser,0
hehe,0
tuskar noob muted.,1
ayy lmao,0
haha,0
daaaaaaa,0
?,0
rekt AM,0
jaja,0
wp kunka,0
pause,0
commend me ty,0
im not into old guys sry,0
WAIT MOFOZ,0
np i dont blame u,0
gg,0
cant farm on top,0
gg wp,0
good player,0
combine 42 deaths,0
how the [MASK_A] do you get arrowed uphill like that,0
us good>u bad,0
haha,0
wow NO WARD,0
REPORT LION LITERALLY JUST WARDING AND NOT HELPING,0
GG WP,0
kawo kaw,0
+,0
lucky ? u are noob,1
[MASK_B] ez WR [MASK_B] u,1
:),0
AND,0
haha HAHHA HAHAH HAHAHA 5 account buyers?,1
xD,0
CHTO CHTO CHTO,0
courier,0
mahhhhhhhhhhhhhhhhhhhhhhhh,0
i wont 2 duels reatd,0
fight with 3 ussles hero [MASK_A] 1000 hp mid carry 900 hp,0
GG,0
REPOR T RUBICK,0
3 11 hard lane,1
ahhah always a draw,0
p;s 2 min,0
:D,0
Gl next,0
gg,0
yes its not possible to win with these cores [MASK_C] proves mmr means nothing with this 5.5k slark,1
last word sf?,0
bg team of mongoloids,0
games already over,0
vroom vroom,0
?,0
cs On ],0
end alche useless,1
die zeus,0
0 5 WK 0 is for your IQ,1
Hayz,0
gg 1k bets,0
go def tink and spec haha,0
nice am,0
dazzle without tp :S,1
silento is here,0
reported p.a,0
gank me more [MASK_D],1
to be honest this mid is horrible,1
emnd,0
hes dead any way lol,0
i dont know why noobs take mortred,1
end,0
hahahah,0
good for u our am is [MASK_A],1
MY CLIFF MY CLIFFS,0
[MASK_D] AF AND DREAM COMBO so [MASK_B] Ez af,1
boom,0
omg pro,0
?,0
gg,0
gg IDIOT CARRY,1
joke team,1
2 mins,0
ez,1
how this fv get fat,0
:D,0
hes with us were party hes coming,0
ok,0
pakyu,0
lol,0
i avenge myself hahaha i avenge my selg,0
game was hard,0
wow,0
report clinkz ty,0
}aoxaoxaoxaoao,0
reason,0
1k,0
xD,0
WTF man,0
I dont its a fkn doom,0
ROSHAN,0
well thats a RQ,0
doom me nice,0
ez off,1
gg,0
ez,1
ya tumbaron todo xd,0
mga tsambahero heee mga tanga hoy,0
lol,0
u got me guys,0
Wtf,0
lol,0
IF U WANNA GO HIGHHHHHH gimme a pair of yeezys [MASK_A],1
your talkinga bout your self ?,0
he's leave,0
Same dc friend dc [MASK_C] noob,1
[MASK_B] youi,1
kyxy KYXY MA,0
who scratched me,0
report blood report dk,0
anything gary clark jr?,0
gg,0
hi,0
he always kill quiter what a dirty,0
report lian all,1
who knos ?,0
we could'nt win this if it were a 2v5 not with this craptastic team,1
i gave u rapier wr come bot i give u rapier,0
end it now,0
xDD,0
bl,0
game so hard,0
GG team is DUMB as FUK,1
wait rc,0
XD,0
commend him,0
ez game ez life,1
miracle spare us,0
akowokwakoawo,0
w8,0
sayang,0
its good,0
sure my ault fault,0
NOOO i want the game so badly :D,1
not denied ? omg nice team,0
"leave now, without doom we win ggnore",1
holy [MASK_A] they r not coming back,0
they run all in ur hooks so easyx,0
......,0
ok im back,0
kk go,0
stop diving then,0
just playing dumb with ember and noob sf,1
Cac ban co thay soi dong k a,0
u played well,0
gg,0
But you just died :(,0
fEED PLEASE,1
nice ulti waste on one its only riki...,0
finish u r tower,0
gg wp thanks team what happened to [MASK_C] bear,1
ahahha,0
se fuman solo ahhaha,0
MOAR MOAR,0
GG Good keeper,0
ty bro go [MASK_B] yourself,1
gg wop,0
BAITED,0
LMAO,0
commend me tq,0
not waiting 30 mins for a retard to reconnect,1
17,0
oh ur the afk anti mage ? lol cant remember,0
"doom has horns, therefore he lies.",0
ez,1
dota crash,0
1,0
40 MIN BM DRUM LETS FLAME INVOKER mother fucker,1
its over. end it,0
no i wont,0
like ember,0
hes feeding now fuken great,1
omg,0
:(,0
7-Jun,0
STOP UNPAUSING? 1 tp from a single retard game ending im attacking moving to your fountain until retards wake up,1
gg,0
ty,0
lose lol ogre report?,0
o,0
3 vs 5,0
sos,0
what noob ? talking ?,1
to fast lion ?,0
gg wp,0
g,0
?,0
gg,0
easy mid,1
i think slardar is the problem,0
time 2 punish,0
Easy ..,0
vpn,0
no sup here ez game for you i bought courier still no wards,0
damn son,1
how long,0
end,0
ggwp,0
ez game,1
gg wp,0
gg wp team,0
retard,1
soo soo very carried,0
<3,0
?,0
oh well,0
because of bad picks 1 sup,0
SADEST AM EVER I SEEN MOTHER FUCKER,1
commend me,0
get baited,0
k intro boyus,0
3pl,0
you [MASK_A] [MASK_A] getting carried,1
report ds pls,0
"what, me not pressing r",0
?,0
ez ez ez mmr,1
nice ward stupid,1
o.O,0
Lyin on the water as u did?,0
am is so upset,0
GG TRASH VENGE,1
5man chrnoo hgrsoiuherjs go,0
haahaha,0
zz,0
y not me,0
xD,0
SHUT UP [MASK_B] NOOB !,0
T_T,0
nice try again,0
life,0
wp,0
la gg commend :p,0
my power cut out,0
why u take bash retard,0
i reported,0
haha ok u win comeback,0
welp gg,0
IO [MASK_C],1
Hahhahaha,0
? IS THAT WHAT YOU GOT ?,0
report,0
u can win just pray,0
btw,0
no,0
:)),0
raped on ur fountain ohh men ez,1
ck dont crit me plz,0
don't buyback yet,0
GG,0
I know,0
thats the point,0
....,0
es u like memes ?,0
gg ez mid,1
we don't need luck we are pros,0
ty,0
how long ?,0
that was not the same !,0
GGWP,0
a lane with WD never safe,0
smoke is no good,0
|,0
Report purple And blue both of them,0
[MASK_B] wake up ur idea,1
you are the aadu of spectre,0
Was you,0
stay in fountain?,0
xD,0
gg,0
noobs ulol,1
Nah,0
Ez,1
fast recon,0
butuh,0
rofl,0
my team afk,0
gg wp,0
haha,0
:D,0
hate mid more,0
,0
Ez game,1
blackout we don;t know how long it will be,0
aw,0
what a cumbak,0
BAIA BAIA,0
ppl being nice to you and you are being [MASK_D] douche,1
gg,0
lol riki,0
He reconnect?,0
sniper lost game for them gyro sange yasha 13 min,0
AKSDAKJDSJKASKDJA,0
gg,0
haha weak team,0
wp,0
ye tusk reported feel free to do the same toxic [MASK_D],1
gg gg commend,0
like ur so fast i feel like if everyone was 5.5k+ u'd be losing super hard thinking like 10 minute game,0
Pls 9 reports for lion pls report at braindead [MASK_C] noob For trying to ruin the game,1
SAD,0
he [MASK_D] lost us this game cause we had no carry,1
noob speccccccc,1
lol,0
WOW WAS I WORTH IT SD ??,0
2v5,0
still enough :o,0
Gg,0
? [MASK_A] u,1
ty,0
alredy done,0
tell us you wanna restart man... dun jus pause =.=,0
Gg,0
STUPID GAME,1
GG,0
Ez nice kill steal,1
ur so wrong meepo,0
meepwn,0
storm die to ta for rampage ! YES,0
nice wind,0
gg,0
well greenm,0
please wait for reconnect,0
!,0
I SAID BEFORE DONT FORGET PICK SUPPORT DAMN NOOB 2KMMR,1
did i get ur bottle?,0
so rage hard? [MASK_D] retard,1
im gay so i wanted a hero with meatballs,1
[MASK_B] typical players,1
g g,0
report feeder invoker pls,1
ok np,0
ez game,1
that hook @@,0
once or twice its ok,0
so i can 1 hit u with my ulti,0
XD,0
sorry too ez for me,1
!!,0
u [MASK_C],0
no [MASK_C],1
[MASK_A] [MASK_A],1
NOM NOM,0
you can kill invo whenever you like,0
GG FF i afk lets finish plz,0
haha,0
:D,0
ddos (-_-'),0
...,0
"fairly sure that was a rage, no?",0
was sniper ez mid?,1
rawr,0
:D,0
so,0
retarded axe and qop.. gg..,1
got u jhahaha ahahahhaa,0
EZ,1
wp kotol,0
fcking retard,1
ayy lmao,1
spectr u noob,1
wtf is samuel,0
gg,0
lol,0
we need to cancel your ulti. hehez,0
report sf,0
violado,0
Haha,0
4Head,0
ez mid commend me,1
EZ,1
porra perdi 400 de mmr nessa semana kkkkkkkkk,0
gg,0
whahahaha,0
yup,0
help dota,0
Deluxe - Pony,1
ez 0 10 haha,1
hahaha,0
im the mushi gor,0
ggwp,0
this one's real catchy tho,0
Like a Tacos <3 ,0
its a draw,0
greedy is good,0
?,0
wooho ez,1
,0
noice ward didnt see that,0
7,0
gg,0
everyones so good,0
lc ok ?,0
wait storm,0
ggwp noob,1
LOL,0
ok sec 6,0
its mmr,0
ROFL,0
edi wow ss,0
he speack with me in phone zzz,0
what somali am i robbing for it,0
YOU SUPORT,0
tunnel vision,0
whos gayer than riki? slark.,0
wp wp,0
go finish im afk,0
:)),0
noobs,1
nice doom brah,0
rekt,0
afk ff please,0
gg retard team,1
you are one of them,1
ty,0
secrets gonna fuckign run over the world,1
end la,0
sick reference bro,1
TAKE MY [MASK_B],1
lolk,0
bad game,0
they all pussies,1
gl hf,0
gg wp,0
"k.,k. ufhm",0
gg,0
haha,0
4v6 ?,0
antimage have bf ?,0
Lol lol pudge,0
lol alch your such a noob,1
rekt gege wepe,0
))),0
well just saying,0
ahahahahah,0
"these 2 , sooo heavy",0
haha LOL riki!,0
f 9`? my pause is on G but kk,0
u can finish,0
ROSH IS ERAL,0
gg,0
annoying af,0
my team buy gem at 52 min we can finish at 25 min,0
ggwp,0
gg report sf = comend,0
DASjklpfsegscg][ FKINNNNNNNNN MEDUSAAAAAA fjuck uuuuuu,1
:c,0
g gg,0
no need,0
gg wp,0
u cant even have cs,0
ｌＭＡＯ,0
?,0
poor axe,0
mid throne,0
the sven talking,0
wtf,1
haha,0
Log-in [MASK_A] haha,0
lack of carry haha,0
L@L ya,0
smg?,0
hahaha,0
literally looking at steam profile now scrublord,0
sure pudge?,0
322,0
NICE BB :D,0
gg bs report pls,0
kak dela,0
door,0
xD,0
well [MASK_B] u necro,1
no ty,0
supports without stun are beyond trash tier,1
get carried more boii,0
[MASK_C],1
ez gg repoc lc plz ty,1
:),0
NICE,0
ez mid,1
lolz,0
IM MORON ONLY PHASE BOOT,1
ghhahhaha miss,0
what was that? hehehe,0
ggwp,0
WPO ! MY CUTE PL,0
:D,0
ez game ez mid,1
ENGLISH SO BADLY,1
he didnt have enough items with free farm bot and all towers down before 20 minutes,0
DONEE,0
loooooolll fcukin retared mid fail mid 35 min only orchid,1
i hate dying lmao stop focusing me,0
just saw u,0
:/,0
i came from LoL,0
gg,0
spectre pro lol,0
waaaaaaa ez coins pick bh still lose,1
ff plz,0
yeah slow item,0
kappa,0
DO FOR EFFOR,0
kingg,0
BLACK [MASK_D] BAR,1
this is a good game tho,0
lol,0
hows having 4 hard carries workin out,0
better than stay,0
wp alc,0
ALL OGRE,0
XD,0
:D,0
#NAME?,0
no problem,0
EZ 4 me,1
yo we gave up,0
ez mata,1
or what?,0
AAAAAAAAAAAAAAAAAA [MASK_A] MY DIIIICKKKK,0
i second what dooms saying,0
gg,0
,0
~,0
come on 4 x 5 isso fair,0
wait,0
gg,0
lol,0
rekt,0
OMG OMG,0
100 worst sf,1
ty,0
noob,1
OH SHET WHAT HAPPENED TO THIS GAME PLS EXPLAIN OH SHET SHET,0
please hahahah commend me please,0
hahaha,0
nenado qop,0
run for ???,0
yes i [MASK_C] the game sorry,1
so do i,0
HES HERRREEEE,0
Thats all,0
go lafe,0
EZZ JAJA NOOB??,1
?,0
[MASK_A] your grandmother,1
how long?,0
wow thx help,0
noob dazzle,1
gg,0
? what?,0
lol,0
:D hahaha,0
lel we got rubbick,0
please pasie all of the map is error,0
lol we pinoys fuckers ez game,1
gg,0
,0
R u benjaz,0
ff,0
ez,1
0,0
:P,0
ok dude,0
HAHAHAH LYCAN,0
undyingpicker lame,0
noob jugger,1
it worked.,0
come back is real,0
u mean like what the radiant doing to us literally,0
gg,0
tilt?,0
can u please STOP TP AT MID GG,0
(999,0
[MASK_D] this vs,1
he can speak some english,0
[MASK_C],1
you ran away from me,0
ok unp it?,0
WOW GG,0
slark unpaused (:,0
GO THRONE,0
hei invo when always me why*,0
LOL,0
)))))),0
g,0
he believes he is good,0
he is coming u fool,0
?,0
i count for 5,0
poor af,0
3 times,0
?,0
w8 ty,0
haha ya,0
wp stupid,1
lol idiots,1
gg alche [MASK_B] badly,1
ggwp,0
blackhole is so cool,0
for?,0
thgis [MASK_C] team,1
gg,0
guys why you not back,0
lol,0
haha,0
yeah eat that,0
sadist,1
i feel like playing dusa,0
haha,0
ez,1
"but he didn't [MASK_C] this 3,6 fucktard no wonder 3.5 is better",1
0 CD SB?,0
z e z E Z,0
ggwp,0
hmm,0
ok na nice bait boys,0
ggwp,0
lalalala hahaha,0
NOOB PL,1
report my team ty,1
not now terrible moment to pause fu,0
???,0
nice ;),0
AHAHA,0
vuz farm mid cho nhanh ne,0
lol,0
gg,0
i like naix's build,0
im just want 2 tango at start,0
e,0
ching chong,1
nice team ez mid,1
? XD 0 fucks given,1
GG,0
t,0
gg,0
doom yebok,0
that hate ^^,0
wirht? ,0
lol,0
g?,0
[MASK_C],1
OSfrog LE BALANCED FEMALE ROBIN HOOD OSfrog OSfrog LE BALANCED FEMALE ROBIN HOOD OSfrog OSfrog LE BALANCED FEMALE ROBIN HOOD OSfrog,0
almost there connecting to steam,0
you have ally therer see you bad slardar,0
"they were always bootcamping, the mineski guys afaik",0
ggwp,0
ggwp,0
gl,0
I will ofc,0
gg,0
gg puck,1
Dead,0
catch me nooooo twitch.tv/slvrdota,0
lel,0
Finish,0
no glimpse,0
then you're not a real farmer,0
END MID,0
gg wp,0
wew,0
why when i play ~6k average,0
:D,0
rekt sf,0
ez brain.,1
ww wp,0
counterpick?!?!?!? WTF?!?!?!?!,0
gg ez game,1
ty,0
pro ES,0
:D,0
gg,0
report am plz,1
no,0
dodge the game gg,0
gg,0
dear how much mana do u have,0
wait then haha,0
gg,0
im lag,0
noob this team,1
yer gg,0
overplay totaly,0
void report,0
ok buy divine please,0
I thought he played great,0
me gud player,0
finish,0
like .l.,0
afk,0
want kill me .~,0
stop playing it,1
hahahhahahaha,0
techies 'nerf' unlimited bombs lewl,0
remake,0
lol,0
"yeah, totally rekt mid",0
ez mmr,1
Lol Do youknow him?,0
i cant even express mysefl,0
whats up dude,0
"very ez will see later, disra?",1
trap got back in your face :D,0
:D,0
rs,0
reported go to low prior,0
,0
recotnra izi ese mid reporten sf pelase muy mierda,1
"COMMEND INTRO.,!!",0
my entire team is just flaming,0
this might be the match of the century,0
ty,0
silencer just op haha,0
"ahahayeah i am real , james is real",0
^^,0
ure mad thats all,0
:),0
lol,0
wait,0
that's cause we used 7 ulties on you at once,0
ggwp,0
,0
wp,0
next century when no1 plays this game,0
)))),0
so useless AM,1
gg gyro,0
...,0
lol,0
what?,0
report this noobs end,1
aHI TA P,0
bye yoshi sorry bout sk,0
gg,0
game doesnt count if he doesnt reconnect anyway so,0
gege,0
GO FUCVK UR MOTHER,1
he likes to watch the play see what is going on,0
eZ MID,1
LOL,0
Gg was fun 1st time huskar,0
comback come* CUMBACK brazzers,0
our lesh gets 13 free kills hahaha and he [MASK_D] [MASK_A],1
jugger also bad D no lies,1
ty for shell,0
you too hahaha,0
so lag,0
nice manners are you chinese ? no wonder such a shame they lifted the one child policy,0
EZZZZZZ,1
thats a long shackle,0
ez mid ez game :v my tame blame my bf JAJAJA,1
bye,0
15 level hahaha nice build haha no carry buld haha,0
9 10,0
not like we can get him twice,0
thx for game anyway,0
rc'ing 1 min,0
Hahaha,0
[MASK_C],1
global,0
0 tps mid,0
thanks me too,0
ok noob better? xDD Stop tilting,1
lol,0
wp sf,0
that manta play tho,0
you played [MASK_B] as so did he,1
luck is not an excuse rofl,0
mortal kombat :D,0
1-17 he [MASK_A] to me,1
hahaha,0
ggwp,0
okay we lose they want lose ...,0
thanks,0
hello,0
rc soz,0
ursa haha,0
gg,0
how do i learn to get team mates sucking my [MASK_B] mid,1
pause?,0
10 mile shackles,0
lol,0
CLOKC,0
terrible just terrible,0
sad spec noes cape for him,0
jesus u play like bots,0
pa pa more,0
?,0
[MASK_B] grandpa fell brb,1
COME AND FIGHT ME 5 4 3 2 1,1
ez my [MASK_A] this ta chicken,1
w8,0
venom afk,1
[MASK_A] off guys,1
pls 9 reports for lion for ruining game on purpose y they smoke to feed,1
haduken,0
COLD SNAP,0
haha,0
my team to pro ember pick hahahah,1
omg,0
bg Ez [MASK_C],1
.... ++,0
gg wp,0
bye,0
ya i now,0
so mad,0
+,0
ez,1
ok,0
yer bak at 3k he is,0
:),0
gg,0
lol,0
screaming in mic,0
veno how can u talk rofl,0
feeding too much,1
YOU SURE?,0
:),0
screw off,0
mi runa please ok ok,0
wp 3k gente,0
hi,0
gg wpo,0
3miss,0
just leeching xp,0
ggwp,0
report orange he will go medusa ancients gank him pls free kills pls end it fast patetic kid,0
???,0
HAI AM CAO NI MA LAPSAP YOU MOST,0
"feel the pain im 1,1k",0
how dare you take funnik's name and play like taht,0
report spec,0
stfu,1
gg,0
gg,0
like stay with ds??,0
:D,0
RAT,0
gg,0
ur a [MASK_B] 15y kid arent u,1
?,0
lol,0
EZ GAME,1
End quickly So PA can go ruin someone elses game too,0
?,0
50%) (,0
tusk can only carry ur fat [MASK_D] so far,1
he loves elvinskin,0
"sorry,b ut he need 2 min more dota just crashed",0
commend my team,0
i dont trust ur team,0
NO !1,0
got say wrong?,0
ur happy now ? last game 4-14? [MASK_A]?,1
glhf,0
double divine worth,0
tang ena,0
ggwp Frere pts,0
haha,0
so if u were dc we should have resumed gyro,0
HAHA,0
"nah his invis move, even team mates cant see him",0
wp you have beaten retarded omni,1
dont def then ...,0
u like this sf?,0
im calling hacks Plot twist: Huskar is jesus he killed himself,0
nice ._.,0
wtf,0
why alyway hit me what did i do,0
WOW LMAO,0
how not to gank hahaha,0
gg,0
10 9 8 7 0,0
NICE TEAM,0
commend me ty,0
He good just bad ta And wards we won from wards we won this times*,0
sucking noobs fast end it,1
un ursa nob,1
legion afk,0
gg,0
wp invo & rat,0
you can thanks tusk for throwing,0
"you have like, 4 cores, but no jungles",0
Slam dunk,0
yeah i can die now,0
GGWo,0
Puck threw the game,0
end i wont help this is the most noobest alche ever,1
worst pounce,0
gg na? yes gg for u magnus,1
comeback,0
please wait thanks,0
gg,0
necro still salty about [MASK_A] in mid?,1
did u alrdy ban me? noob? im waiting faster plz,1
HEY SEE THAT GREEN DORITO THAT HURTS WHEN YOU TOUCH HIM WHAT WE MUST DO IS CLICK HIM FIRST,0
ty,0
q muy pendejo,0
prepare for best juke ever,1
gg storm game ruiner,1
first time dota,0
gg noobs,1
only team work,0
am dat pussyh farm all game for that ? or russian,1
hahah,0
slark was the reason we were till min 71,0
[MASK_D] lion,1
i said top zz,0
WHY?,0
lol,0
yeah,0
nice trade,0
2000 gold how much do you have now tiny,0
thats bad,0
pick PL > pick ES,0
wew invo duel,0
go,0
lol,0
cuz you tryed to be a bad boy :D,1
Haha,0
report our carries noob carries stfu dombshit,1
thanks ty,0
.!.,0
lol,0
K,0
where u atm,0
aw,0
bye bye blank :(,0
blood mid useless,1
ops thought you ran out of detection,0
? EZ MID,1
Haha,0
hehe,0
new meta jug no feet,0
okey good,0
i will give u ss for es,0
menya iskal?,0
anyway i commend if u report wr,0
[MASK_A],0
gg end fast :c,0
sooo ez,1
wat,0
yo,0
no this team got noobs,1
noob team mfs,1
pff report plz intentional feeding,1
my donger is ready,0
either way i die to es,0
u too,0
gg,0
gg wp,0
noob qop,1
gege carry top(,0
rolf whos feeding with cour ?,0
GIVE ME PLS,0
[MASK_C] off zeus,0
okidoki :::::::::::::::::::::::::::),0
plx,0
the sven talking teh sven not talking the sven not worrying that hes losing the wk thanking the sven for ez mmr,1
EZ GAME,1
[MASK_D] U,1
??,0
ez,1
yeah end fast,0
GG WP what the [MASK_B] invoker?,1
wot,0
special io :P,0
bug,0
hahaha,0
GO FINISH,0
ggwp,0
TY,0
ez,1
good game,0
***N I K I T A*** DOWN !!!,0
what happen to AM?,0
@@,0
?,0
?,0
bh Don pick bh to counter me uuseless just sentry,1
Dat sb,0
LOL,0
ez,1
gg,0
EZ.,1
forever lag haha it wont stopd,0
pls report invoker,0
SEE? I CAN DO THE SAME rubick just to stronk im carrubick,1
2 time ),0
+25 i will tell my mom i won against an alche Pls la i beg,1
ez 500,1
RIP,0
you are super fed,1
yes,0
g ty,0
My effigy,0
noob ursa over confident,1
ez,1
ggwp,0
dont rs dont run,0
[MASK_C] arrows,1
DIFUSAL 0 :3,0
silencer,0
9,0
He fail GG,0
g-goblack Ez,1
oh [MASK_B],1
THIS GUY BETTER KEEP PLAYING DOTO WHEN BOSS CALLS,0
u did this,0
harder,0
WHAT,0
remake boiz,0
gg wp..,0
4.2,0
lmao,0
picked to counters,0
no u dont u will suffer and your teammates will blame u,1
do u have downs ro something,0
thx,0
LOL,0
=)),0
gg,0
why me >_<,0
end pls,0
LOL,0
ggwp,0
bye,0
ez ez,1
dedication,0
noob teammate,1
sjwsahashbas,0
HAAHHA :DDD :DD:DD :DD::D:DD,0
pro,0
i remember u had a hard time at mid,0
see level???,0
sure,0
menya :3,0
can we end,0
4-16 alche Still talk omg,1
predick,0
gg,0
[MASK_C] team DIe pinoys,1
10000 won,0
???,0
GG :V,0
wp qop,0
ok we no push,0
no [MASK_D] u u wanna go,1
EZ MID,1
i accept your surrender,0
nu yun,0
run?,0
i have lion muted,0
am noob,1
so noob,1
but thus the game is fucked,1
rage out,0
i have a lol acc 8 level,0
[MASK_B] u,1
wp,0
fcku rewtar dead noob,1
EZ LINA,1
cram it 4 eyes,0
gg ez,1
r u fear from eg ?,0
nah ur alright son,0
okay lang,0
dont know :(,0
stfu undying,1
he randomed? xd,0
don't dc there your issue is settled,0
just end straight dont btm pl,0
byebye,0
then find euw server match and [MASK_B] [MASK_A],1
we waited 5 already kek,0
WOO,0
[MASK_C],1
ur flesh taste like white meat of bird tasty,1
es just sooking lal game legit needs a report,0
or you can just stop..,0
fast ban me Sucker,1
[MASK_D] ez,1
tq tusk for gv me that sb,0
lol,0
ggwp end pls,0
ahhahahahaha,0
swimm dude?,0
KID,1
EZ,1
ff me afk,0
hahaha,0
EZ,1
[MASK_B] Cw so strong,1
yes,0
ggwp,0
its ok,0
^^ yeye,0
hi,0
yea so i dont get fucked,1
Sven stop being a noob pls.,1
lol,0
gg wp,0
E void EZ,1
JAJAJ,0
gg just end can't carry these idiots hard enough wp ember,1
jaajja,0
oh its carl,0
KappaRoss,0
wew sad,0
gg wp,0
wtrf sss? ahhaah,0
lol,0
cute meepo,0
he want put wag w8 sir,0
Are you ok ? b timber,0
he back he say,0
asquitos 3,0
) i have nice team,0
gg wp,0
Idiot void,1
WP commend riki,0
gg,0
YEAH RIGHT KID,1
This monkey lion saved ur abadon when we fought for runes,0
good game!,0
ez mid,1
dont blame really,0
gg easy game,0
we lost already,0
report pa for what? guys did u report brist,0
[MASK_C],0
ok end pls.. ty,0
d,0
its fine dont worry my team is right behind me but they dont do [MASK_A] cuz im plahing with braidnead monkeys,1
pro phonix,0
LOL ur just bad,0
WAS IT WORTH IT? [MASK_C] baboons,0
+,0
sf feed mid auto lsoe,0
magnus is mad,0
end,0
PIDARAS,0
dont judge book but the cover hahahahahhahaa,0
uyes,0
nope u win because we have 0 wards,0
worth it,0
4.5k mmr nice bro,1
gg,0
lagggggggggggggggggggggggggggggggggggggggggggggggggg packet lose 70 % omg how,0
aw,0
is he in partY?,0
aim tower,0
i died cuz dazzle came over,0
damn wtfast not conneccting,0
gg,0
wp,0
yyyyyyy,0
those [MASK_D],1
gg wp,0
?,0
b,0
commends are useless though,0
~,0
just report jugg it was ez,0
; _ ;,0
HOPE WE MEET LENCER,0
2 mages yummy,0
MASAYOSHI LEL,0
ez,1
report clinkz,0
CUZ MIDDLE RETARD FOR ME NO GANK NO HELP,1
gg,0
noob bs,1
haha,0
Sad,0
pls rpeort sb thanks fucktard ruins the game on purpose pls send him to LP,1
uu lkala,0
gg,0
tactical bro ^__^,0
orchid boots done haha,0
gg wp,0
haha,0
[MASK_B] team,1
sounds like a good idea,0
boom,0
im in love with the coco,0
report brewmaster idiot,1
commend me ty,0
ty,0
light you moron?,1
Ggwp,0
CMON PLAYING FUN BUILD CAN KILL ME,0
dont bother pausing,0
wtf,0
[MASK_D] pls,1
fuckiig mad at u,1
whats wrong with tide?,0
www.cucumbertube.com,1
aLL REPORT,0
:),0
damn ez top,1
rough lane,0
sure kid,1
gg,0
1 mnt,0
lion you're such a [MASK_A],1
so ez,1
go secret shop. top np there,0
wk medusa?,0
mlg,0
wp,0
ulul hahahaha,0
noob ta,1
wp void,0
lol,0
fast,0
gege,0
HAha,0
g,0
ez bot,1
go end,0
time to go get fatter on fast food boys!,0
WOW shaker,0
slark just died to creeps 500 mmr gained,0
ez,1
??,0
wp ww,0
well it is an earth shaker,0
ggwp,0
lol,0
mm,0
Legion roshan Kill him Kill him Plox,0
DOUBLE,0
go Nope lol,0
dat cheeckt [MASK_A],1
haha,0
g,0
lol,0
ÓÅç,0
rly? Ahahahah,0
),0
~~ thanks,0
gg?,0
? it's an alch,0
he is dead and done for,0
easy,1
fail doom,1
güzel dive,0
ofc,0
we lost sry,0
gg,0
recomend,0
this bloodseeker is so bad and you guys are struggling. lol,1
lol hahaha,0
lets lobby noob,0
luchshii,0
ff,0
sf bkb gg,0
put into my [MASK_B]?,1
sad,0
ty haha,0
bash ofc,0
|GG I FEED,0
Dude,0
its like she was doing this all game,0
GIVE THEM NOTHING BUT TAKE THEM EVERYTHING,0
probably,0
lol gg,0
nice pick invo u stole my hero u deserve this,0
is back,0
rip,0
Lol,0
its yeeha and friends biatch,0
tq,0
tnx for stack,0
this [MASK_A] stupid sf,1
worst alch au,1
wtf hahaha 5 eh 4 bot,1
Ez mid ez gaem,1
hello batrider,0
what're you talking about you owned mid who designed wr broken as f,0
hah,0
gj man,0
gg,0
It's not nice to insult yourself.,0
Why so ez,1
gg,0
give ulty early plz,0
TUSK CAN YOU PLAY A [MASK_C] BALANCED HERO THANKS,1
yeah i been against one every game so far and lost them all,0
(,0
predict,0
yep ded,0
and the enemy keep resuming :),0
die again team wipe,0
is so boring,0
last 20 sec 19 18 17 16 15 14 13 12 11,0
wow,0
brain dog random :)) i know 4k,1
sorry,0
spec is good,0
w8 for rubick,0
JAJA,0
Ez Gg,1
I AM GAY,0
ggwp,0
WTF?!,0
EZ,1
gg,0
shup up plz,0
gg,0
xd,0
I dont wanna wait 5 min for anybody who doesnt comes back,0
gg wp guys,0
finally its over the suffering [MASK_D] gook team,0
BOBO,0
I SAID IM COMING BACK,0
HAHAHAHA,0
+,0
gg,0
went so deep to kill me now ur whole team dead HAHAHHA,0
?,0
that stun!,0
first win so lets go mega creeps,0
i had to bb twice to defend to,0
when you killed me in rosh,0
:D,0
?,0
ggwp commend me,0
ggwp,0
support so,0
U too,0
lol,0
died,0
login,0
yeah report QoP and PA after,0
lol haha,0
#NAME?,0
dotacinema xD,0
feed,0
LOL,0
ajjaja,0
we sod,0
^ i dont think so,0
gg,0
rofl why u eve typing trash,1
and this [MASK_C] pinoy here SB witch so [MASK_B] dumb,1
lel,0
NOOBS,1
hahha i was looking for my phone,0
thx bro for that agha,0
putangina mo bobo tae,0
i almost rampege,0
ez team = ez game,1
:D,0
noobbb,1
double wipo,0
good game guys,0
XD,0
easy farmlane,0
ez,1
that retarded SF is going to win the game,1
gg,0
reported peru [MASK_D],1
ty invo,0
Ez MMR,1
hahhha huskar,0
I AM CLEMENT,0
fhm photoshoot,0
for the achievement,0
Ggwp,0
neh,0
Stop killing me pa pls,0
12-10 :)))) ez game?,1
omg,0
we have phandon cancer,0
why wouldn't you give it to shadow fiend,0
ez bot ba>? ibig [MASK_A] sabihin bobo kampi mo? tahimik muna si 1k mmr,1
comment me pls,0
glhf,0
kill me,0
where is he?,0
DAUN UYDI,0
NO mid item LAte item Im the men,0
+,0
ez,1
report [MASK_A] player,0
ez mmr,1
sure,0
whattagame,0
Why?,0
uve abandoned already,0
gege,0
Lol,0
gg,0
gg,0
n0t bad,0
ty i commend you too,0
LOL,0
what? ez,1
end thx,0
wanna report ?,0
loves*,0
report that retard,1
ayaw nyu po lumabas e :_ ^ ^,0
wp,0
wow pls nooo,0
That combo,0
?,0
not this russian [MASK_D],1
GG,0
level 3 at 11 minutes lmao all report cm thanks,1
gg,0
such strong qop init,0
slardar pushhhhhhh slardar ds 1v1 mid,0
wood pc no play dota,0
1000 sec,0
EZ?,1
es pause for u,0
jerk,0
reported,0
throw,0
hello,0
LOL,0
false alarm!,0
yeah,0
sk played so good pls commend him,0
T_T i tink he noob,1
we got 3k players,0
report this sniper picker -_-,0
YOU NOOB,1
WTF,0
pa poor,0
ez solo suppp report sb btw feeder,0
EZZZZZZZZZZZZ,0
LOLOLOLOLL come back wisp ya fucken dog hahahahhahaha,1
why comment on a bad kill? obviously lost a lost of games,0
what the [MASK_A],1
no we are solo,0
rip,0
REPORT SS,0
i know,0
never more si devil,1
gg,0
is this 5k? lol,1
stupid bh,1
+,0
ez top,1
tell me how not to flame them,0
ez,1
gg,0
gg,0
,0
gg,0
gg,0
SAD,1
Report Axe,0
ggwp,0
TH,0
ez,1
paper husky,0
i wait u charge me very long alreayd charge me kill me dun kill my team mate,0
comend tide,0
this is where we lose the game wow how did i know !!,0
i have a wings,0
OK,0
mirana :D:D:D mppb :D,1
he just quit,0
im reporting you gay naga,0
[MASK_C],1
lol,0
gg,0
gg,0
does weird [MASK_D],1
with uselss Ppd who rotate at all lanes and all lanes feeded like u ON bh On whole games,1
closes soon,0
y me!,0
bad boy,0
? ,1
"a,kolakaoaw",0
b top hahaha,0
go,0
worth,0
doono,0
ME TOO HAHA,0
he came back remember,0
this is so unbalanced [MASK_D],1
g o o d t r y,0
Commend gyro invoke reprot sf,0
fk ,0
ez,1
and ?,0
LOL pa got cooties,0
he wants to ruin u will see he went out of game,0
nice,0
gl NOOOOOOOOOOOOOOOOOOOOOB..,0
easy game.,1
trying,0
wow,0
gg,0
gg,0
gg wp,0
shadow urn helped a lot commend shadow urn,0
gg,0
banned for what lolz,0
hahaha ty,0
gg,0
i was afk,0
this slark keep slark and aa keeping talking,0
end fast we want quit,0
Say What??,0
we let you end only slark and sf def,0
AHAHAHAHAHAHAAH,0
lag dc,0
salt our spec vinegar,0
commend sk,0
SAD TEAM,1
he leaves?,0
wait stupid stfu and go,1
ez,1
you will know,0
ez,1
Test,0
ok,0
GIVE PLS,0
this es,0
cRY MORE LA pinOYYYYYYYYY aW sO SAD loST DA GAME piNOY,0
85st.com,1
come finish WE got 30 mins sb slark,0
report who said that please,0
jsagdhjkasgd,0
ty,0
did it abandon?,0
ez mid ez carry,1
?,0
keep trying,0
gg,0
"ez retarded invo mid farming, ez retarded lc midas",1
thye for sure care about u wr,0
clearly i deserve to lose with these idiots so gg,0
techhies ftw,0
i dont know,0
waw huk like dende,0
gg,0
10 vs 4,0
gg newbs ez techies,1
GG EZ void,1
go away,0
all of you 20 hp,0
gg,0
Sec lag omg fk u ta,1
XD,0
wp,0
NO noob storm HOHOHHO,1
I was impressed by 8min BF,0
easy 25 shitttt,0
gg,0
omg,0
how come we are retards now?,1
gl gl,0
it's in the baggg!!,0
dont forgot to report and mute tb,0
whaty,0
ok,0
MORE DAMAGE DUDE,0
i hate you cunts,1
5mnt rc PC,0
saad team naix and slardar too stryong,0
:D,0
STOP,0
omg GG WPWP,0
1v1 me,0
really ?,0
ops,0
fail u carry,0
tnx Sec for my friend,0
overexcited,0
gg creeps HAHHAHAH lol,0
gg,0
u trash,1
haha,0
end pls,0
how long?,0
me duel dmg please,0
LOL,0
ty guys,0
[t[ heh,0
DREAMING,0
EZ !,1
wew,0
oh [MASK_A] wp,1
g,0
gg,0
goodgame,0
Ca can u stop complaining?,1
noob is noob Stfu,1
come wan kil me come mid Thx i throw now,0
lol hook,0
EASY DOTA PORFAVOR REPORTEN A ESA LINA Y A ESE PUGDE PORFAVOR comento A QUIEN LOS REPORTA,0
duo,0
ngenge,0
ahahaha,0
its a good jam,0
pfffttt my goodness,0
retard,1
omg I feel bad abt myself,0
BOOM,0
4,0
yeah Ez mid,1
may be org out to call CW,0
gg wp commend me plz,0
one week?,1
[MASK_A] u,1
GG THE PRO ES,0
bye noobs,1
doom will come online soon. Then we are in a bit of [MASK_B],1
comment 3 support,0
lol,0
no [MASK_C] off,1
ur [MASK_D],1
wp bro,0
woods,0
nice STUN WR,0
M7,0
hahaha,0
and?,0
HE'S TOO GOOD,0
ENIGMA FIRST ITEM MEK,0
kill kill slark,0
thanks for implying you're not great in getting the combo off just us beeing feedy,0
how the [MASK_B] did you all get so farmed,1
hah hah,0
rpoflmao round 2,0
ez,1
no alch :) xD no doom xD,0
why did you offer a aegis?,0
[MASK_D] your sister invoker,1
gg ff,0
die [MASK_C],1
all hail meepos lord,0
dead,0
fun game gg wp,0
i [MASK_B] ur mom boom,1
i said you are talking like one moron,1
nerds,1
gg,0
gg,0
Gg,0
thats our spare,0
comeback,0
sure lobby,0
Not a problem,0
Thats a suicide not a teamwork :D,0
this is how you buy back,0
space jam,0
sure,0
thanks for the heads up,0
lol 1600,0
|gg wp,0
noob dk,1
:D,0
some one can't play without invis ,0
26? lol,0
gg wp,0
Gg wp,0
xD reported? for what? ls retarded,1
ye,0
[MASK_A] u asian,1
also #calculated,0
hahaha,0
LOL,0
he just wants to dagon his mother,0
lol,0
SVEN,0
gg,0
INVOKER IS QUAZ WEX FAIL,1
gege,0
Shhh,0
Sec pls,0
that is just sodium,0
baited,0
erdogan for the win,0
OMG,0
pa muted,1
GG WP NOOB WR,1
offline 5 mins ago,0
solo queue doesn't mean you canoot get a party of 2,0
EASY? LOL 44 MIN,1
donno duel? xD,0
he was already muted,0
easy life easy cc,1
?? lol,0
haha,0
Ez invoker team suporte ASDJSADUHHDAS,1
go? gl hf,0
:D,0
wew,0
gg guys,0
noooooooooooo,0
GGWP,0
gg wp,0
gg idk how slark got so farmed,0
commend pls,0
you,0
i will get u a dr,0
LOL jugger rubic watch us fight for 1 min and u want us to report potM?,0
K,0
storm blushes,0
im not going there wtf guys,0
16 bit os,0
WAIT,0
eZ MODE TEAM FEEDER JUNGLE AND PUDGE OFF mIRANA LEGION MID + INVOKER NOOBS,1
=)),0
O..,0
[MASK_A] player locking mid = always good,1
END :D hahahaha,0
lol,0
hehehe,0
STUPID NYX DONT MIND IF THEY HAVE GEM STILL HUNT,1
i dont have time for this.. how long?,0
hello there,0
counter?,0
cant plane leaves in 10mins,0
PA GOT 27MIN BFYRT u lo-st,0
lol,0
gg,0
pudge noob,1
he will be back Relax,0
HAA HAHA,0
finish ty,0
ez mid,1
how long,0
why even try,0
ez ez mid ez life,1
gg,0
:),0
im with 2 burdens idk how to describe the level of burdeness,1
mid so horrible look that zeus,1
WAt,0
"nvm, sry",0
die [MASK_D] F9,1
[MASK_D] STOLE MY BIKE,0
gg,0
wp best lanes ever,0
?,0
xD,0
no u nas ewe i aba i lc ewe i qop,0
wtf,0
radiance? pfft,0
waite for him need rec bug..,0
:),0
bash,0
[MASK_A] this game,1
I don't think there was a single sentence of real english that game,0
wp,0
ez,1
lmao this tb,0
then we fcking solo mid,1
Gg,0
Gg noobz,1
iwas pinging him long ago so you should've died way earlier,0
nc try TA,0
why this enemy to easy?,1
end,0
alliance wins,0
all you do,0
[MASK_A] hell with pauses,1
not to good just average,0
jesus christ GO BACK TO UR [MASK_A] PERU SERVERS,1
i dont want rune just want only u,0
gege,0
$,0
easy sorry as meant for team chat,1
rofl;,0
ggwp C U N T,1
ni hao,0
i command you to [MASK_D] my [MASK_A],1
i know right,0
gg,0
LOL,0
CANNOT USE TANGO THEN I SAY,0
care et ags,0
ynf,0
[MASK_C],0
autis,0
commend,0
lalalalal,0
+,0
LOL,0
AHHAAH dUMB,0
noob my team noob fak u,1
i would quit after that fight,0
YIYI,0
jajajaj'',0
lol,0
5 games lose . still wanna play invoker haha this is why you dont let toxic noobs play mid,1
"Beautiful girls all over the world, I could be chasing But my time would be wasted, they got nothing on you, baby Nothing on y",0
Y,0
hay madafaka noob nyx,1
let me jungle in peace! and finish,0
#NAME?,0
try and ill msg you,0
look i have sb i wont die ever or not,0
lol,0
ez game,1
hi slark,0
WE R NOOBS WHO MISSIS THAT ARROW? LC NOOB,1
AHAHAHA,0
good slardar and viper pick ur actually probably like 3k,0
i have [MASK_D] to feed,0
gl hf,0
gg rep axe,0
alch needs to stop drinking he seems angry :(,0
ez,1
muted bye,0
#logic,0
SO EZ NEVER A DOUBT,1
=),0
gg fun game,0
lol slark thinks hes good,0
Why run,0
i love this team,0
talk plzz fk u noob ez,1
lol yurnero,0
wtf do you want?,0
oh must feel [MASK_D] sf,1
|SHUT YOUR MOUTH ET,0
DEGANCIA BLAT DELETE DOTA am and silencer party trash cans,1
sf l2p go eat a [MASK_C] SF you are a [MASK_B] disgrace ggwp,1
D,0
!,0
en go kill,0
LMFAO,0
cm get feed :D,0
[MASK_C] spec i lag,1
wk thinks radiance would save me from the memes xd,0
GGWP,0
easy game noobs lol,1
lina? not getting out?,0
yes?,0
,0
comeback is real ?,0
LOL,0
do not tp top,0
Necro I am your father,1
CHILL [MASK_B],1
cuz bkb isntenough,0
,0
High rollers,0
come on doom let me 1v1 him he had his fair aegis,0
nice,0
teneg sda we chi,0
haha,0
pro WR dir 15,0
that mis,0
haha,0
gg :),0
yeah,0
ez game ez sf,1
team no buy back,0
GG TERROBLADE NOW WITH TRAVEL,0
me,0
INvok supp pro,0
ff FF ff pls i have a work pls guys push and end pls,0
gg wp ff pls,0
RQ 100%,0
xd,0
who?,0
[MASK_B] u snake [MASK_C],1
noob lc duel,1
its 2k game not 4k,1
report fura,0
lol nice mirana great try real skill there,0
mother fucker!!!,1
worth :),0
.. no,0
cos ur enmy,0
[MASK_A] off ta,1
[MASK_D],0
"Hi Yoshi Where's Mario, bro?",0
,0
s,0
?,0
:D,0
total worth!,0
eZ MID,1
noob sf and wd [MASK_C] bobo,1
hey you know that movie with the guys in the court room What was that called the balck and white one,0
typical bara player,0
Go end,0
xD,0
fuckng noob team,1
plss report,0
not as carry,0
end,0
skadi lel not wise,0
dayum,0
ptmr,0
61:22:00,0
?,0
reconnect sorry pls wait dont act [MASK_D],1
kek?,0
noooooooooooooooooooooooo,0
ggwp,0
ghhaha,0
?,0
we having reatrd qop too,1
He's so bad =[,0
LOL fuckign 3k mmr autsist,1
lol,0
lol,0
bounty got tracked :D,0
only retards pick alch,1
report tiny,0
:L,0
i will commend you if you win in this game,0
waow,0
idrk,0
so noob ggwp bye bye gg ty u ggwp,1
russian mmr is inflated somehow they play like 4k at 5k,1
jajajaja,0
rq 0-4,1
disco,0
rly smart,0
,0
wtf XD,0
just pause,0
pro alche,0
Haha,0
NOOB QOP,1
GG,0
commend the [MASK_B],0
Shut up [MASK_D],1
u are 3k raise that we will talk,1
yeah relax... don;t do it...relaxxx,0
wow,0
if you spam it gets really hot and my leg hurts,0
kay,0
DIE noob,1
nice,0
Did sk plays stand uou for you guys?,0
and ez pts,1
still [MASK_A] peru,1
not surprised,0
+@ +2,0
Gg :),0
GG,0
im fucked up gos of sf no i eam es,1
retard my team,1
nu nu,0
will he reconnect,0
LOL EVERYONE MID PLS ALL GAME,0
miss!,0
BALA,0
gg,0
lol,0
que,0
free mmr lol lol,0
idiot QOP,1
no doom no win SAD tryhard,1
Npn?,0
omg sry,0
gg,0
with no [MASK_D]?,1
[MASK_C] my team is noob,1
that decay tho,0
i wasnt suppose to get it,0
53 kills lose,0
ROFL,0
ROFL,0
nice comeback,0
neutrals op,0
u ok?,0
infidel,0
you didnt even put up wards laning stage idiot,1
ez,1
HAHAHAHAHAHAAHAHAHA,0
i kill all,0
gg wp,0
lol,0
ya cheeky [MASK_A],1
report pls,0
i already have a life but not wating for noting,0
end now,0
DROWWWWWWW,0
gg,0
untouchable OP,0
wp boys,0
lol et,0
stfu np,1
I gave up a while back Zeus got free farm = gg terrorblade,0
ahah wew,0
bye,0
12 inches yours?,0
:(,0
wait till pnkg l;et him abandon,0
meh he was jugg,0
relax that was 5 seconds?,0
OK TY,0
funny gme,0
Heehehehhe,0
lol for feeding,1
hahaha,0
axe u [MASK_B] wk made ur game,1
?,0
first hit bash ofcc :_D,0
gg,0
Deal,0
gg,0
his ulti USED to be slark ulti on somebody,0
ON CREEPS,0
wat u wan lol dazz,0
LC scared me the most... i thought she did fine,0
im back,0
ty riki,0
NICE LC,0
Luck is no excuse kid,0
),0
gg,0
go fight bot rune 1 vs 1 go [MASK_C],1
[MASK_A] off sucker how your farm nice pt 10 min,1
D:,0
meh lost the game when magnus fucks up skewer 4 x in fights,0
intro boy stfu intro boys,1
Dat english,0
report ur fir ta wtf that ta,0
u obv havenet ever played naga,0
GG,0
"if u dont want him ruining ur game, report him =)",0
gg wp,0
you could deny him [MASK_C],1
2 min,0
Aw,0
i have 4 player team fair enough :D,0
gg,0
nh nah forget it useless team all feeder,0
bark much at there feeling pro but not so,0
i dont give a [MASK_A],1
Both guys had to rethink picks at last second,0
wk [MASK_B] gg wp,1
[MASK_B] ice,1
GG my team is great tiny commended,0
sad bot bot pa haha,1
yeh i know i'm with him on skyp,0
please report rats,0
75 mins damn,0
i love you lina,0
worth,1
end fast end med fast,0
sloth what is your naationality?,0
oh there it is,0
sad,0
ty for waiting,0
lol run,0
gg,0
gg,0
redtube.com,1
NOT MAD,0
so salty,1
:P,0
its 60 min game,0
gg wp am,0
ok 10 [MASK_B] sec 881,0
wonder if that went as he planned gg,0
GL HF,0
FACTS,0
jajajajaja,0
Waow,0
1 0 0 what are player,0
[MASK_C] end it pussys,1
u never watch the game,0
i dunno bro,0
they call us the remy boyzz,0
Reort him Plz,0
OKAY,0
nubs¿ ¡ hay lmao peruasno,1
yes pls,0
talk more [MASK_B],1
gg,0
ahah ok bash more,0
HAPPY??,0
FOREST net,0
[MASK_C] huskar,1
gg wp,0
unpause,0
nice counter axe,0
shall we end it?,0
ahaha not ;D leav,0
gg wp,0
biggest [MASK_C] I have seen in a while turns 20 min game into 40 min game,1
gg,0
come,0
Ty,0
XD,0
double ss too op,0
really ?,0
serious?,0
),0
report Morph please,0
ok,0
end,0
louy pd,0
"kk, gl guys",0
sad jugg,0
rot ebal,0
same,0
good job!,0
gg wp,0
actually,0
[MASK_D] you rich no need die i say ./.,1
gg,0
no,0
"idiot ez 3,7",1
GG wp 4v5 guys,0
can u breathe through ur nose thanks,1
yes and?,0
? mad ?,0
mirana afk,0
gg wp,0
WHY SO STUPID SF,1
Really?,0
Oh good,0
comend jug good player,0
thanks to,0
AHAHAHA this ww,0
bye,0
too long,0
vp,0
alche? why sange?,0
cyka,1
why would he leave?,0
xD,0
?,0
XD,0
anyway,0
wanna bet who got that 1 lb,0
fuicken,1
i dont complain,0
Sec pls 30 sc,0
GG.,0
EZ,1
welp,0
ty,0
cant win so you sook?,0
,0
carry me elad,0
D:,0
ggwp,0
thanks,0
de hc,0
put ss on me hey,0
?,0
Ez noob jugg =D,1
? kids?,1
XD,0
HAHAHAHA,0
so noob xD,1
ez voltis zzzzzzz dota wtf dota farm DK hahaha ez farm DK,1
gg wp,0
u let them won,0
rocks can be touched by anyone,0
not for you,0
xd,0
haha,0
mh retard,1
USE YORU FUCKIGN HOLE,1
ez,1
axe go refresher :D we lost anyway :D,0
wasting time,0
:/,0
wait 1 min ga bagay nasad wait lang jud please respect hahaha,0
yeah,0
lol,0
hahaha mirana,0
daun na wk,0
ive made a mistake,0
talk to valve,0
gg,0
how can you dagger out dafuq ?! o.O,0
saw u lina [MASK_B] off will u,1
like 13 AHAHA,0
hahaha,0
jungle is hardest lane the one that is pve,0
EZ ALL EZ MID eZ GAME sf stay 10 creaps for 6 min,1
.,0
rs,0
EZ,1
}WOOO,0
OMG 3 MID U NERDS,0
dun mad,0
M888 i own your ta,0
ok,0
why still def,0
rip 1k bet,1
nice rs ty ta :D,0
go home and cry,0
pro pick riki,0
u were too good,0
wtf?,0
ayy lamo,0
im playing alone dude,0
uR MID BETTER DAN U dOG [MASK_D] PEENOTY,1
show time dadadqa,0
Like if anyone tped bot thats 3 kills Or something stupid,1
Gg,0
new game,0
only support realy feal pain ),0
sure,0
abanuti pizdec,0
gg,0
XD,0
7 hp,0
g?,0
NOOB,1
lol ez game,1
HAHA,0
aa report pls,1
my finger slipped,0
doom picker [MASK_A] u,1
hahahahaha wp,0
gg,0
[MASK_C] he is streaming on twitch with 4 viweres XD LIVe,0
SAD lol hahaha pa,0
its magic tik tok tik tok,0
one could say we fucked dat up,1
need a new internet provider,0
i cant believe vs what retards i play,1
spec is a better hero than alch rofl,0
i wont play with assholes,1
lol got you,0
rofl 1v1?,1
u won 4 vs 5 pro,0
took him like 7 mins,0
),0
ok,0
_:;P,0
do it for the kids,1
muere callada perra,0
HAHAHA,0
that creep ha duken though,0
nc giusy,0
no deward [MASK_C] noob zeus,1
:D,0
So much cancer,1
gg wp,0
ggs,0
i wanted you to duel :( ookay so we wont end,0
Tinny retard,1
lol,0
"says deff, deffs like leonidas ff*",0
w8,0
gg,0
awj jaja,0
yo img etting 4 second spikes,0
lol,0
Nice BKB.,0
pa and sf wanted to be alone,0
no different if vs here @@,0
??,0
he told me he ragequit,1
too ez,1
jhj,0
this team's awful gg,0
lol,0
xddd XDDDD,0
bye,0
lol really? rage quit,1
hahaha,0
lol,0
2 lvl and 1500 gold wow,0
well gg,0
gg cumback,0
its morning,0
said i bought 1 ? wtf report aa nooob flame [MASK_A],1
WAT?,0
gg wp,0
:),0
lvl 1 refract sad la,0
?,0
gg eazzz mate,0
now its counted,0
gg,0
?,0
lmao,0
report shaker pls,0
sure,0
pls come mid lol.,0
zzzz if not for sk,0
pls wait,0
one sec please welp server pinging me out ready? ill play with 1k ping,0
(Y),0
rc?,0
2-26 ud hhhhhhhhhhh,1
PISSFACE,1
?,0
MGA ULOL,0
what [MASK_C] vision was that?,1
fast please,0
sadly.,0
yeah But they are too [MASK_B] whatever 3kmmr all [MASK_A],1
lol,0
hehe cleave,0
))),0
lol guys,0
HAHA,0
555 [MASK_C],0
facts were,0
that silence lasst so much longer,0
omfg,0
TAS AS BAD AS SF WHY CNT I GET A COMPETNENT CORE ONE GAME thank god he abanbdoned,0
Lina rosh,0
GG WP,0
:D,0
& ?,0
gg,0
lol,0
pudge supp is a thing pos 4 should have done that,0
haha,0
gg Wp,0
come at me fucker come at me,1
but you were winning?,0
[MASK_A] idiot pudge,1
>:) wp,0
solo win sb,0
hey guys,0
?? noob?,1
Lol,0
dont mess with alliance?,0
?,0
Asdgfikom o,0
"Biper bruh Viper, no honor xD",0
DUDE,0
commend for our WR pls MVP,0
haha riki noob ./.,1
but u tp top,0
expensive rune,0
fuckers,1
FAST,0
im not play,0
if this venge wasn't a salty dickhead woulda been a good game,1
ggwp commend me ty,0
lol,0
1\4,0
no,0
hahahaha,0
gg wp,0
yeah its true im 1k buying 3k acc,1
ggwp,0
lol,0
really,0
cool body block,0
hahaha SURE,0
ez sf,1
Yeah,0
gg,0
idiot sf and np Hahaha trash if not of my stun assists u cant kill trash morons,1
Xd,0
gg wp,0
his borderline suicidal,0
?,0
ggwp m8,0
GG,0
spykes #reborn,0
jugg?,0
xD,0
HALLO,0
fukcing necro,1
i need to poop,0
LEAR PLAY PA.,1
?,0
gg,0
ff pls,0
5 4 3 2 1,0
"again haste? ogre noob, but lucky day )",0
GG,0
dont finish let legion get abandon... ahaha,0
lol,0
(:,0
LOL LOL,0
lol,0
LC lets me free farm :(,0
commend me? sad alche,0
thanks obama,0
NO TEAMMATE MEANS DEFEAT!,0
wp team,0
:3,0
[MASK_C] [MASK_D] fianlly died,1
gg,0
nice am hard,0
okkkey,0
gg,0
talk to me undying [MASK_D],1
wkwkwkwkwk,0
+,0
HAHA,0
0 11,1
last game was ok but this :D,0
jug def,0
ez feed,1
?,0
noob,1
:D,0
noob pui,1
first blodd sf vs sniper rly?,0
let us win ? plz ?,0
is he ok,0
gg... wp sf haha,0
1-2 min,0
stop all chat,0
Free damage for everyone,0
i called dumb void,1
haha,0
n,0
İnvo lol,0
noob,1
axe good wr 20%,0
g voltis,0
one by one,0
gg,0
"sorry, don't speak retard",1
I pick ursa for you alche,0
just lag i guess,0
tow boots lancer?,0
Dat watermelon,0
didnt though im using global,0
enter the hole ?,0
axxaxaxaaxaxax,0
BUY,0
clink next to u tiny,0
wow so stupid ;D,1
haha,0
because ez,1
bl about ur dp already,0
?,0
wow,0
fyuuuhhh,1
sec MIC,0
:d,0
min 2,0
wow obviosly pro,0
great 30 min afk for me pls i need to jurkoff,0
ggwp,0
wht commend,0
close game,0
or wisp be in your mummys nbedroom too,1
ROFL,0
my team mates also dont know :D,0
i am worth dat sacrifice,0
"report alche, thx",0
thanks,0
haha,0
ツ,0
nobody,0
gg ez,1
ez katka,1
win?,0
imj back,0
def pls,0
ggwp report huskar,0
"5 man doto, not always best doto",0
its preety unfair because when we will need pause he wont give us :d,0
HAHA :D enigma!,0
since it was doom and I did the job,0
IT WILL BE RECORDED,0
g G,0
lol,0
haha i saw that,0
:D,0
w8 lol 20 sec 19 18 17 16 15 14 13 12 11 10 9 8,0
siege creepz plz wow so much gold cant believe,0
wow,0
nice move es,0
lel zues,0
GG wp report team and IO Please,0
slark is flaming alot also,0
where sa?,0
gg,0
dire all of you fucong noob you are so fukciong lucky my team so noob,1
reprt ur bot lane,0
ikr lmao,0
lol sumail mad,0
wait friend recon,0
Gg,0
[MASK_B],0
BLOOD BLOOD,0
guys,0
ok,0
runner lets talk? ohh,0
u2 :3,0
no :(,0
hh Gg,0
AHAHHAH OK 20 asissts,0
hai,0
+,0
tat why u dun hv work,0
Y?,0
EZ BARA,1
go quit,0
lol omG,0
bath,0
commend add,0
am i great wow,0
lol,0
gg,0
Gg wp commendos pls,0
lmao,0
[MASK_B] do butto [MASK_A] in [MASK_D] etc.,1
?,0
invoker,0
its alright ember dies under ur t1 12 misn in Or whatever BY a DOOM beat that,0
lol,0
probably,0
miracle didnt spare us <3,0
lol theres not even a russian in this team but ok,0
TT,0
bh who r u trying to prove to counter pick me?,0
:D,0
then dont play east,0
?,0
why? mmr 1k pudge noob [MASK_A] see noob supp,1
XD,0
i like that morph build,0
[MASK_A],1
see what? :D,0
all agk dont want palky,0
ROFL,0
nice intro,0
yea i need radiant to win then dire,0
@_@,0
thnx,0
its ok,0
ez mid,1
pause kontool,0
gg,0
die noob,1
hahaha,0
Sup,0
i [MASK_C] at this game ROLF nah he had to sleep,1
haha,0
wait,0
hard lane fck that lane,1
ahaha,0
woaw,0
g,0
no courier?,0
SO stfu,1
oh he afk,0
he said he will back,0
not the dota.. -_-,0
Haha alright,0
==,0
? See ya,0
good idea while feeding,0
Get carried trash invoker,1
??,0
hook zeyus,0
Gg lol,0
noob am,1
ez mid,1
sup,0
hahahah,0
kill me `````` hahhaha,0
especially storm,0
blink euls sf,0
[MASK_B] ggwp,1
np,0
DEF PLS,0
idk someone feeding they are discussing who is worse u dive me t3 they are afk idk,1
wp,0
ok Ggwp,0
)),0
kek,0
last clash,0
not every1 on my team is a filthy sand [MASK_D],1
Notlikethis.jpg,0
WEW ALL PAPER!,0
gg wp,0
ez triple,1
take gem for invoker,0
you can call me Xuan Mai,0
why me,0
oh,0
hey doom same name <3,0
payback,0
from ulti forgot and toggle'd armlet,0
hey fucker Def it [MASK_C] easy mmr ?,1
ok,0
i have him aghs he put down 6 trees the entire game,0
bl pretty tight game so far,0
he did only 2compos in refresher unskilled,0
CYAK,0
caca,0
someone mid bye,0
xD,0
look your english lol,1
yo flarex,0
yeah,0
i am sohai,0
gg,0
wahaha nice noob mid noob team,1
xD,0
haha 5 v 1?,0
OUUU CH,0
for?,0
coming loggin enter id loading,0
stupid wkwkw,1
Slardar reported,0
He used his Q to take creeps,0
report this trash brood and tusker plz,1
relax,0
pro,0
gg anyways ty volvo,0
you guys bully the [MASK_D] noob like bully,1
2k na it's pertty dame to 5K Peru,1
u name like dog. bobby,0
cant feed pudge a bigger streak ammirite,0
come back le hehe,0
magnus pizda,0
lol,0
yea?,0
SVEN BAD,0
np,0
you got destroyed mid,0
JAHAHHAA,0
report what ever you want,0
come pls,0
hahahah AM :D,0
gg gg,0
coz ur baby picker,1
Game was good GG,0
8,0
nice niceu lti enig,0
GOOD TRADE :d,0
vs me and spec 2v5,0
Lol,0
haha we will see,0
[MASK_A] sniper report lina 0-9 1-5,1
lol +,0
glhf,0
team throw a free win again,0
ATRAS RATAS ATRAS,0
just me,0
ty for dewarding all my wards [MASK_B] solo supp for the win,0
die fucker,1
ty,0
well if resume got extra gold :),0
 so how is your day?,0
Ofc he did,0
5,0
report reportnite etix daunov za nityo,0
not this time,0
haha,0
ok all g ty,0
:?,0
lel,0
yes,0
lol ,0
its my bst pick :D,0
WT,0
yes i am noob,1
wp team,0
2 little invis fuckers,1
gg ahha,0
OGRE BOUGHT FLYING COUR [MASK_B] TRYHARD,1
lol,0
lol buy back,0
:),0
nice logic,0
weee,0
whys everyone disconnnecting,0
has encountered an error,0
wait sf is come my fri dota pro so wait,0
LEADING SKILLS WUDUP,0
we all report u sf,0
kek,0
bro dont forget home,0
HEEEEEEEEEEEEEEEEEEEEEEEEEEEEEEEEEEERES VENGE,0
lol feggets,1
izi katka,1
kids,1
sosator Or sosater,0
gg,0
its kind of ironic but if we had a dc you guys would unpause as well dontg lie and say you wouldndt,0
EZ NAHUJ,1
report ta?,0
~_~,0
gg,0
yea,0
ok :D haha sorry,0
in LS,0
Hahaha wew,0
:/,0
da its going to be ez,1
|ggwp,0
gg am support,0
losing to solo wk wiht doom lich [MASK_A] trash players,1
ezez,0
OL already,0
?,0
yeah bh?,0
Ez,1
cheers mate only best graves au,0
ahaha,0
ez take 50min,1
wait,0
im not blaming just telling that viper tho,0
end idiot,1
dumb fk,1
he feeding courriers? or is it slark?,0
acc buyer,1
^i guess wr did,0
Shakel *,0
BLAME TIMEE,0
:P:P:P:P:P:P,0
jsut say ok before start,0
i heard,0
n,0
ez tiny,1
on jugger nice,0
tp out sf,0
JUST WAIT ME ILL [MASK_B] UR FARM,1
XDDDDD yes yes i understand your pick was [MASK_A],1
still hoping to win? keepo on dreaming,0
end this lc whit satanic only first art,0
qwat,0
ggwp,0
5.5,0
=(,0
G,0
good one sir was close,0
no [MASK_B],1
NOICE,0
that puck lol,0
gg,0
mean,0
XD JIJIJIJI,0
"nice boot shadowfiend, they from the footlocker?",0
shame sven pls dont talk dead! 555,1
./.,0
ya nice,0
stonf medicine strong,0
_|_,0
rich dont need to die?,0
yeah,0
gg,0
i not dead,0
ok,0
worth,0
ASA ASA ASA SI BOBOB,0
yaya pro techies u so pro satiesfied?,0
Riki support XD,0
GG If i were you I did not back I rekt ancient,0
gege,0
oh,0
HAHAHAHAHA,0
shut up,1
ggwp,0
ok,0
lmao JKAKAJAJAJAJAJ so bad legion XD,1
:D,0
could you pls leave kotl,0
gg,0
woah remind me not to [MASK_C] with warlock lol,0
And was supposed to use it Nope You are ignorant On what happeend,0
gg,0
indeed,0
nice ember,0
gg,0
go vs creeps I hate this retards,0
you can leave leave pls,0
of spelling?,0
4 melee,0
hope someone drops a nuclear bomb,1
"Why did you change your name, Meracle?",0
wut,0
3 vs 1 :D ahhahahaa mad :D,0
wp all,0
wtf,0
SUCH SKILLS,0
gg,0
orospu çocugu,0
fear the CHIPPREL! are you NUTS?,0
GG PATALO,0
ggwp,0
nerds,1
ez,1
43232 @!#!#!@#!@,0
glhf,0
sso much hate,0
im pro,0
yer wrs skatin,0
AFK pls,0
ye,0
thx,0
STOP? cant stop ha,0
game was hard,0
muted!,0
lol ez bait,1
aw,0
yea ok come at me bro,0
i have houses to burn,0
im that good bait,0
ggwp end please emd ! end ! wasting time,0
WOW sentires,0
LOLOLOL rekt,0
DONT BE MAD KID,0
gege wepe,0
TY TY TO TAKE ME MID,0
ez kill ez life,0
REkt sorta,0
SOMEHOW,0
GG WP,0
what a nice blackhole? :D,0
sb op,0
?,0
cumback gg,0
gg,0
aww how cute xDD,0
GG ez game,1
you mother EZ [MASK_C]! my te,1
ksd,0
WASTing time,1
afraid?,0
wkwkwk wkwwk,0
brb,0
deez nutz,0
anyone,0
he's dead,0
gg gryas afucking retard,1
ez,1
gtfo,0
rofl 4 russian,1
Wtf,1
? >???,0
gg wp,0
really well played alchj,0
train to fight with creeps sf,0
JUST PICK DAZLE! DAZLE AND GO WIN IS TOPO EZA! TOO EZA DAZZLE ALL GAME JUST GO WIN!,0
+ + +,0
ty to alche,0
?,0
lvl 1 starfall what a joke,1
lol gg,0
SAY SOMETHING IDIOT NOOB,1
ff or not,0
hi,0
come,0
pikon,0
good bye,0
gg wp,0
win againt wr,0
wp,0
gg,0
lol,0
aegis gone bro,0
go mid i done no def,0
[MASK_A],1
trash filipinos,1
farm me mirana ulti,0
go mega creeps and end,0
?,0
i kill steal now,0
WHY DO YOU ALWAYS ULTI WHEN IM THERE ES OH GOD WHYYYY,0
thx,0
I FEED G report slark feder,0
gg who fed courier,0
wp,0
hahaha,0
dont que again alch,0
i wont hurt girls wp master warder,0
lel 2.0,0
gg ff fast,0
Did you see your pick ?,0
still wait?,0
gg,0
:(,0
games easier when u fed,1
gg,0
wew lad,0
gg,0
PUPPEY,0
what can u ?,0
commend,0
see ya,0
D:,0
Black out,0
gg only noob ns,1
ff pls,0
nah just your lack of good supports,0
ahghaha HAHAHA,0
pls report rubick and,0
the blinks right,0
i am reporting ice frog for my armour not existing this game,0
hes not even offline,0
GGp,0
hay lmao *o*,0
yeah,0
you are ez,1
hahahaha,0
i knew u gonna lose it,0
easy,1
worst spawns i have every seen,1
...wut?,0
absolute trash,1
xDDD nice comeback SB,0
da [MASK_B] u niggers laughing at,1
comend pudge lloron,0
:/,0
:(,0
our guy is afk as well,0
hahaha you mad?? sad,1
g?,0
done,0
cry viper,0
k,0
i did a huge [MASK_C] at a mates house,1
alesso like guys,0
haha,0
ember is ok,0
haha,0
erz??,1
UNPAUSE PA <ORE,0
GG C GG CM,0
hahahaha,0
commend slardar he is a fuckign genius,0
0-8 sniper on mid,1
so [MASK_B] useles tm never go fihgt just stay afk 0-5-0,1
y ?,0
DAMN,0
SHITTIES MID EVER PLS REPORT,1
whoops,0
pretty bad,0
?,0
russians in a nutshell,1
gg ez,1
hahah,0
sec,0
you talk too much for an easy lane,0
gg wp,0
And they destroyed it,0
blrr*,0
that counter :(,0
end gg guys,0
:D OA,0
GOOD ITEM BUT NO USE BRAIN,1
+,0
intro intro,0
lag 1 sec,0
easy gg,0
ez mid ez safe ez hard,1
you guys lose,0
hes not a smart man,0
it;s hard lane,0
i have magic resist just fyi idk why you have a vendetta against me lol,0
./.,0
bg pls report doom,0
olympics 2018 put your bets on lads,0
haha im dead just slark?,0
wbghat that doom lol,0
MORE ALCH AL MOAR,0
gg,0
[MASK_A] you bh,1
gg,0
this BH gets a bkb instead of something useful,1
sf eul = lose 1 report. or more.,1
or something?,0
lol?,0
didnt know that i could share aghs,0
idiot team,1
gg,0
call me the peruvians alyer *slayer,1
rizwan told me,0
GALSNDLASNDJ,0
OFC he has bounty and,0
buy1 free 4,0
its in the bag,0
another doom picker to report for picking doom like a fuckwad,1
ez ez die zzz,1
hei wk why u lose again cause u fuking selfish,1
your name suits you so much,0
yeah hate PH.,1
am p fast haha,0
gg wp,0
strong counter jungle at start of game rubick,0
w8,0
just like when u were mid bro hahaha,0
disruptor outfarming our qop,0
hahaha,0
Why 2 mid/ ?,0
riky haha ? ,0
why not,0
[MASK_B] Cant w8,1
1k ping gg,0
EZ,1
ez katkaaa,1
yes,0
nice throw {PA,0
gg wp,0
EZ,1
easy win cm,0
and u did [MASK_C] [MASK_A] noob players igot on my team always,1
he will go low prio game,1
DEF,0
gg :')_,0
dont come bottom oömg omg get the [MASK_C] out of here you mormon,1
gg,0
fu wr bnooob,1
hahahha,0
dumb,1
[MASK_A] this WIND,1
IDIOT,1
[MASK_C] this game gg end please,1
i took a huge [MASK_C] today.. As I went to inspect it had a mark that read you will win a great battle today gl gentelmen,1
gg,0
min 31 no repel commend him that mexican,0
NABBED! HUA HAHAH AHAH NABBED,0
lol,0
WAIT,0
[MASK_A] lesh in the [MASK_A] tho srsly,1
slark gg,0
wew,0
?,0
now he is in urs,0
Get tapped,0
How do we know Jesus wasn't born in Russia? He wouldn't have found 3 wise men or a virgin,1
gg wp,0
haha,0
5 mins,0
end ggwp,0
u said ff abd def,0
nice Care b sf coming,0
still,0
no D:,0
aaxax,0
funny team,0
Wat.,0
cent are you allowed in your mums bedroom?,0
wr is [MASK_D],1
pa still have nothing,1
:))) did u see lina ?,0
nice game ya? we cant leave,0
jakol,0
ez ez,1
ty,0
1-9 dis talking lol,0
ok reported kappa,0
today phoenix learned lesson,0
?,0
?,0
who dont know what he should do,0
gg,0
OH BARA WHAT A HERO GREAT CHARGE WHAT A DIFFICULT PLAY TO CLICK ON SNIPER TWICE,0
hahahahaha,0
sup sf,0
2,0
2v5 :D,0
la` la' la,0
lol,0
u are just lucky meed noob mid and top,1
wp slark,0
Gg,0
give us 2-3mins,0
u uys,0
GG WP,0
ggWp,0
just send medusa,0
randoming,1
lol,0
20 assist commend me :D,0
nice try :),0
im the real sumail,0
gay sb players fucker,1
commend swap ?,0
[MASK_D],1
gg,0
hahahahah ez katka enjoy -25,1
ez,1
sec,0
ive ever seen,1
GG,0
./. Wp ./.,0
:DDDDDDDDDDDD,0
afraid bounty,0
nope,0
?,0
war is begin,0
dn´t know why play dota team peruvian,1
glhf,0
gg,0
lol,0
sec sry,0
yolo = 20 min,0
give me my rampage :(,0
then go fed couriers,0
GLHF,0
[MASK_A] YOU,1
report strom,0
"its probably gg,. but its sad that kids spend more time arguing and giving up instead of playing ggwp",1
:(,0
KILL pLS TY,0
ahahaha,0
im eating a retarded alche write a blog,1
commend me,0
wew,0
i feel Ez,1
yeah,0
pro es 5.5k WOW what a player 4.5k carry thats the [MASK_A],1
gg,0
this noob,1
gg,0
WAIT,0
not u stud,0
24,0
GGWP Hear my song.,0
ty necro,0
this people is happy with their pick now Help me report carry and alche,0
Were GG,0
lol,0
gg,0
what if he left,0
gg spec daedalus 7k mmr build,0
what u win so i win the argument,0
> well palyed,0
were u naw invo? askin,0
lets end,0
dat,0
4 V 4 all fair,0
tactics,0
these peruvians [MASK_B],1
wtf,0
hey qop you [MASK_B] [MASK_A],1
sup void?,0
jokers?,0
"ty , go",0
door,0
soda,0
gg wp,0
nvm,0
gg,0
thx,0
let him idiot carry,1
AS FGUCK,0
fuxk u clinkz go die ahahahjajhajajajja u like this bitchù??? u like this motherfuker [MASK_B] easy,1
I dont got,0
noob ta,1
it's too long man,0
wd is crying his dad just died,0
why wait? zzz,0
not when i up the courier,0
4min pass,0
why ?,0
gg,0
not ok,0
hahahahaha,0
report this invoker,0
yeee,0
IM LAGGING,0
noob pudge,1
lol,0
nc,0
just farming alone its a teamgame,0
wew,0
THOSE,0
cry es,0
recon dude,0
ouch,0
ggwp,0
can you give me a courier for challenge? :P,0
W,0
WE ALL ARE LIVING IN THE DREAM gl hf,0
+,0
ez,1
where is hje,0
end the game dont feel like playing with these idiots anymore ty gg,1
TEAM WHIPE,0
JOKE,1
my [MASK_B],1
ghost,0
u shut the [MASK_C] up [MASK_C] stupid [MASK_A],1
how long ??? 1year ?/,0
le tackle,0
this game only worth +5 mmr sigh,1
kontol,0
yes thx for waiting,0
LOL NUB,0
end,0
and get rapira,0
well nothing really to do with this rps,0
gg,0
wait pls 1 min,0
nice trap idiot now ur feeding again dogshit,1
ahhaah we r gg,0
get mid,0
[MASK_D] ez,1
Ez,1
like Im lv 11 ur 1389461397419,0
not a single [MASK_C] wildkin in 20 camps,1
gg hah,0
HAHAHAHA,0
nice ecvho,0
LOL,0
bg ++,0
hp,0
ill DL replay to learn ES im ready,0
but i carry them all,0
ty,0
omg omg my team so noob yeah,1
rEPORT OGRE HE'S TRYHARIDNG,0
animal cancel fail,0
gg tho really wp,0
stupid stitch back to ur planet u scum,1
ur team kept on resuming,0
sorry but 2 mins is done,0
??? ur so retard holy [MASK_C],1
space created,0
SOME DOUCHE PICKED PL,0
report sven and drow,0
SEE,0
LOL,0
why the [MASK_B] u lyin,1
While he afkd in my lane using Q to get last hits,0
is they racist,1
Ez baits,1
WHO ?,0
just report him,0
CLOSE GAME LIKE PUBLIC ITEM,0
WP URSA,0
?,0
EZ,1
jkajaja,0
we had no carry lol 4v5,0
why pick es if u cant play,0
Good game,0
very ez,1
sf your gay,1
gg wp,0
well then,0
",,l,, pause my [MASK_C] we want to win",1
lucky,0
.!.,0
i was dead,0
cumbag DansGame,0
rspe :),0
ayy lmfao,0
report all 3 carries please,0
ingame rec,0
noob jugg,1
lol,0
WITH A 5 CONSECUTIVE LOSE GAMES,0
<3,0
LION,0
lagged carry.. yay -.-,0
repport pls that idiot,1
worth 1k gold,1
HAHAh,0
comeback,0
to infinity and beyond,0
V 14 uze ebqal eh,0
???,0
dont get heart,0
so rich,0
jesus look at your tinker,0
k,0
sad sad counterpick,0
aggro dual lane tiny tusk ok no mine calls for you,0
GGWP,0
wow necro pls stop feed,0
OK,0
ez,1
im not kidding i'll give you dr 2800,0
lol sniper players talk,0
wat r u scare ?,0
ggwp,0
peenoise never win,1
[MASK_B] OFF,1
gg sf,0
why the fck aiming me 1st?,0
gg,0
hahaha omkg,0
IDIOT TUSKAR TEACH TEAM BUT PLAY IDIOT WP [MASK_B],1
extra [MASK_B] you,1
gg,0
i got 10k gold,0
just end this [MASK_B] is over,1
thx for calling g lion,0
wr let u win,0
...,0
no gg let us end fast Dont waste our time,0
SHU,0
is qop crying,1
they thinkg I bought that gem,0
fb haha,0
dat 4v5 win,0
ez,1
retard cores,1
[MASK_B] you noob,1
rc ?,0
wp tony,0
can blink xD?,0
hands up nah radiant,0
gg,0
rage quit,1
well timber want solo bot dont get how its me causing lanes lost,0
(: Ez,1
hf,0
GG,0
just not for 15min =),0
NO TEAMATE [MASK_A]!,1
gg supports,0
he had 1.4 k 2vice,0
as support,0
GJ DIRE WP,0
we alredy lose sir,0
no count alr,0
NO ),0
ajahhahahaa,0
:)),0
gl hf,0
LOL wtf is going on,0
no idea why spec is crazy like this dont mind her,0
gg bad team finish,0
rec,0
talk big with viper alch doom and wr,0
OMG report pudge plz,0
afk ?,0
GG,0
sorry you [MASK_B] atm let me know when you're pro,1
rekt regen right there too,0
YEAH YOU NOOB ALL OF YOU NOOB,1
come again [MASK_D],1
NC RAIJIN,0
invo what are u mad? [MASK_A] invoker,1
+,0
oh shut up jug,1
and letting me get a free kill,0
ROFL Virgin alert,1
hahahaha,0
all gosu here ^^,0
gg,0
ur actually so [MASK_C] [MASK_A] lmao,1
your base is dead lol,0
lc spoiler,0
why are u doing this to me,0
[MASK_C] OUR ALCHE REFPORT HIM,1
wtf,0
lol,0
LOL DZZLE OP,0
GG wtf this team,1
its funny coz u r focusing only me,0
i gate that too hate *,0
push to end plz,0
donde donde done *ffs,0
stfu!!!!!,1
its ayubowan dats how we gree t yo,0
why Why,0
GG,0
u mad?,1
ty,0
i know im 2.4k ,0
hah,0
sf rofl so trash,1
GG NOOBS TOO EZ WIN PLEAE WIN PLEASE,1
ELECTRIC,0
can't win with a retard rubick and a downschild weaver push in please,1
hhqhqqhhq,0
50 HP NOOB JAJAJA,1
omg what,0
gg,0
cyka pidar,1
5 clarity? lmao,0
its wrking for me here not him,0
its not even alchs fault,0
report huskar [MASK_B] random,0
lel,0
pleeeeeeeee,0
nice rosh,0
commend,0
does anyone has sf arcana?,0
MOuise died,0
how about 1 11 1,1
ggwp ds carried ur team,0
ye,0
haha,0
GG,0
gg - pudge pick lost the draft from start,0
commend us we deserve a commendation,0
hahaha,0
not yet,0
ggwp,0
reconnecting,0
:D,0
gg ez,1
?,0
died,0
that didnt quite go as planned xD,0
pudge:( lol,0
for making silly plays?,0
ff pliz,0
don´t is fun rip english,0
where did you live brood,0
ez,1
commend me,0
wp,0
HE HAS SUPPORTS lMAO,0
I get my dominator now,0
question mark? ??,0
gg,0
ahhaha,0
Go mid WP,0
lol,0
GG,0
15%,0
nice fed silencer.,1
yeah but you had two successful lanes anyway,0
lel Wtf dog,0
TOO LONG,0
sorry Dami,0
top fail?,0
§z,0
haha,0
sorry guys power cut,0
unbelievebale he comes to me GOD wjhat a [MASK_A],1
gg,0
Wew,0
REPORT SF,0
? what was that? you not like mana?,0
dooms mom n ursaz dad produced these things LOL,1
comeback REALty,0
report pudge,0
150-200,0
waaw aw,0
what a [MASK_A] way to win we waiting for wd,1
WHY IS EVERY1 SO TRASH ION THIS BRACKET,1
not me unpaused dude dont blame me,0
he ulty me everytime,0
[MASK_C] you bitchhhhhhh,1
NOOB,1
gg meepo exp mechanic xdd,0
NICE ULTO,0
ikr,0
ya,0
HOYLFUCK THIS GAME,1
blame yep,0
i dont think hes coming back mq yo dillon harper man id give up everything i have to put my [MASK_B] in her [MASK_B] he aint coming back,0
i'm taking credit for the win My team are [MASK_B],1
i see mirana mood call me b he fuk me wp player,1
welcome to my esteemed mutelist,0
en er was vooral geen clinkz :P,0
sad cant farm stealed by ranged hero :'',0
gg,0
jsut a businees,0
+ dota in volvo mind,0
gg,0
"say it again, without the misstype",0
HEY NOOB LION,1
end fast,0
sigh,0
SB AND SS THEN?,0
waiy Wait lc rc,0
come,0
for most of our team,0
¬¬,0
G,0
good whats the problem?,0
wp team swap?,0
gg,0
WTF 4V4,1
rly,0
report magnus pls ruined,0
24hrs [MASK_A],1
game to ez,1
gg,0
what snowball,0
Wasting my time play wif noob,1
Hahaa,0
:v o nice,0
Hais boring one rax and say win,0
[MASK_D] HEART,0
2EASY,0
LOLS,0
really?,0
sorry i dunno englihs,0
+,0
XD,0
;d of course 3300 mmr,1
LOL,0
..,0
u guys are just lucky,0
my courier [MASK_C],1
"Tabbed out, oops",0
GG KIDZ ^_^ commend me,0
more like just dont pick spec,0
TRYING HARD? JUST TYPE GG,1
it's not zeus' fault,0
[MASK_A] haters,1
whooow,0
youve got the advantage,0
we can organise our race,0
he comeback he is on dota!,0
i'm your papi,1
hahaa just kidding,0
say gg,0
[MASK_D] [MASK_A],1
lawl,0
glhf,0
gg,0
all report qop,0
so much fail,0
diarrea eres} para eos vas medio,0
fu pls,1
so dont deff,0
net,0
us too,0
he need to restart his house breaker or what,0
well silenced,0
hahaha,0
gg,0
[MASK_A] NOOB,1
?,0
nvm they feed they blame me dafuq,0
it was close,0
lol,0
"ff retard team,",1
"more like commend wyvern, 40mins lvl2 heal",0
lalalala,0
? what MATE,0
jhahaha,0
ok thanks,0
80 min,0
no i report you,1
ez support retard,1
+,0
"[MASK_B] bara, feed",1
Ahhaah xD,0
ask mid,0
ggwp,0
g,0
gg,0
),0
NO TP FOR ME ))),0
ggwp,0
ggs,0
worst sf,1
gg,0
gg,0
DONT DESERVE A WIN PUNCH OF CUNTS,0
ggwp,0
it was qop,0
gg wp,0
we w8 chill,0
and? u think u won vs me cause u good?XD AHHAHA,0
ty,0
0-3 talking haha,1
if already 5 min then u can unpause why? see dafuq dude,0
[MASK_A] you,1
gg,0
Tipical sf,0
lol,0
but this time i dnno why its so delay,0
"but just odn't fountain camp us pls, because Pudge has HOOK",0
i have no feet :v,0
kkk,0
man i got 0-100000 mid invoker invoker,0
how long?,0
wait,0
dont lie,0
plz be my enemy next game invoker,0
lol,0
tell him,0
u cant see me,0
gg,0
hahaha,0
lol,0
yea ill watch replay,0
nice fail predict,1
silencer forced me btw xD can u report him? u don´t want him in your team,0
BIEN AHI CON EL WARD,0
AXAXXA,0
idiot team,1
SO EZ BABY,1
Greed bro,0
bro,0
indian ?,0
Gg gay [MASK_D] [MASK_D] dumb [MASK_C] axe,1
gg,0
thx mid please,0
ook,0
pudg and troll report plz,0
m,0
ez joke,1
tbh am is pretty [MASK_D],1
imma waiting clock but he was farming,0
[MASK_C] bagging sry u lost 2in a row,0
boy,0
_)_,0
lel u wish wwwwwwwwwwiiiiiiiiiiiiiiiiii shhshhshshshnh,0
ggwp,0
:),0
ok go win looser,1
yeah enough is enough,0
fk man thats too bad for you whould probs get urself checked,1
noobs,1
gg wp,0
say??? sss zeus,0
:d,0
offline,0
salty damn First hit Got rekt,0
right?,0
ez,1
GGwp,0
mikes converted to the dark side,0
sadness,0
ez mid,1
KOL9Y,0
blind dog,0
Girls holding hands,0
LOL,0
kill 5,0
nope shot,0
how many tis navi won? how many tis eu teams won?,0
when u have,0
wp gg,0
can't blame him,0
lol noob fucks,1
why,0
gg,0
gg,0
:D hahah pain or not,0
eartshaker,0
idiot invoker,1
w8,0
only u not trahs !!,1
cac thanh nien,0
\ \,0
it aint gay if you like it,1
1 hook 50 mins,0
even if he comes back he'll dc again,0
please just end this game for obvious reasons isnt fun,0
ds,0
gg :),0
Reported es,0
dont like tt leh let me live awhile,0
[MASK_A] at your back,1
aha,0
just shut your mought and enjoy free win,0
give me your energy ee sama,0
we ok le,0
omnbi omni thanks for the throw man commended,0
IDK,0
very,0
ahahaahah 0 ganks,0
HAHAHAHA the [MASK_A] man,0
lol wrong hotkey,0
Wat the fk u want bone slow hand ?,1
gg wp,0
gg,0
yeah remake we dont even have chick 5 carries here,1
im a pretty [MASK_A] ta thooo,1
pause it,0
XD,0
lol,0
noob od ...,1
IDIOT LINA,1
bs,0
im fail mid ok,0
free win by oj,0
it's a blackput,0
=)))),0
if jugg wasnt [MASK_C] wed probably win,1
where puck,0
WArded [MASK_C],1
2k mmr alche XD,0
gg report lone,0
dont run please,0
turn out pink is an ape,0
sg,0
you sure hes comnig back,0
your base,0
pls stop talking 10 deaths!,0
ya'll should have finished quicker man,0
gg,0
???,0
nice am,0
nice stun,0
4K GAMING SAD HAAAAAAAAAAAAAAAAAAAAAA,1
lol GG,0
WHY U NOT COMING BACK,0
dont ask then ....,0
lol,0
haha,0
gg,0
:),0
commend me team ty,0
gg,0
YEAH SEEMS LIKELY hes scared of ur all chatting abilities,0
wtf dude,0
ahahahah [MASK_C] my cocck noob,1
die 20 times,1
no need def 3 idiots are real,1
kk buying beer brb,0
XD,0
i won't help zues now [MASK_B] that please,1
again this team is dumb,1
GG,0
ez feed EZ,1
ofc ofc,0
really? win please,0
bottom line..u lose,0
REALLY [MASK_B],1
nice comback,0
okay,0
easy tinker,0
TRY HARDER [MASK_B],1
absolutely rude,0
wow our sf not watch [MASK_D] anymmore,1
Rage quit,1
"he's russian, he won't come back",1
no i cant Slardar picker,0
end la,0
? ?,0
NO no SRY GUYS,0
REPROT HIM FOR TRYHARDING,0
stalker why so mad?,0
r u gunna root for mineski,0
rofl dazzle wp,0
actually let me,0
lol ward,0
np commend me :),0
lool,0
.... epic,0
<3,0
unpause ty,0
WOA,0
nice arrow,0
gg,0
you to,0
u mentally ill?,1
gg,0
AW that crit ahha,0
dotabuff,0
?,0
i guess hes voker is better than his 1-9-8 ember at 1hr point,1
3k coins WOOOO,0
ez top,1
"DAZZ MAXING 1ST SKILL LVL 8 STILL NO GRAVE MIRANA ULTI, NO SENTRIES, NO DUST i BOUGHT 3 OBS AND UPGRADED HCICKEN AND WE HAVE SHITHEAD DUSA DYING UNDER VISION",0
la mid,0
:)) i had fun with invoker at top,0
? Ez,1
thanks for not killing me <3,0
your tower guys,0
XDD,0
gg,0
GUYS NICE [MASK_A] TEAM WHY DO U WANT MY FUCKIGN BOOTY SO HARD SHITSTAINS,1
HAHHAHAHAHAHAHA,0
REPORTED Peenoise,0
steam lag i think,0
k lol,0
Commend my CK please.,0
i think U guys have creep rprobems,0
tq,0
commend,0
gg mid carrys,1
gg ff buying rapira,0
b,0
lolol lol?,0
2 [MASK_D] mid gays,1
report natures and lycan,0
HAH,0
[MASK_D] GEGGE WEPÅEP just inish finish' am is rude who plays cm,1
ugh,0
dead,0
haha,0
how so?,0
ojala no vuelva no quiero jugar con este rata de slar,0
u guys are sht shitters,1
u meme'd first [MASK_A] fk,1
GG WP welcome to nevermoreland,0
G,0
common,0
end,0
GGGGG OMG,0
last pick titan rofl,0
:),0
i dont def,0
gws wifi,0
gg bat,0
lol,0
xd,0
jhahaha,0
lol,0
push nmn kau,0
yolo,0
that medusa ult so late,0
Not stupid like gyro,1
AFk,0
haha already fb before dc,0
ok then lion,0
ta kid ?,1
man,0
gg riki commended,0
report riky pls afk,0
Gg,0
..,0
report puck,0
gg,0
stop it already,0
"wait pls iget drink,",0
mepo its ok your farm ?,0
mir so pro luv it,0
ahaha,0
haha,0
wtf,0
You guys are so lucky,0
Ez mid,1
it's a teamwipe it's a dizaztah,0
gg,0
report pudge,0
we waited ur team only unpause,0
Bye,0
it's not comeback,0
lol,0
??,0
[MASK_A] back track,1
force dagger from ten miles,0
:salty,0
./.,0
[MASK_D] your english,0
hahaha,0
[MASK_B] FEAR OUR MIGHTY LVL 1 COMBO,1
wait,0
aw,0
then help our jug to be fat lol,0
hello,0
wew,0
al plss report that [MASK_B] pudge,1
oh i see ur talking to me i didnt know lol,0
fuk lets go XD,1
sniper stfu..u picked the noobest hero,1
and lc,0
GLHF,0
bobo,0
end fast easy 25 grats,0
) baited U DUMB [MASK_B],1
748,0
?,0
bukake,0
:D,0
?,0
so ez,1
ROFL,0
nice impact pudge,0
well played,0
how did that miss,0
10 8 2000,0
gg,0
wow,0
ty for -24,0
rage quuuuuiiiiitEErasgx,0
lol,0
IDIOT SILENCER IDIOT,1
wp,0
i have viper premuted he say anything XD ?,0
Wp pw,0
1v1 mid sf ill wreck u come at me u pussies,1
lol LOL,0
....... okay,0
?,0
def :))),0
ff pls,0
X CHISTRIS,0
close game,0
lol lich,0
u passive bot,1
SPIELEEEEEN,0
commend me,0
GG,0
Sad haha GGWP idiot fv Last picker <3 haha,1
ez mmr dude,1
Anyone,0
ggwp,0
ez svenb,1
gg,0
next time u dont have luck,0
gg,0
i only rp wr HAHA,0
yes,0
ROFL,0
IDIOTS,1
Xdd,0
implying i didnt get more killsl top than imd,0
?,0
hahahaha fail dual :) sad poor LC,1
afk la,0
GO END straight mid report too clock,0
23,0
STFU PUDGE,1
sange and yasha sf = i go afk as well,0
OK?,0
maybe he rq,0
Leave pleae?,0
ye crit me ofc,0
for noobs ofc i play riki,1
report Miran to help dota 2 gg,0
NO [MASK_A] YOUR WOLF,1
ad dumb,1
hvnt ==,0
hes not coming back,0
gg wp,0
gg wp,0
6 is miracle,0
|LOL,0
gg,0
maybe real ok its real,0
hah,0
wow [MASK_C] this team,1
gg,0
www.leagueoflegends.com/register,0
hardlaner support ?,0
comend me,0
best of luck people,0
welcome,0
?,0
5 sentry,0
 WP guys,0
me mid,0
WARUM SO EINFACH,0
pa attacking creeps,0
xaxaxaxa,0
WTF,0
Yeah,0
SWEET DREAMS you cant see me blood you aer sutpid,1
he already have a love hour with your mom ?,0
gg random 3 times,0
DA POWEL NAHYI VIRODOK,0
[MASK_B] joke,1
ggwp,0
AFK RUBICK,0
cumback israel,0
k,0
:(,0
noob finger also can win u,1
dude what ever rat,0
thats all u need to say,0
?,0
Gg,0
1 for 5,0
end fast,0
that's crap that it goes through invuln. I was immune to physical and magic.,0
always kill the sven...,0
?,0
destoy items :) quick finish,0
reported WD,0
gg karo4e,0
what is this NP?,0
gg,0
fam sup u vas am sup,0
alright mate,0
haha,0
2mins sir wtfast online,0
HAHAHAA wHOOOOOOOOOOOO,0
yeah not in game,0
dont mad sir,0
))),0
report legion,0
gg,0
Report pls zeus,0
noob,1
;) 5hp,0
don scare,0
WP,0
g?,0
"cant my fault to loes ,i [MASK_A] the safe lane",1
aa would never ulti,0
i dont even know how we lost this,0
lol,0
Twitter,0
he goes sf i go magnus,0
perfect team),0
y resetin dota some graphh bug,0
ruskaya svinya russians all biomusor,1
ill buy divin and give it to you just let me farm,0
Can i abandon tired of losing,0
dont cry,0
u are ez haha,1
slark is [MASK_A],1
??,0
it's been 15 minutes since he disconnected,0
woaw,0
bs you hate me dont you??,0
must be my dog fucked u surely,1
clap clap,0
you pause....,0
GG YEA NOOBS,1
trying,0
gg commend undying,0
lol,0
pause,0
pro,0
doom player...,0
ggwp,0
hahaha,0
ez,1
STIL NO [MASK_C] HEAL ON WD,1
for allah,0
tanginamo injoker bobo,0
Kriv je litaaaar vinaaaaaaaaa,0
it doesn't have a [MASK_D] preference,0
nice counterpick ember,0
no,0
commend me,0
0 4,1
acutaly so [MASK_D] [MASK_D],1
Why would you AA ult that rofl jesus [MASK_A],1
ROFL,0
JUKES,0
"i cant change it my last 10 games i had like 4 feeders, dunno whats up",0
no top,0
aw,0
Real men,0
spec what the [MASK_D] is wrong with you,1
profarmer am best at farmville,0
LALALLA,0
gg,0
ahyhahha,0
Ggwp,0
lol sf must be so bitter,0
end it,0
and he was last pick ember retard lost mid as [MASK_C] and feeder pl mr.random he can play any hero Keeper of the [MASK_B] never use ulti and retard playing.,1
EZ HC LIXO,1
DOCTO FILHO DA PUITA,0
ez,1
lose [MASK_B],1
yusss GGWP,0
why not,0
stop quelling u two,0
[MASK_B] you,1
circus team,0
[MASK_D] im lagging,0
he is,0
my god ez mmr,1
gg,0
ill not,0
no hiding sd,0
ya,0
jsut try wew,0
ok,0
mhmm,0
sz,0
stfu trash,1
its hard to believe,0
xaxaaxax our game engines has started,0
EZ BOT again,1
dude who loses to paint,0
nice mid,0
very long,0
:),0
BYE PUDGE,0
noob alche,1
LOL SOLO KILLED,0
fat pa,0
,0
COMEBACK,0
no def,0
sure,0
I dont now i search game on eu but i have 4 p'eruvians in my team WHY GOD,1
1 min then go ok?,0
hhaha wew,0
commend lina,0
Dun resume i go toilet awhile he told me hes not coming bak,0
gg,0
G,0
wp,0
finish plz,0
lol bra i need to max my 3rd skill,0
rubick say bb to your wards,0
>< just started again yesterday,0
SEARCH CEN IZA ON FB,0
k,0
dos duelos :D,0
ahahahahah my team,0
:D R,0
dont forget top in early,0
he is in d2 but dont rec,0
RİNG OF FELANKOR,0
rs tae it lc,0
sure with puck 0/5 after,1
wp alch,0
leave,0
die,0
am ez 1x1 go y ),1
lol,0
?,0
ez,1
gg,0
whatever ;),0
.... 0,0
zeus guys,0
hihi,0
as long as you love me,0
i caried this team so hard,0
baban sene sickde,0
omg,0
_))),0
needs more [MASK_C],0
[MASK_D] loser,1
IN GAME,0
what's wrong with being a little girl?,0
please commend,0
)))) teamplay,0
mean teammates =(,0
Ez,1
FVCKING TRASH GYRO,1
u mean 3?,0
fk u silencer,1
team too dumb ez,1
REPORT AM ALL REPORT AM ALL PLS,0
so why dont you push ? come on,0
fight started man,0
lmao,0
u won,0
u` nha,0
had to sleep' that what he said,0
p,0
what did he doom? rofl,0
report sf i give u 5 rares report sf,0
lol just go what the [MASK_D] are u doing,1
w0w,0
he told us he needed 2 min,0
GWp GGWP,0
AM noob,1
Gg,0
relax,0
ahahaha kill your cap,0
"the zoo keeper teach him to play, but still noob.",1
nice grammar also,1
if u have this team u will do the,0
so 1 person,0
gg?,0
0.1 WHY> WHYYYYYYYYYYYYY WTF,0
i was ganked at top like 5 times,0
hash 1 dp,0
and u? 6-14,1
easy middddddddddddddddddd,1
balanced hero,0
ROFL,0
press f9,0
get rect wd ownit,0
:v,0
gege,0
doNT CRY LA sRY cRY MORE pLZ [MASK_A] AA,1
4 the fair game,0
GGWP,0
on cd ???,0
where you at,0
Q PELEAN COMO NIÑAS POR EL MID,0
ty,0
¨D,0
oh,0
Your pudge was so bad,0
jaja hahaha,0
yeah,0
stfu just report him and ww,0
hi,0
lol,0
lol,0
fuyck wasting time for dumb pc,1
that slark HAWHWAHAW SO BAD !!!!!!!!!!!!!!!!!,1
how many people Did Alch give agh's to,0
lee played par lar,0
tiny ended my black hole with a throw stronk,0
u cant kill me,0
> > ?,0
base defense: alchemist fury,0
gg ty,0
gg,0
fast learner,0
lel,0
Sri Lanka?,0
what do you mean by streaming,0
so close :3,0
we are in fountain anyway,0
i would wait if dc,0
so many tursk on eu west Ahhh,1
NOOBS LOL,1
ggwp,0
^who flame invoker ?,1
DALLLI HAHA,0
haha,0
yy,0
geegee,0
sad thing is how [MASK_D] bad you are and u just get a free win,1
[MASK_A] lol,1
Valar Morghulis Japan Kappa,0
gg,0
blame me ?,0
trone pls,0
Report legion toxic player,0
1mins :),0
and a [MASK_D] riki Ks/ you mad rofl so cute bay,1
GG,0
like how the [MASK_B] i know thats ur morph,1
rofl,0
Sad,0
sometimes you lose sometimes i win,0
LOL,0
hahahahaha,0
rage,0
wp,0
get back w8 me pls,0
dont cry,0
lol,0
noob,1
SEE THIS FUCKTARD? HAHAHA THAT WR WANTS MID SO BAD,1
chill,0
gg ez,1
Glhf,0
yes this wr [MASK_C],1
wooden pc weak,0
u mad ?,1
some1 is piost,0
s,0
may god with our stromn,0
our carry ...,0
stfu,1
want feed?,1
the comeback is real O_o,0
you see rofl,0
tracks baby money money and silencing ur mouth also good,0
ez,1
always idiots takes carries and [MASK_D] up,1
gg,0
[MASK_B] Rly [MASK_D],1
?,0
ez win,1
retard team 3 late carry win game ant min 1 look at this son of a [MASK_D] id,1
noobs,1
idiot pro talker pudge,1
HAHA LOST DD the toxics player is winning LOL,0
Was pretty good game,0
so feeling,0
LOL,0
so close =(,0
[MASK_D] u [MASK_C],1
HAH,0
:(,0
wp axe ward wars haha,0
gg,0
D:,0
im the pretty one,0
^,0
i think you're right,0
happy mana,0
ff,0
lmaoooo,0
zz,0
have anything better to do? dont play dota then,0
GGWP,0
gg wp,0
good talk,0
gg wp,0
zz,0
i did my best sometimes my best isnt enough,0
dont worry XD,0
go back to bots,0
wutface,0
go report potm,0
fool me twice shame on you,0
pause plz lag 30 sec,0
noob mid,1
free mmr,0
pls wait,0
where?? god -_- 1 minutes,0
lol,0
HAHA,0
did u pause?,0
:d gj ww,0
who do you blame for the lose,0
0-5 gg go next,1
some say people learn from mistakes you ain't people,0
I DIE!!!!,0
rq mid 0-5,1
peace to u too my brother,0
oh well :(,0
lmao,0
gg wp,0
youve used up all your bad luck wr,0
with this team,0
good [MASK_D],1
HAHAHAHA,0
gg,0
[MASK_A] plz,1
Dog [MASK_A] playert with lich,1
mhm,0
yeah,0
eat that zombie,0
why?,0
for been noob,1
that last pick spec,0
ez friend,1
he is reconnecting,0
ggwp,0
B CK,0
mid,0
its a team loss,0
stafcks Haha,1
lame,0
gg,0
fail carry report,1
ok,0
love u <3,0
;lil late,0
reported sf pls my [MASK_A] is pilaet,0
lol kids try hard killing me?,0
U can run down id Mid and win no problem so [MASK_A] do it,0
repor clinkz plz all plz plz,0
def pls,0
xD,0
gg,0
yea i will commend omni,0
?,0
gg wp,0
gj,0
ckckck,0
not good game boring game :D,0
4,0
lags,0
LOL,0
BOYSSSSSSSSSSSSSSS,0
he said 2500ms ping speak english you monkey,1
SF CLINKZ BH = GEM,0
he wants olo die,0
you guys good except wd he trash,1
reuse cour,0
y 1 vs 5 ofc,0
he's my friend he told me he's going to sleep,0
wtf i couldnt target you,0
gg,0
"Woo, you found me. Now finish the game that was over after 10 minutes",0
no who is this,0
WOWOWO WTF IS THAT SHET,0
shame,0
GO SVEN aw,0
i would buy a gem if im ur side,0
surrneder 500 mmr avrg,1
BURNING,0
51 28 and soooooooooooooooooooo hard for you,0
commend my supp kaka,0
Sut pid,1
Who gives a [MASK_D] if you have mkb rofl,0
no problem,0
we dont care,0
that stunrange,0
wehat gold?,0
this fits to the game anyway :D,0
Gg EZ,1
your mom,1
blue 4-20 lol how many on dire own llamas ?,1
i hate u pudge y always me pudge? y not zeus,0
SO MNY THING TO TALK?,1
ez ff pls 1 command action of 20 min 1,1
SLARKA,0
u can only win,0
C,0
ahahaha,0
FTW,0
gl hf,0
kekn hard,0
SORRY,0
i was scrabbling,0
sad,0
lion def :D u area a jungle king :D,0
thankyouuu,0
gs,0
lol YES,0
swap me,0
tactical pause,0
WAOW,0
GG,0
rq go,0
so you mean radiant mid failed?,0
please,0
better then u,0
ultra,0
xd,0
gg wp REKITY REKT! [MASK_C] MORON Get up if you can.,1
fan game),0
ayy lmao,0
we lose :(,0
?,0
es account buyer,1
he have 1 min yet,0
pause,0
commend lycan counter void so hard,0
Ez ks,1
byebek,0
Stfu [MASK_C]!,1
gg,0
:D,0
switggity swooty,0
haha,0
pesti yawa gia tay mo,0
gg,0
:D,0
[MASK_A] kill yourself pa,1
gg,0
ya fuckwit,1
gg wp end Viper+SF picki gg,0
HAHAHAHA,0
can i commend you dis?,0
let you know later,0
creep so [MASK_A],1
[MASK_D] yeah,1
really hope this nyx isn't playing the next one my word,0
hahaha,0
gg wp,0
it's funny how people only talk like this when they are winning. says alot about your mentality,0
wat,0
hf,0
lol i said your team carry u,0
they will maybe feed a little more but just finish,0
just ez offlane :P,1
oh ur talking to me? lel i didnt now,0
dude i can see you're tearing up,0
ezz,0
die [MASK_D],0
random m8 oh its fly? dont fight irl thought it was johan,0
HAHAHAHA,0
?,0
easy :),1
well u didnt hav to trol right,0
U got killed by a 4k mr.6k mmr,0
hah,0
why so rude tot this casual banter.,0
LOL,0
2mins left,0
hahaha,0
i mean there's so many 4.2k,0
wkwk,0
LOL,0
alchemas izi que vi magina tambien,1
:D,0
HAHAA,0
haha,0
buy more bottles sniper,0
joke alche lol so bad,1
EleFuckingGiggle,1
you are a joke,0
GG,0
hahahha yeye,0
nb sniper ritw,0
tactical pause,0
noob,1
how i got the kill,0
ur heroes [MASK_B] on defending supercreeps hhhahahah,1
ok gg,0
voker gets [MASK_A] babysat mid yet lanes lose storm Stone lvl 13 WTF,1
talk pls,0
LOL,0
how top failed so hard? lol EZ COMEBACK,1
ggwp,0
sf with eul hahaha,0
I HATE THIS [MASK_D] OP NOOB SHIELD,1
1-2-2 ?,0
in 30min..... its not late ..,0
GOING FOR THE TOUCHDOWN if i get there i win,0
ez,1
legion what now? im happy and,0
nice,0
how lose?,0
thats the way you say its gg lool,0
go back to mexico,1
dizazterr,0
3 2 1 hahaa,0
mint,0
hahahaha,0
look at ur statss trash,1
wp cent,0
we at cc running out of money sooon,0
nah A BOAT HIT YOU HOW DID THAT HAPPEN,0
o0o?,0
aw,0
ggwp comend me,0
n u say unnistal dota hhaha Ezzz,0
fiuck you,1
The moves,0
go hang urself,0
he seems gone,0
BEST,0
) (,0
wtf ?,0
pls report potm and pudge,0
ez riki,1
ok,0
its not about skill :),0
lol,0
"ok, so mb there's still a chance even with this midder :P",0
qop Pls dont scream me im just a lion =/,0
gg,0
im not after the ks bish not selfish,0
hahahaa lmao,0
report invoker ty< just report him,0
magno pude lvl 4,0
gg,0
thank god for courier,0
GTFO,0
ggw wp,0
xd,0
gg wp,0
please report sand king cheers guys,0
gg ff,0
ez,1
dont kill,0
give back my quiras pls,0
y keep gank me,0
ty for repel,0
GG,0
ya gotta a pro carry there hes muted btw cuz hes [MASK_D],1
[MASK_A],1
ggwp,0
ggwp all,0
"OK; I'LL GO SMOKE, WE'LL ALL BE A MAN DOWN aight?",0
ya i call ta b,0
wp,1
unpause?,0
and get your q on him,0
?,0
sad,0
lol our sk is afk,0
EZ,1
[MASK_B] off,1
gL,0
LET IT END YOU FUCKS,1
u didnt wait for void,0
?,0
spec is better late game,0
pro pudge lol,0
gg,0
ggwp too many idiots nowdays,1
FCKING CANT WAIT\/ HAHAHAHA,0
sf sb,0
NO,0
aw sjot,0
and report tony,0
i got 4 mutes on my team im sure im happy either way,0
PLZ REPORT MT TEAM,0
GG,0
wtf?,0
CHERS,0
lol noobs,1
lc thejm pls sladar noob,0
We had storm with 2 boots,0
good game? :D report brist plz all report brist,0
gege,0
blink,0
HE asked for mid,0
?,0
"ES, Axe. Commended mates",0
hahaha,0
he will,0
see noob sf ? hahaha poor sf,1
wtf,0
luv u honey,0
y,0
es wait,0
owned,0
its' 2,0
veno noncontributory,0
ggwp,0
hha,0
gg wp,0
ok end,0
?,0
lol,0
ur base?,0
fu brist fu [MASK_B] [MASK_B],1
is a dogshit,1
end',0
ff Mid and ff focus warlok ahahahaha,0
hhahahahhahahaha,0
ta bara feeder,1
ez mid :D ez gg,1
the [MASK_B] void said? [MASK_B] peri,1
haha,0
reason,0
4v5,0
just take,0
gg,0
y,0
Lol haha ez,1
he lost us last game to,0
XD,0
wr just 2 bad..,0
4k mid hype,0
lol noob mid,1
GGWP,0
nc,0
nah nah fair enough,0
ggwp,0
MOMMAS BOOII,0
what a joke,1
nice la,0
noobwd,1
no dust = rubbish,1
deffffff!!!!!!,0
this team is [MASK_B] tilted as [MASK_C],1
ember farmed you well,0
theres a reason why im carry [MASK_D],1
ggwp,0
no we arent lol,0
lol,0
we w8,0
gg,0
Good luck and god bless,0
commend me,0
ahhaha,0
ok peruca sigue con el ingles,0
ez,1
lol like u gave up mid? lol,0
? combo?,0
"dont kill void, he'll find you and kill you and win us match",0
wp midd too ;) commend me [MASK_C] her top too :D,1
?,0
gg wat a retard team,1
sure,0
commend medu,0
ok2 ran,0
pro series slarsadder,0
haha like a u,0
[MASK_D] chinese,1
bg,0
HEHEHE>,0
L:D,0
wao io,0
gg,0
[MASK_D] HAHA,1
gg,0
EZ kinda boring,1
GET OUT FAST,0
bobo,0
?,0
muereeeeeeeeeeeee,0
lol,0
gg wp guyzzz,0
ping ping ping,0
slark ez win us plz,1
you guys have such a greedy line up..,0
i knew it since begining,0
great trapping urself in their n np,0
[MASK_A] leglas,1
[MASK_C] noob,1
*connection,0
lol,0
OMG,0
:),0
tard tiny pls,1
rs?,0
gg,0
i will deny dnt worry,0
GGWP Out na me bas,0
ez mid,1
this bs,0
he dead,0
hah,0
Rsdfkpghsdšjhjosfh www.leagueoflegends.com/register www.leagueoflegends.com/register www.leagueoflegends.com/register www.leagueoflegends.com/register www.leagueoflegends.com/register www.leagueoflegends.com/register www.leagueoflegends.com/register OSfrog LE BALANCED FEMALE ROBIN HOOD OSfrog,0
2 poshel na mid,0
BRO Srsly,0
wp this eam,0
ggwp nice game,0
any time,0
We're just going to farm and wait for the best alchemist 2015 to get level 25,0
sorry g,0
dont def please,0
wait,0
no pause and urgent salami bathroom issues,0
stfu or speak english typical russian,1
how can i farm dr if you're killing me,0
dont tell ur mom to shut up,1
THEEE CHURCH WILL BURN U DOWN,0
peruvians are [MASK_B] [MASK_D] off piece of dogshit,1
gg wp,0
LOL dont cry,0
w8 2 mins,0
XD,0
i always feed couriers when i get slardars and dooms on my team i'm a vigilante,0
i hope someone of you losses connection,0
:DDD 5/0,0
Lol,0
lol,0
0 12,1
What's wrong with u,0
jesus why are u here anyway,0
manta sf 1000 gold on 27 minute bf,0
lol,0
come on guys I'm feeding hard and you are losing,0
twitch.tv/miracle_doto,0
streak,0
G?,0
4.8k mmr 4.8k mmr,0
"im not mad , im winning and im a troll",0
bandot,0
who is it,0
who needs tp?,0
why vs kill me free why u slow hand? report tiny wr can kill all kill me wr,0
ping,0
bane pure [MASK_B] talk but no brain here?,1
good one more,0
wtf sk,0
thats the yolo timber i came to love,0
haha,0
fix you're internet dog,1
GO END,0
hey wait pls wiat! wait,0
report pl pls 4.7k pick safelane,1
fail LOL,0
cant even help the mid,0
gg guys,0
report sf pls,0
let us end,0
bs,0
gg wp,0
VERY NOPE,0
What happen,0
Lol,0
you will become 5k soon with your skills,0
sec,0
gg wp,0
It's bad manners,0
easy Kappa,0
wait,0
:po,0
IM ABOUT TO FUCKN WIN,1
where is that [MASK_B] whereeee is heeeeeeeeeee,1
tc my [MASK_B] son,1
baited hey pudge where ur pro,0
:D happy :D?,0
wait recon,0
deal with it,0
Ez mid ez morph,1
worth 500$,1
alch u cheecky [MASK_B],1
what a clever gho :D 29-11 29-1*,0
Easy,0
haha,0
:DDDDDDDDDDDD,0
really hast zzzzzzzzzzzz,0
HAHAHA,0
my [MASK_B] Ez,1
cant believe u lost,0
gg commend me,0
bye cent,0
1,0
at this stage if you were decent we should kill them,0
golden bashes boys we gucci,0
w8 dony tony is afk,0
gg wp,0
w8 afk morph afk,0
gg,0
win now u didt see?,0
have fun,0
ajajja,0
:),0
"Pa with 180 pure damage on a 6 second cooldown, thanks valve",0
:s 5 vs 3 ? lagg,0
[MASK_B],1
IHhi AHAHA,0
lel,0
gg\ ggg,0
2 ez,1
He`s ol? cant wait,0
1k mmr lol,1
intro shits,1
why did i do that. why are you guys even there? you guys carry not [MASK_D],0
cant wait for us then we deal?,0
my team is the worst team i have ever seen,1
meant invo,0
gg,0
#NAME?,0
hahahaha,0
ez game,1
nice luck,0
LMAO LMAOOO OK,0
g,0
it ok 1 sp for 1 carry,0
np bro,0
zaebal,0
haha,0
GGGGGGGGGGGGGGGGGGGGGGGGGGGGGGGGGGGGGGGG,0
nuke/purge/heal,0
kk,0
how is it even possible to spell your own name wrong,0
mineski gonna be the 1st to get kicked out,0
Wtf no dmg,0
vs dayna,0
walang report,0
he is cuming not coming...lol,0
not even close,0
"the rng gods are with you, my friend",0
lol,0
the [MASK_B] ruptured? ok,1
(:,0
report the fucker,1
haha bye pudge,0
and when eneemies give up,0
lol that tornadio in puj ulti gg,0
im 5k sorry,0
hahaha,0
wow,0
what for?,0
Gg wp,0
solo mid slark incoming,0
he didnt want to waitcan you confirm he want the irony andwaitforhimself?,0
i get to this mmr by random so it's only fair that i keep random?,0
zeus ult,0
come back is real,0
?,0
ich versteh kein wort,0
kek,0
gg,0
? haha jk <3,0
ty,0
gg,0
this pudge has about 1/10 rating of landing hooks,0
what i wanted to express,0
and u're winning a ranked,0
or else this game not recorded?,0
shhh..,0
WHAT DID U DROP WIND ? LOL,0
HAHA DENDI IS BACK,0
common mistake,0
[MASK_C] off sb nob [MASK_B],1
lawl tactical p ha son of whores,1
thats what we've been trying to all game!,0
sure,0
21,0
u talking to who,0
gg wp,0
gg,0
gg this lonedruid the worst in history of doto,0
gj,0
West virginia,0
lmao,0
KKKKK KKKKKKKKKKKKK KKKKKKKKKKKKKKKKKK KKKKKKKKKKKKKKKK VEJAM O SUP DO WINTER KKK VALE A PENA DAR RIZADA KKK,0
he thinks drums is a better item than diff,0
wew ward,0
sure,0
haha check rosh,0
MY MMR,0
Sunder cast on you but didn't do anything I was confused,0
gg,0
mid or aclick enemy fountain,0
www.leagueoflegends.com/register www.leagueoflegends.com/register www.leagueoflegends.com/register www.leagueoflegends.com/register www.leagueoflegends.com/register,0
sedih lagi silencer,0
die back?,1
let me buy retard,1
SHACLE TRY EU DOTA BEST DOTA,0
noob,1
mangoes,0
clock afk OMG,0
reprot me team please report me team,0
LOL,0
hey slark ur lvl 6+ how to do ? Napakatanga mo hah,0
"That's right, they're gonna use their reports on a guy who is letting them end Smh",0
TY,0
lol friendship sven just abandoned them LOL UR DED SON,1
OMFG,0
gret play,0
wared WARDED,0
GG WP,0
gg,0
report mor,0
i won mid 1v1 :D,0
ggwp,0
if your jugg didn;t die befoire u would still have a set of botm rax,0
cant,0
eze pts gays,1
ar1se,0
please be polite,0
peruvian [MASK_A] poor person :(,1
gg,0
man lol,0
[MASK_C] on my salty jib,1
gg,0
...,0
cooldown,0
gg,0
WTF okay that shackle,1
wp nature,0
sec afk,0
rip,0
wtf what a gay,1
just lucky dude,0
i say 3 bot he runs in anyway lel,0
so much death,0
gj,0
you haven't watched ainsley harriott's cokking?,0
d,0
ez mmr,1
yea u see me,0
lina is liar,0
you? HAHA no grandpa,1
duno,0
wp disruptor,0
sickest of lucies,0
dont mess with my team u [MASK_D] !,1
ez kill,1
this is retarded,1
she was solo off,0
gg,0
gg,0
some out sf come out lkmao bher ownes ur [MASK_C],1
lucky,0
commned guys:D,0
haha,0
told them to u will come,0
surprise mothercukeer,1
rofl,0
am won the game,0
dat tryhard,0
HE WAS PREDICK,0
./.,0
no farm pls,0
SKY ALWAYS BLAME,0
lol,0
cmon,0
hahah,0
gg go finish pls this noob,1
give it back or unpause?,0
zeus ult for rampage nowww,0
gg,0
classic UMR,0
the timing tho,0
ggwp,0
IDIOT DOG,1
gg wp guys can you pls report this [MASK_C] wk,1
so you can be so fat,0
globl for rubick? 10 globals,0
ropsh n?,0
coz im pro lur,0
commended u doom alch report him,0
oi [MASK_A] off cuint,1
sorry,0
throws trash,1
haha,0
solo rosh easy,0
Sry wd gg,0
WOW [MASK_D] BACK,0
FAIL MID,1
dont want give a single farm,0
:),0
EJEJEJEJ,0
game was close guys,0
end fuckers,1
answer me then,0
easy to be :D,0
still off onilne,0
LOL,0
:)))),0
wait 2 dc,0
smack my bum good,0
baited,0
ez ganks tusk,1
go end now our carries [MASK_A] more than my mother,1
lol,0
ggwp,0
haha,0
gg,0
SHUTUP ARSE. JUST PLAY THE GAME. [MASK_D] CHICKEN SO NOISY,1
ggwp,0
alc has negative ping and hes that bad lol guys,0
es reported for ability abuse abusive [MASK_D],1
ff,0
jugger sup,0
hehe,0
mek on sf,0
trash tream,1
Rage mb,0
r u ok 7 streak,0
u guys are not delay? its so [MASK_B] delay,0
I HATE THIS GAME,0
i knw you meepo not from ths mmr luck i bosting mmr too,0
be bye,0
pro teammate,0
yeah,0
ez game,1
Midlane gaming,0
nice try ya,0
alche be fat ok,0
rekt retard,1
ggwp,0
gg,0
ez bot,1
For ruining game on purpose,0
this suport prefer to buy mana boots against sentrys :) feel free to walk } no sentrys on this mao mao*,0
lagi,0
gg,0
maybe it will remake,0
>>,0
30 29 27 24,0
moooooh,0
stop def,0
MLG,0
w8,0
cya,0
ggwp,0
tech lvl 11 and he is NOT a late hero IDIOT,1
Y,0
she's just salty,0
where is he from anyways why does he have to use wtfast ,0
who played hon,0
report tifa,0
RiP,0
report,0
:D,0
told u to deny,0
team chat pls,0
no me sf cant kill,0
NO RAVAGE,0
gg,0
DUMBSHIT,1
he is and we are calling. he is stuck on loading screen,0
hahah yea,0
:D,0
izi your mom only yeap? yeap)),1
lol 0 assists for timber,1
ez micro,1
sure,0
WTF WHY NO PAUSE,0
gg,0
zz,0
brilliant rotations coming in from qop dude you played like [MASK_B] qop doesnt die to tiny io mid 2-0 2 min in Unless ur [MASK_C],1
come,0
zez,0
Ez,1
this peruvian so machismo reported [MASK_D] idiot peruvian,1
noobi vi ebanie,1
hahahaha,0
Stfu,1
lol,0
i wanna go home :(,0
not yet,0
that cleave,0
then go quit,0
gg you guys are idiots,1
he still have 3 min,0
Am I going to mid against an SF every day and every game for the rest of my life,0
all hits stun,0
ez setnry by sniper,1
Nah that's the romans The greeks just have statues of naked men everywhere And lots of wrestling,0
[MASK_D] TRASH CARRY,1
can u guys report alch pls,0
report,0
gg es you played goo dmid,0
nothing of value was lost zeus > gyro,0
nope,0
cmd me pls ez game,0
i even tried to make him ulti me,0
:DD,0
ＸＤＸＤＸ ＬＦＭＡＯ,0
? dendi,0
still lag?,0
lol,0
:),0
gg,0
lol,0
haha,0
in 4 days relax,0
wait please fair game this is rank matched,0
hahaha,0
KAAAAAAAAMMMMMMMMMMEEEEEEEEEEEEEE HAAAAAAAAAAAMMMMMMMMMMMMMEEEEEEEEEE,0
#concernedstudent1950,0
? do u think i care in 3v5 game? just farm and go ff asap this [MASK_C] stupid noob game,1
see [MASK_A] late coming cm ahaha,1
huehuehuehue,0
LOL,0
[MASK_B] this game i would rather play in low prio gg cya,1
ggs,0
gg,0
its hard to play when you have no mid and no carry,0
TRUE,0
hahaha,0
^^,0
end pld 2 afk,0
this is dota not doto ur in the wrong game! surpriseee,0
GG,0
tank type nice build,0
pheonix noob,1
ty am really commended,0
lol,0
where ru kitty spider,0
GG,0
gone for runes like 50 seg late lol,0
i give immortal item everyon who report bh kill him venge just dust and come kill we wont atta cyou,1
gl hf,0
gg,0
NOOBS :)))))))))))))))) noob techies delet dota 2,1
Sad BH,1
Fu,1
(,0
nice game,0
ASıoufhsjghsdg,0
wait... we're in 2k,1
no,0
300 lol,0
lol hahaha,0
i miss samuel really,0
:( hi,0
HELLO,0
invokeeeer,0
GGWP,0
just want show ours set,0
xd,0
SO EZ Xd,1
hes noyt,0
you had trilane top,0
i was hooking abbadon you [MASK_C],1
my carry cant farm,0
he said he's not a supp,0
so pro,0
can you su [MASK_D]? you dont do nothing only talking,1
magnus nice gaming,0
ez bot,1
.......,0
gg,0
yee ggwp,0
for sure thats abandoned,0
hahaha,0
cause your not my teamates,0
tuskar ruin daun na slardera 0,0
Lol,0
carry more,0
REPORT PLZ TA AND MEPPO R ?,0
dmg too high,0
zzzz,0
wow,0
lol,0
or end better,0
)),0
what a team omg,0
GG This team Just ask for kills next time They will let you Want to use our jungle? GO ahead So nice,0
I DID IT,0
yeah [MASK_A] that,1
Enigma + puck + elder titan ! = [MASK_B] hard for us,1
hehhe,0
fucksake,1
hhhh,0
just now ask me to cry more ?,0
you can have it,0
okay,0
gg,0
WTF,1
just report mirana and troll to help us,1
use him,0
SPCE SPACE,0
see lina alwys die hopeless just stick mid end it,0
just 2 noobs top,0
sfs cracked it,0
i dont counter any1,0
well timber to be honest you should have just [MASK_C] on slardar 1v1,1
omg he told you 4k noob?,1
happy def,0
es why not stun me,0
ember < cent,0
and they win omg,0
ggwp,0
commend me,0
gg,0
SHORT OF 1,0
[MASK_B] aegis hahaha noob,1
yah means im bad,0
you too,0
ezgame,0
commend the comeback! lol!,0
ggwp,0
GL HF !,0
ez?,1
gg wp report invoker hope his mother will die tommorow,0
on my team,0
gg,0
When you greedy for a kill,0
.i.,0
ggwp,0
he think he kill many win,0
byebye,0
GG bot gg levi,0
this count,0
wp :),0
gg,0
commend pls :P my map so [MASK_D] dark even bat man cant see :( wk didnt ward for us sad planned ?,1
going going,0
but actually io want to be 15 years old,0
hahahaha,0
Seconecto Te odiO hpd,0
i dont want to know you go away ><,0
REPORT HUSKAR SCUM,0
GG,0
lol,0
ez mid,1
indonesia,0
hahahaha %100 worth it,0
holy wodota,0
EZ,1
u were [MASK_C],1
george bush,0
haha ez brezzy,1
[MASK_D] TONYH [MASK_A] TONY,1
ty ursa,0
Mangoes,0
GG,0
tactical feeding,0
they got fed.,0
gg noobs im TBD rank,1
just ditch it whoop,0
invoke do more than u useless shaker,1
mirana how domu have a deso,0
hahahahaha,0
rdy for lp,0
noob ta,1
lmfao,0
gg,0
now u gona say ez mid? :D hahahah,1
lagggggggggggg ffs,0
haha,0
gg,0
this mexican team playing in a american server what a [MASK_A],1
hello?,0
get rekt sk salt is real,0
xzxaaxaxaxaxaxaxa,0
gggwp,0
WTF,0
gg wp,0
"Jk, just acalming him down JK i actually didnt report u axe",0
nc,0
haha,0
NICE TP WK IDIOT AND STUN,1
ez,1
Ggwp,0
hha,0
ya u lucky [MASK_A],1
wp meepo commend him great carry,0
yea his top,0
:),0
end no def anymore sf feeds aswell gg wp can u go throne i beg you this game,0
ahaha,0
ruskis,1
+,0
afk 3min plz report him,0
GG NOOBS GO DIE,1
nice game :D,0
i think we r gg,0
REPORT BARAT GGWP,0
have tp but dont wanna help wp dire razor farming at your neuts radiant low hp go kill that [MASK_D],1
[MASK_A] u,1
xD,0
dnt kill me pls,0
gg wp :) was fun planting bomb :D 50:00,0
ulol ka,0
ez,1
lol,0
my lc more la go like supoer man 1 vs 5,0
:D,0
TIWALA,0
sneaky,0
?,0
kale_?,0
lol this jugg,0
so much alche right,0
haha one hook wipe,0
:derp:,0
no tp team,0
:(,0
ez u should be happy ?,1
screwing with yas,0
lucky 4 vs 5,0
cold snap kid,1
all good [MASK_B],1
slow death,0
no quiero,0
hahaha,0
G,0
[MASK_D] u,1
lol pause for? don't make me laugh,0
silencer viper ulty mi,0
aggro is in the offlane,0
is he coming back?,0
5,0
how invoker,0
and cuz hes peruvian Double the fun,1
:D,0
whole team came T_T,0
reported lina pls,0
ez,1
gg,0
jajajaja,0
you do have a [MASK_D] team,1
LOL,0
yap,0
commended visage,0
excited? still wrong =s,0
hahaha tim noob xd,1
aw so harras,0
stfu u can't play,1
u so fking nob [MASK_D],1
make him play low prio hard to get out of low prio now hahaha,0
[MASK_A] off slark,1
commend me first,0
ื,0
i think they are ur friend wk,0
lol,0
gg,0
xD,0
ta is 8-5 magnus is 0-6,1
what does it mean,0
by eminem,0
me too war has no pause,0
gg wp,0
you,0
u too much talk,0
hows doomn not got a drum the entire game hes got 340 ms,0
dip [MASK_B],1
kill him i dont even want to know wth you 2 are doing,0
:D,0
who lost the game for you??,0
wtf,0
rip coins we give u chance,0
30% or 100%?,0
the dcs the waits the rages the time,0
wp pudge!,0
Sniper Noob !!,1
gl,0
tat ulti,0
fuk gg,0
gg,0
oh what a blink,0
[MASK_A] this tiny,1
rubic carry last pick olo kod of time kid of time,0
"Ok reported, leave now",0
trying hard doom?,1
how long?,0
sad,0
he aint coming back,0
?,0
lol,0
nice hookshot,0
lol,0
no u didn't 10 mins bottle is not,0
haha tiki,0
one and one ahahahah xD TEAM RETARD,1
just wait,0
spectre,0
gg,0
..,0
ty for the swap dat bb,0
:(,0
nope Wtf is that zz,0
?,0
gg,0
if you just could have seen me coming :(,0
No one cares about you kid,0
GG GG,0
tyty,0
commend the only support of the game lol,0
gg,0
GGWP,0
gg,0
4vs 5 really?,0
ya'll kids?,1
this is the only fun i get to have,0
? 5 vs 5 we have 5 alive you? youmadbro?,0
14 13 12,0
GG,0
sad razor haha pudge and mirana cant hit [MASK_D],1
[MASK_C] movistar :c gl hf guys,1
my english is ok i think,0
restarting comp,0
HAHAHA,0
Ya then its step two r?,0
L,0
report void pls,0
:D fun lina,0
feed ?,1
lol,0
Just Like Mother Used To Make,0
he didnt know u were in the game,0
:D:D,0
he didn't rat for [MASK_C] lol,1
pause i dc,0
ye void is a rly bad [MASK_B] carry xD,0
YOU,0
yea storm is good,0
first swap of the game,0
GG,0
haha,0
mirana please report,0
nice charge idiiot,1
atay,0
okay 5 man mid 5v5 lets go whoever wins optjer concedes,0
ez gem,1
baia baia,0
feel like 1vs5 useless carry,0
wp,0
haha paper haha,0
Is it brewmaster. I have him muted. Please just report him.,0
come to me again my boi,0
[MASK_D],0
ggwp,0
report,0
why the [MASK_B] are u still defending [MASK_C] retards,1
gl & hf,0
report balanar ty,0
those razes,0
hahaha,0
ROFL,0
sf cry,0
its a wipeout,0
thx team all the way look,0
internal problem in your team? lol,0
?,0
Gg,0
??,0
+,0
we are,0
Ggwp,0
u appeared before me what should i do? heang,0
ggwp,0
gg,0
ggwp,0
bb,0
haha,0
no prolem,0
ez,1
alch did you just give out your address and promise free blow jobs before the game or something,0
the dream,0
WAS WORTH?,0
comin,0
fuzzy [MASK_D] wuzzy,1
last pick meepo ne zayehal,0
pahha,0
ogre ags offlane slardar pt ez lane 26 minute [MASK_A] sniper,1
wew,0
ez,1
GG,0
THAT SWAP HAHAHAHAHA,0
he got games tom,0
XD,0
hahahaha 2 minutes and i could make you're mom [MASK_D],1
wrwrw,0
why?,0
he is blaming now i think,0
soooo soft,0
zzz,0
:),0
G G,0
Pls dont cry,0
Nc,0
"Btw, I had your TH+SB premute Should of said something",0
HOW DO YOU GUYS NOT END IT BY NOW,0
Didnt even know you were there I guess Because he had ult,0
you are lose this game trust me,1
fickijg,1
dual mid 2 strong,0
motehr fucekr noob bm so ez,1
yeah i heard,0
[MASK_D] you,1
gege,0
pause for what,0
first hit bash owned why u mad jugg,0
maybe 25mins in,0
report tiny thanks,0
QQ,0
?,0
stfu,1
[MASK_C] moron,1
hard yyy/,0
gg,0
that silent,0
credits by lion,0
yo void,0
ROFL,0
nice game,0
GG ez4 es,1
commed me ty,0
rekt,0
ur sister is dead,0
lol,0
ez,1
COMMNED,0
haha,0
gg this noob win this easy :),1
wait let me get a line,0
?,0
you pause your mom,1
ur just too high skilled,0
ok timbersaw,0
octine manta,0
wtf this pl,0
we go wait at wtf,0
creeps have more dmg than ur heroes,0
wp,0
i'm a beast bro,0
lmao,0
this inoker was 1-7 when i reconnect lol and now flamming ppl sad story i was 1-5 this invo was 1-7 wutever duuude,1
yes!,0
we cant wait how mnay times should i pause,0
LOL,0
woa woah magnus mvp,0
haha,0
highest mmr in the game got rekt,0
[MASK_D] my [MASK_C] linch :3,1
?,0
can i have an aghs alch,0
ward,0
u stupid,1
commendable motion,0
wk always no mana Lol,0
your the dumbest person by far,0
? huh sniper,0
avicii best song,0
par lar,0
xD witing all thistime for me,0
u cant?,0
gg wp,0
Kek this pause,0
relax,0
haha,0
Tusk ur friend!!,0
its not sf mid supprt sf dont pick qop for mid and lina da ya otvechay ne pikaite qop rofl,0
gj lycan,0
^,0
bounty bro,0
looooool,0
l2p,0
i was rooting for you guys too then you killed me not cool,0
kogut kogut?,0
enjoy the mmr i dont slardar,0
dieback gg lich,0
end gg,0
yeah but low connecting,0
[MASK_B] you timbersaw,1
ROFL,0
so? still dead,0
let se see,0
gg guys go end,0
intro boy,0
say something pls,0
okey,0
oh get fucke,1
mahirap na,0
?,0
gg,0
Haha,0
the truth is good,0
haha,0
zzzzzzzzz,0
youre sad,0
ahhahaa,0
i can buy a lot of couriers,1
please report dazzle for feeding,0
well said lina lc is back,0
cm agh,0
lol,0
bkb is very needed on BH,0
ty,0
ggf,0
reprot pudg and torll plz,0
XD,0
if you pushed your advantage,0
lol,0
go throne We wont def throne,0
report blood,0
GG,0
ez,1
like it damn storm,0
izi bithces [MASK_B]*,1
gg gg wp thx void,0
CMD ME TEAM :D,0
just end fast,0
sad happen i have a big [MASK_A],1
die [MASK_A],1
gg,0
[MASK_D] acc buyer noob,1
PT??,0
hes OL even before 4 min ago,0
what he do.',0
gg,0
GG,0
my team all farmer gg,0
4 hits silencer :D talk about fed.,0
88,0
WD RAMPAGE,0
idiot,1
Still wanna win radiant ?,0
SOS UN ASCO PUDGE TE REPORTO NO PODES JUGAR ASI EN RANKED :V,0
finally,0
rec,0
hi mom! im playing against a 5k mmr,0
:D,0
gg,0
gg report my team,0
FUCKTARD NOW IN GAME,1
f9 f9,0
? mjst be,0
aiyo think rax 1 lane can comeback,0
really? you guys didnt wait us,0
,0
pause,0
"noob ,/,",1
[MASK_B] tp i have arcana-pa 2015 :D izi katka,1
dont be mad ns,0
sureness,0
but who was blame,0
ok guys prepare to die,0
go back to 3k where u belong,0
oh ffs,0
is real,0
"going 1-11 wasnt enough fo rhim, now he's buying chickens classic cyka",1
gg,0
intro boys,0
omi said this carry,0
ez joob,1
ggwp,0
<3,0
poser,0
he call me in phone he is comming,0
?,0
12 year old gangsta,0
it's 84 min legion needs to steal dmg not farm lol,0
wp od,0
noob fucks,1
f9,0
"hi all,good luck and have fun",0
gg,0
i know...,0
hehehe you're,0
im sorry man for before,0
?,0
LETAS ALL REPORT RUBICK FOR TEH LULZ,0
LOOL,0
[MASK_B] lag,0
we cant wait,0
gg ez,1
wow? ohmy,0
lelele,0
dance in that [MASK_A],1
gg ez,1
p mid,0
dm carry an?,0
haha,0
let's see,0
end haha,0
[MASK_B] you,1
ya eh,0
alright my friend rubikc,0
cry babies,0
cause you are [MASK_C] moron Thats why,1
lmfao,0
add,0
gg,0
cant say it wasnt OMG,0
lel,0
nice base,0
me plz,0
did silencer bb?,0
wahahaha,0
,0
they all lanning in my basement lol just naked n [MASK_A],1
lol haha gg sf,0
haha,0
:D,0
ahah 4 +1 players,1
report wind,0
he was the only one who went?,0
ggwp,0
),0
ILL: throw,0
focus me more,0
ure quite bad,0
easiest puck support match ive ever had,1
ｌｋｍｆａｏ,0
haha,0
So close ursa,0
sf too high damage,0
hah,0
can we wait guys ? for fair game ^_^,0
lol noob am :D die cm,1
imd ead im alive,0
Muting team,0
noob ./.,1
oh,0
gg wp,0
sk reported,0
?,0
+_+,0
michael phelps,0
all g says he is offline wait a few min,0
combo wombo,0
y u mad? ty,1
aaa aaa aaa aaa aaa aa aa,0
LOL,0
hahahaa,0
love randmon [MASK_D] pudge suicide #skill,1
report Lesh,0
tema daynov krome wispa,0
hahaha,0
dont you love creeps,0
sad for malaysia,0
FKC YOU,1
32/30 hook :) not bad ? :),0
AHhaah,0
2 mid,0
gg,0
ALL SLOW :@,0
lycan got a blink lmao,0
ez mid ez life,1
lol,0
there is my bro,0
u called gg all of u and yet u lose l2p please,0
wait,0
deine mama,0
haha,0
blame teammate,0
29 mins dag,0
hes dont leave,0
yeah but they goin yolo with no BKB,0
lol?,0
lol almost die,0
GG,0
free to report for attitude :3,0
am [MASK_D] wodota?,1
what a game,0
shut up youre dead,1
look at score,1
party players ,0
PINOY,1
report void gg,1
bobong mid tang ina,0
1.4 k gold :),0
thx for doing it before,0
let us end fast Dont waste time no hope,0
could u leave now?,0
"./,.",0
"I love how you focus me every time sure I die, but 5 of you die :DD",0
no barbaric sry,0
gg,0
ONLY PHASE BOOT,0
ENOPJOUAY!,0
lol,0
hehe,0
lag ty for unpause i hope you need one later :),0
wtf moment,0
win only talk [MASK_A] pls,1
it is solo queue man,0
lol [MASK_C] tusks [MASK_D],1
sure pudge,0
"wait clinkz [MASK_C] this blue wait doom p[ls report clinkz waoit doom, zzzz pls report my team",1
what a [MASK_D] [MASK_C],1
END CTM,0
12 deaths after being fed 10 x seriously,0
he's just doing a recon mission if you were half the team we are you would have 8 kills ohkay then....,0
1,0
kkk,0
your just bad,0
predic fail viper lol,0
no courier gg,0
Gege,0
commends pls,0
end im tired,0
wp,0
ezy,0
lmao,0
?,0
Straight mid guys,0
nope u will win keep pushing,0
ff pls best supp ever no qward luna free farm,0
win first there was no alc this game what you talking about [MASK_B],1
no one kill husker,0
ok,0
recomiendane+,0
lolk,0
hAHA A,0
ty,0
?,0
qopa dura deso sobrala,0
gg,0
1-7 carry is flaming and blaming others :-D wtf game :-D,1
|XD XD,0
yooohoo,0
tell him to stop,0
o [MASK_C] they carried u but u dont unerstand,1
Hahahahahahah HAHAHAHAHA HAHAHAHAHAHAHAHA,1
ALEG ALEG AELG NA RIKI,0
gg,0
lol,0
gg,0
thanks,0
Wtf this team wtf this lc WHAT THE ACTUAL [MASK_A],1
gg,0
:O,0
? Pro jukes?,0
wodota funny,0
i think normal match,0
tbh i was leader es lol,0
should have roshd,0
singsing on our team wtf,0
sec,0
im just to good in your level,0
hey venge you mad,1
ok bro,0
and pause while doing it,0
wtf!!! void,0
okay 1 min,0
pls dont waste time,0
wsip come back baby HAHAHA wisp i wake you up 2moro,0
mad?,1
haha y u go just let me dead,1
bg,0
hahahahhaha,0
its there potato comps,0
jogo muito n só desisti dessa partida,0
haha,0
lol u were dis?XD,0
,0
no we dont,0
bobo ez,1
wow 2300,0
lol,0
ay lmao,0
maphack,0
lusting <3,0
commend me pls,0
sf with qb [MASK_C] my life,1
u didnt see that much id say,0
FU,0
he has mouse problem,0
izi bot,1
GOOD BYE 4K GAMING HAHA,1
u trilaned first,0
because u miracle- we gg,0
BURN IN HELL,1
wait,0
LET'S REPORT VENOM,0
LOL excuses,0
wak kok lawannya cupu bgt ya sorry wrong chat,0
best sf ever,0
(,0
ez against this am? ofc,1
pa guys,0
and only 96 duel dmg,0
rofl,0
ez friend,1
well played,0
done commend me reported bs,0
a bad luck nightr,0
tyty,0
really ez game won even with that slark cant believe,1
HAHA,0
ez katushka,1
1st time? grats,0
haha,0
wasnt i feeding early game?,0
dfsgahzwreas,0
[MASK_A] you invoker,1
guys ... hes coming back.. can we just wait please,0
hahaha account then 1k mmr [MASK_C] your self dude HAHA ./.,1
hahhaha,0
this guys,0
[MASK_C] u,1
sorr,0
vodka,0
4-0-4-0,0
don't def ? xD haahahah lame team xD XD patehtic ^^,0
should be kotl,0
hahaha,0
account buyer,1
?,0
commed me,0
commend that man,0
LMAO,0
*commend,0
LOL?,0
nice stacks gyro ,0
lets wait when he respawns,0
kontol kontol,0
wai i cant move Help i cant move my hero help me,0
jugger trying? U shouldve seen mid voker got so babysat,0
snickers.,0
my team is kinda wrecking itself,1
we all 5 team matchmaking,0
afk tuskç,0
=),0
report well deserved.,0
wow,0
"lol noob, refresher on sf ...",1
we won,0
Davai2 bratan,0
i dropped all my items accidentally help,0
?,0
lol you've dualed me twice in WR,0
bb ?,0
i lov your shackels,0
lol,0
steam profile online might have crashed 2 mins please then we'll go,0
D:,0
i will report him in my group in vk.com 4k ppl,0
what a game,0
report PA for PA,0
GG,0
gg close game,0
GG GGWP ALMOST 1 hour HAHAHAHAHAHA,0
rec there is bug ty radiant ty,0
great game ill be watchin replays,0
stfu,1
cant expect much from am first pick man,0
yeah i did,0
scared ?,0
spectre is really looking for a smack,0
re´prt report mid,0
ggwp,0
ggwp,0
lol,0
lmao i tried,0
gj rubick,0
dont know how to carry a tp :S,1
AW NOBBBBBBBBBBBBBBBBBBBBBBBBBBBBBBBBBBBBBBBBB,1
why not?,0
its the year u dumb ape,0
gg,0
topgame gg,0
lol that am pick sure did good tho,0
noob mid*,1
AND NOT THIS SF relax lane bot for doom my shaker carry always farm on jungle and no help for kill this doom but its europa,0
omg :O,0
SWAN,0
:D,0
my wr went blink instead of midas nice blink wr,0
pudge lol,0
got doom dw,0
that mole,0
ox ez game,1
he said 'I lose bot cuz you take my farm '!,0
hahaha hard looser,0
im the best,0
yap ever,0
dang,0
bravo form e report me :d,0
Hahaha,0
smart :),0
end 5 dead..,0
rly focus lich,0
talk,0
earlier,0
sk is a kid,1
gg na yan,0
anyway we got slark with 0 frags,1
gg,0
I WAITING FOR U,0
nice buyback,0
pudge hahg,0
okay thats my reports done for the day gg,1
doom you really ::@H@H@H@,0
[MASK_D],1
gg,0
LOSER,1
gl hf !,0
I already did,0
?,0
ye i see,0
SAD,0
..,0
PFF,0
LOX,0
dont leh what the,0
see free mmr,0
mi win sin nad,0
haha haha,0
dont [MASK_D] riki,1
REALLY :),0
top was too ez,1
say void,0
why doom?,0
keep up the good wrok :),0
Report Axe Ty,0
uncle Benn die again,0
"jugg,commend me,help u alot :D",0
SRY,0
wow nice swap,0
he did it out of love,0
lol Rage quit,1
so greedy,0
nice timing,0
bara stop nice,0
mga ulol,0
zl,0
haha,0
are they peruvian,1
greeting to my mom lina,1
report pls intencional feed,1
#NAME?,0
lmfao,0
why you run spec,0
gg noob,1
ez,1
dang,0
nice 100 hp gank lol,0
week,0
10/10 CANCER,1
easiest -25,0
good duel,0
rough decline from here,0
OR I DIE TO CANCER,0
meepo throws Gg,0
i don care commend actually just wanna teach this jugg lesson,0
jugg said he will feed jugg said he will feed,0
w8 dude,0
NO WARD we happy no ward,0
eu adoro bater em rubick q quer pagar de q joga muito kkkkk,0
spectre noob,0
pro abbadon,0
buyback is ready,0
ELDER DC CAUSE HE NOOB,1
dc,0
defend base la,0
nice hook,0
ez mid ez game,1
?,0
pfff dota 5 vs 5,0
A'Munic is gonna have his e-peen cut by 25 mrr he is very frustrated,0
NO AS I WAS COMMING OUT OF EULS BEFORE BLINK (WHICH HAS NO CAST TIME) WENT OFF U HOOKED ME,0
intentional feeder,0
no,0
"let it out, dont be cruel lol w8 ..",0
flash stacks gg,0
XD,0
gg,0
ty,0
can you? nice one,0
pls report SF he deserves low priority,1
thsi qop plays with u so ez,1
|there no space for u in dota 2 am better quit dota and wash your clothes,0
SAD GAME THESE GUYS BLAME ME,0
wp slark you [MASK_D] pudge really good,1
yes,0
Its gg,0
Ez,1
this necro wew i got good items what the [MASK_A],1
i was afk,0
i want win for my little sister who suffers from cancer,0
big combo man,0
hello,0
the only hero where you aim w to get insta kills haha,0
wow pinoy um nah u werent but wtv bruhh GG :D,0
haha nice,0
,0
NO,0
wasting my mana,0
wards,0
wtf,0
gg,0
that it was,0
u ?,0
one [MASK_A] techies then gg,1
riki = win :D,0
#ezMMR,0
yeh bb,0
ok,0
[MASK_B] short mana,1
hola doom :3,0
mistakes made?,0
TINY?,0
asian size,1
gege,0
lol it's ok,0
ez for this alche 45 min farming commend him,1
easiest jug i have ever vs ez mid too ROFL,1
like flashy plays won't give wr farm nice,0
wp,0
LOLz,0
don't please,0
GG lolz free mmr,0
zeus reported,0
whhy,0
ez MID ezzzzzz,1
LOOL LOOOOOOOOOOOOOOOOOL,1
ALCHEEEEE WATASHIWAA,0
HIGH GROUND BOYS,0
report invoker?,0
its a throw my [MASK_D] HAHAHAHAHHA,1
die,0
gg,0
and ruining games,0
:D,0
our alch is something :),0
just wait,0
GG,0
jajajaja how r u i am under the water pls help,0
NOOOO LOL,0
Hahah,0
ok,0
=-),0
gg wp gg wp,0
?,0
commend me,0
HEHE,0
Haha T_T,0
?,0
gg wp,0
galing,0
where you at,0
LUCKER,0
sit out bounty,0
lmao LMAO this guys hilarious stuns and doesnt trigger,0
?,0
blademail isnt gonna save u buddy,0
you get retards like venge,1
did,0
wp sk if u not die me on lane,0
Gg,0
noob team,1
[MASK_A] your split :-*,1
this ember is just,0
commend me,0
:D lol,0
gf sending nudes,0
THIS HUSKAR,0
ok,0
ggwp,0
g,0
rofl,0
...,0
Ez mid but lose :),1
really ?,0
how long dude?,0
#sniper,0
|cumback not real,0
"report nobody, what the hack Oo",0
EZ,1
he commin?,0
for noob play,1
BASURA DE INVOKER,0
lol,0
hahahaa,0
why me wtf,0
nami pang tudsun,0
lol rage?,0
reported,0
JAJAHJAHAHA,0
kill your friend,0
no alpha wolf? :P,0
tinker while ur point is right,0
gg wp throne,0
dafuq,0
we lucky :3,0
rekt rekt naga get refresher and chapstick before chavstick,0
i mean,0
yeah cool,0
:),0
haha thanks,0
no vision shoot,0
Xd,0
ggw[p,0
GGWP,0
4 MINUTES TO DEF OH I THOUGHT WE GONNA LOSE THIS GAME FOR FREE MMR,0
hey sk sure win,0
gg,0
EZ WAHAHAHA,1
just mid and end pls so we don't wasteour time,0
LOL,1
sorry,0
me?? jajajajajaja,0
guys u are lost this game stay afk for sure,0
k,0
g mid,0
says the capt that did not said a word at pickin now he complains,0
i think b for him is fight such retard,1
just tell me,0
comeback,0
[MASK_D] EM ALL xd,1
END PLSS,0
gg,0
MY TEAM FULL OF LUNATICS,1
he didnt lose mid i lost mid s ohard,0
amen tobias för helvete,0
GG,0
top,0
FARM? UNTIL END?,0
no [MASK_B] you,1
nah like i said hes cute right slark glad u luv him plz w8,0
wow dat axe,0
16 de 3 :) off laner,1
reported,0
Yeah my point exactly,0
sorry big god,0
?,0
gg,0
:),0
ya fake summail lapsap,0
ty,0
gg wp,0
Gg wp,0
NOW YOU ARE ALLLLLL DEAD,0
k unpause,0
OMG,0
WOWO OMG RLY?,0
DAMN THIS BREW IS GOOD EZ +25 UNPAUSING [MASK_B],1
GGWP PRO PUDGE,0
Stop [MASK_B] Lyin always lyin to me,1
Live streaming the game right now: www.twitch.tv/xarub Awesome people welcome!,0
YOU TAKE MID,0
haha,0
why you aim me Drow ?,0
gay [MASK_A],1
?,0
stop whining,0
Gg <3,0
wow essence shift much?,1
gg wp,0
looy pud,0
wtf level 2 stun,0
#Coinz,0
headshot 4 dead,0
LOL,0
?,0
this is just so sad,0
weird teamfights,0
i blinked before hit,0
report slark,0
sure,0
bye ok,0
gg,0
feeder win,0
give me a good song pls or a set of jams,0
come,0
gg,0
nice ember,0
ok w8 pls,0
NERD,1
did you wait for AA,0
sure go go passion,0
2 PINOY,1
roshan gogogo,0
o wrong,0
stop saying ur moms name bro,1
[MASK_A] U RUNNER,1
absolutley [MASK_C] retarded fucks on my [MASK_A] team [MASK_C] you timber [MASK_C] [MASK_B] [MASK_A] you doom,1
ahahahahahahahahha,0
pause?,0
ez mid gg,1
had to carry noob troll xD From offalne xD,1
he'll just unp..,0
would be the same anyway you lose,0
no he has no idea what it does,0
HAHAHAHAHAHAHAHAH HAHAHAH just in time ^,0
yeah ez,1
magic?,0
ez gay naga,1
just report sf,0
Stfu [MASK_C],1
33 min tinker safe so good,0
haaaaaaaaaaaaaaaaaaaa,0
dont make me mad pls,0
ez,1
lol,0
no you have am and alche,0
ez,1
? Rq,0
gg wp stupid team,1
^,0
yo just end' lmao tryhards,0
thats what you get by having a melee support spec,0
ggwp,0
what,0
haha,0
rc pls,0
no,0
fast scepter 30 mins(,0
?,0
wp,0
roshan,0
report ta pls,0
how long?|,0
new year?,0
you almost die,0
that lc,0
hakey,0
haha thats all you can say gay? [MASK_B] a [MASK_A] gay,1
ok,0
LOL,0
GIVE HER RAMPAGE XD,0
ez,1
its dazl mid strong crfat armlet,0
lmao 300,0
like 1k ping,0
ez kid,1
gg retard blue talk [MASK_B] please do,1
wstyd zaoszczedzony panowie,0
need luck in random player for win,0
crybabies ur all [MASK_A],1
no i mean ur master hmm u are his dog,1
mooooooh,0
u like safe to leave?,0
GG,0
home baby,0
LOL HAHAHA,0
oh wait he was actually trying to trash talk me,1
against a radiance miss chance is just too much gg wp,0
why me omg full peruvians briste without first skill,1
=),0
woah,0
gg,0
gg,0
np,0
For the sake of not getting him on your team you should want to report this dude,0
[MASK_D] i missed the timing instant retribution,0
yup,0
[MASK_A] you BB feeder BB,0
yes?,0
commend support xD,0
tiny wp u in our team commend tiny gave me triple,0
0.3.0,1
gg wp,0
haha,0
Lol,0
HAHA,0
sht,0
just end,0
Hah,0
THANK YOU COME AGAIN,0
ez ez ez,1
Boris,0
G rs,0
GG we have no wards LOL,0
if have 5 k like this i don't want to go 5 k :) really useless wk,1
gg,0
go clinkz hit me,0
ROFL,0
meka after spec rad LOL,0
[MASK_B] am!!!!!!!!!!!!!!!!!!!!!!!!!!!!!!!!!!!,1
10 years no bkb,0
[MASK_B] it techies,1
[MASK_B],1
jaja ?,0
let him reconncet,0
`SCARED AS [MASK_B],1
hello tiny,0
we focken lost,0
seriously from min 1 storm and [MASK_D] pink arguing about mid probably both 4k shitters unranked is better than this [MASK_C],1
[MASK_D] U TIDE,1
?,0
WAT,0
gg wp,0
xd,0
gg wp,0
top dauni na lc v lesu Gg wp,0
lol,0
AM PLEASE,0
jugs was crap,0
i do that all the time,0
HAHAHA,0
reportslark thx,0
JUGGER FARMING,0
volume on zero [MASK_B] stupid people,1
^^,0
ggwp,0
::___,0
:),0
you started unpausing for slardar straight away,0
OMG,0
ff pls,0
yah,0
GG wp GG WP ez team FINISH FAST PLS REPORT VS AND MEDUSA ty,0
no ?,0
teams retarded,1
o.O,0
EZZ,0
GG WP,0
))),0
ww don feed ur carry [MASK_C],1
you dont push,1
why?,0
Losing mid to potm Isntant unpause Somee1 is mad,0
haha,0
no ss ogre,0
wb!,0
gg wp,0
yep end,0
try is hard,0
ez mid?,1
invoker noob,1
wow what a spirit,0
?,0
noob dog LIKE LC HAHAHAHAHA,1
d throw is real,0
NEED RESTART,0
yea u p[lay like [MASK_D] tho,1
legit,0
Yeah maybe now you can get your second tower,0
rematch he will not be able to reconnect dota reborn bug,0
top,0
your grammar wounds my eyeballs russian scum,1
GO!!!!,0
SUICIDE,0
gg,0
lag,0
[MASK_C] off piece of syhit cnacer rage? GG,1
this game [MASK_B] [MASK_B] [MASK_C] just cuz of you dist [MASK_C],1
GG,0
Stop feeding,1
WOW ss youre [MASK_D] dont know how you lost mid,0
what seriously what the [MASK_A] was that,1
u should feed us get back at them,1
in which country of eu west do u speak that language,0
e,0
ahhhhhhhhhhhhhh,0
kl,0
ff ez pudge [MASK_B] pudge picker,1
dont know dont ask im tired,0
u nkow its a good start,0
10,0
report spectr,0
Haha let them doom :),0
AHA HAHA,0
lmao,0
fail mid,0
that i lost previous game,0
wow you guys dont want me to get smaterz?! TA youve been on my [MASK_B] non stop homie,1
resume again i quit,0
Dk no stum nice,0
Lol! WAOW!,0
hp ?,0
rustard,1
ooohoo,0
ez,1
feeder reported lina,0
SK ?,0
yeah,0
this is trash 3k carrys and qq lich,1
gg,0
qop feed?,0
ezzzz,0
lol,0
[MASK_A] off,1
(,0
i dont have blink you know cant save you everytime,0
all over your chest,0
:D,0
caya cmtr,0
NICE,0
gg wp,0
feed Yes,0
ready?,0
GG,0
hahahaha,0
TAKDE BGTAU I AWAL AWAL opps OMG SORRY,0
phase boots..,0
gg,0
+,0
!,0
ez sb,1
pro mid,0
scared? :D,0
just end,0
we're nerds?!,1
my darling frieenddd,0
ez supp,1
EZ MID,1
we have ember noob wtf fail,1
jaja,0
never saw so much failed mid and hard carry,0
Alche still seems to defend :P,0
ez? U lose t2 3,1
rapier = best item in game buy rapier every game and you will win,0
ez mid qop?,1
W8,0
im getting too intelligient,0
WOOO piece not peace,0
stop defending plz,1
nah,0
run sf run son quick run lawl,1
ty for all the tree trees,0
wait pls,0
two mins,0
wk,0
WOOOOOOOOOOOOOW,0
gg wp,0
top feed bro,0
no time,0
ez motherfuckers,1
gg,0
not rc,0
wp,0
hurry the [MASK_A] up,1
that for pudge [MASK_D],1
ez mid,1
EZ?,1
haha,0
but u arent skilled,0
he dont know how to [MASK_B] control lane,1
we wait,0
gg,0
mirana you ... you oh,0
XD,0
ezmid,1
reported ES,0
noob as always,1
not teamfighting with them anymore,0
lol,0
wtf is ur problem??,1
is this greek,0
ggwp,0
shut up can ? wtf,1
you're gone,0
"yeah server may down, packet loss 50% so [MASK_C] sry wrong chat",1
ok,0
lamo,0
( Trable?,0
SJ,0
gg,0
ne gg,0
"well, you're not pushing",0
gg,0
Gg,0
AND [MASK_B] WR,1
epic 5 man you spics?,0
omni offlane LOL,0
ITS NOT WR ITS YOU GUYS,0
lolol,0
glhf,0
rs rs Rs rs Rs rs,0
we know you'll die soon its okay,0
yes Today :S?,0
lc cristalis,0
rc only bcos of lag,0
gg,0
terminen rapido,0
ya,0
^^,0
wp,0
playing mmr with [MASK_C] pc,0
s,0
ROFL DP,0
ff im afk,0
ty,0
wait waaa,0
HAHAA,0
gege,0
[MASK_A] team,1
wow,0
STFUUU,1
That is good enough,0
hahahahaha,0
slow,0
we cant wait that lo ng,0
fck [MASK_B] DC,1
We won early and mid game too,0
[MASK_C] [MASK_A] holyshit,1
life is life,0
commend slardar,0
nice wr support if i had that some good support,0
:3 agian pls,0
2:11,0
areu high,0
no mana lucky,0
jesus,0
},0
Spouky ?,0
ok,0
idiot bb pls,1
haha lol haha,0
if i had a support game owuld have been ez but i got ttrash aa^^,1
kk,0
Report ss,0
[MASK_A] you all,1
he is dead la,0
cant wait till wr nerf,0
rubick i fuk ur mom bloody,1
gg,0
yo [MASK_D] you,1
:D,0
LEL GGWP,0
HAHA,0
noob u,1
[MASK_C] voker,1
i'd say he's got depression,0
END FAST,0
lol ahgahhaa,0
haha,0
noobest am :),1
he paused to discuss the situation tactical pause,0
./.,0
gg,0
you sure thats it?,0
just a 3rd straight loss in a row,0
?,0
rocket-_-  russian retard,1
horoshiy doom,0
hit freeand me againt wr see hahhaa why?,0
end end,0
Yeha]1,0
really,0
gg wp nooob team,1
&&,0
very ><||,0
nice hero pick,0
tampar aku mas,0
hahaha are you sure but im happy,0
end thanks 4 cancers,1
my am is noob,1
i knew it i felt the pressence of the dark lord,0
lick like omfg,0
Ez katka,1
and?,0
hha,0
brown afk,0
pause noob venge pause venge noob xaxa this noob venge pause tard,1
bravo alo,0
actually I should receive the commend,0
+ Lfdyj gjhf,0
gg,0
ulti me more often necro please,0
k,0
thx fo rthe int fuckboys,1
"trash talking? afraid to speak English, you illiterate [MASK_A]",1
nice ta,0
fu cena im the wwe champion not you,0
HAHAHA,0
PA BEST RLY ))),0
es alive i show mercy,0
JOJOJO JOJOJOJOJOJOJO,0
lol oie,0
Wew,0
sec pc hang,0
carry por suport :),1
lol u failed bottom,0
?,0
./.,0
ggwp,0
ogre mid>,0
lost mid +,1
LMAO he didn't he. he didn't. LOL,0
"bb m,agnus",0
Ez mid,1
GGWP WP SF,0
wp luna,0
ez,1
idiots,1
WOW,0
... LOL,0
shouldnt have lost ;(,0
ahahahaha,0
BRAVO,0
[MASK_B].,0
no?,0
Ez?,1
2 time die by neutral wtf?,0
so sad,0
ez mid,1
how u know ?,0
shas bi ld picknut mmmmmmmmm,0
is this even rnked,0
courier kill first,0
wp,0
GLHF,0
lol,0
we waited like 5 hours,0
gg,0
IDIOT SILENCER,1
dmg so feeling good? noob?,1
lol,0
u cant sound cool saying that when u just missed your stun,0
GG,0
write me pls,0
O M G,0
noobs,1
lagging??,0
hey u knw clement?,0
see the item of qop he got 4k,0
U AR HARDEST NOOB İN THİS GAME OKE STEALER SON OF [MASK_A],1
ez game ez lyfe,1
:/,0
do u want to pause?,0
nah this team wass just [MASK_B] idiot called mid,1
LOSS D.,0
"i can beat any of you lil shits 1 v 1, but my team sadly [MASK_A] balls",0
"co,me",0
lol ok i odnt get it but ok rofl,0
nobody cares,0
clock i bought a mango just for you,0
can u stfu no one cares remotely about your or your opinion,1
don;t expect me to win mid' direct quote from invoker,1
u guys are annoying lol,0
what a hero :),0
SASGGGDDD,0
I would love to lets get in that 69 mana stream,0
pudge call mis for your team,0
just tell me if you're that pro believe bristleback,0
EZ,1
end mid,0
Ggwp,0
the [MASK_B] is wrong with you [MASK_B] 4ks,1
stop dota pinoys,1
Gg,0
lol,0
:*( nothing sure in dota,0
"Nah, sf can get mek",0
es?,0
ำผ,0
[MASK_A] mirana,1
who wouldve expected that am in the lane to become this,0
u landed plenty on you fuckwit,1
D,0
lol,0
ye,0
LMAO,0
all alch pickers = retards,1
nahhhh pure skill,0
"Ogre, you played especially well You fucked me up more than I want to admit.",1
!!!!,0
divine,0
as hell that noob ta is talking without tp he is talking,1
i say my team this game is sure lose,0
paket loss,0
no tengo carrys,0
gg,0
her wooden pc haha be fair,0
this slark is a kid :D,0
Report plz,0
lal right,0
ggwp f,0
) gg,0
who is samuel..,0
ed end,0
ahh bummer its tuesday here,0
holyshit cumback,1
|wan? come take who wan? come take,0
learn english,1
lol,0
??? report for what?,0
noob team gg,1
gg wp,0
ggwp,0
? what,0
no idea,0
i repoted u slardar HAHAHA,0
gg,0
hahah,0
wp am,0
10 actually 2 each,0
haha,0
report wr please,0
cookkk,0
this spectre has no clue how to play carry,1
team 2 mid noob,1
[MASK_D] chen,0
:D,0
you need 34min for this [MASK_C] fest trashlords vs. trashlords holy moly,1
:)))))))))),0
jajaj ez mid,1
IM A [MASK_B] ELSa WHY YOU REALLY WANT KILL ME,1
lolc noob,1
LOL SUICIDE,0
JOJOO NICE ULTI JIOJOJOJOJO,0
hes online,0
thanks mate,0
buhat na buhat kingina HAHHAH,0
lol,0
ahahah,0
REPROT THIS SON OF [MASK_D],1
Stop crying,0
run [MASK_A],1
:v,0
out liched ,0
Stupid dead,1
FOR THE HOLY MOTHER RUSSIA ! im going FARM,1
w3w ez?,1
gg,0
THAT WD HAHAHAHA gg,0
3 8 0 10,1
how embarrasing,0
still mad,1
wait,0
[MASK_C] u,1
end invoker go Straight pls we dont def anymore,0
rs guys,0
fairly easy internet multiplayer videogame enviroment,0
[MASK_B] DISGUSTING,1
nice trilane T_T_T,0
ez 2 kill alche,1
wp,0
Invoker dog [MASK_D],1
party/?,0
gg,0
ggwp thank you axe for wasting my time,1
look at the chat,0
:P gg report qop ty,0
and pause you gaycunt,1
haha,0
10 man wipe,0
lmao,0
give it the smack,0
[MASK_D] noob tiny,1
tiny,0
g,0
[MASK_C] you,1
ya ez,1
no plans of coming back?,0
gg,0
gl!,0
[MASK_B],1
gg report riki ty,0
more gold and u were not a 100%,0
Hello...,0
hahah,0
Lol,0
no prob,0
[MASK_C] comment commend,1
?,0
commend pudge,0
[MASK_B],1
COMMEND ME BARA,1
no meka no sy,0
offline about 5 mins ago,0
Fly away,0
[MASK_D] YOU [MASK_C],1
WE DONT CARE,0
4 cores,0
rak u,0
moreplz,0
this tyiny haVBE BIG ISSUE,0
yea,0
GO LET HIM ABANDON [MASK_D],1
win haha,0
report legion,0
rip,0
Omg ty,0
xd,0
ez mid,1
wp lo,0
lol sure,0
:D carry tide tfw ftw,0
gg,0
do uit,0
ggwp,0
im just messing with you its a hard matchup. and no one came to help you,0
lol,0
EZ,1
fcking bitvh,1
now its annoying,0
lol creeps,0
gg wp ez mid and top,1
yeah noob,1
u have 4 cores and are 40 k or so leading,0
or it will not count,0
gj,0
nice so want tank,0
back 2 mins,0
eaz,0
no future,0
? ok,0
2111,0
gg wp,0
just what the [MASK_B]?,0
ready g,0
nice la,0
wr has to rc,0
end end,0
you tried so hard for 2 mmr,1
hahaha,0
aggg,0
ez bait,1
is he coming back?,0
easy noob,1
g,0
ggwp,0
w8 pls,0
lol,0
GG just take rosh and end middle,0
take a nap,0
gg,0
hae really cute girl :'> love this hero much,0
he`s online?,0
XD,0
gg wpo report me team and recomend,0
hahah,0
clock werk u [MASK_A] wizard,1
aight chill a bit. good luck all,0
report legion please,0
Nice DUel,0
EleGiggle,0
gg,0
EZ,1
noob,1
GG,0
gg,0
hahaa,0
Very lag,0
sry 4 my team defending,0
LOL,0
EZ INVOKER :)) i deserve acommend,1
| like you throw it wr,0
gg our storm doesnt know how his passive works xD XD XD XD,0
? gg wipe,0
ez game :),1
wow fucken do something useful 3-10,1
like ur enigma,1
haha GG,0
doom down boiz gg wp gl next game,0
report all TA please first pick,0
gg wp,0
yea,0
lol,0
im fine,0
wp ember,0
baited,0
report lion and pudge please where did the lich ult go that is my question,0
HIII,0
ez,1
LOL,0
Report Invo,0
gg,0
not havin a good game rubick?,0
w8 plz,0
"please, invoker carried you",0
GG,0
haha ez game,1
BIASA,0
oh man that's terrible,0
this team is pathetic,1
ahghahahah,0
gg,0
rofl nice ulti od,0
gg,0
gg),0
gg,0
USELESS SS SILENCER,1
dont waste ur gold boys i am 6k smurf,0
pls just report them so that you dont get them in game,0
wait la,0
ez 1000 coin,1
gg tho,0
:'D,0
fair game,0
sf and aa were in mute xd,0
techis idd good the best plater player,0
was EZZZ,0
noob,1
NOOB,1
gg command me,0
gg,0
magnus wag rat gaming [MASK_B] noob magnus,1
ggwp,0
im off my chops,0
thankyou for serving our country,0
all planned we got the gem,0
has wisped an Io,0
bg,0
thx for 2 gem,0
and i rocked the ground That's a plus,0
mkb haha,0
1 min,0
?NO VISION,0
Gg bp,0
thinks his a sick [MASK_A] hahahha,1
there Hahaha,0
190 here,0
im sure this is winnable,0
huskar cant fight,0
klikl wtF>? asdgsdgh,1
lol,0
same,0
"noob team, gg",1
wait,0
gabe?,0
1v4 1v4 lo,0
ez ez ez,1
ggwp,0
[MASK_D] thais,1
so you belive it,0
EZ 3 IDIOTS WITH ME,1
lol,0
bb more,0
what happened to him,0
no] we jstbreak up,0
ggwp,0
2 way ping here 102 now,0
Easy game slark no silver Ns no heart,1
rly? i`m too fast?,0
triple not all the time,0
+25 come to papa now noooow,0
gg,0
ez,1
ggwp,0
go away KappaRoss,0
gg wp commend me plz,0
free mmr gg,0
he's online in game reconnecting,0
more freezes retarded reborn,1
[MASK_C] ya,1
?,0
go feed please end,0
your mom is free lose stfu,1
LOLOL,0
value rp,0
intro by BH,0
def for 5 minutes let pudge get abandon rofl,1
if you do ghusk,0
ggwp,0
IT'S TRAMP OMFG TUSK,1
hehe,0
lolol,0
report sniper plzz,0
:),0
lol,0
ggwp,0
),0
WP,0
worst SF eVA [MASK_C],1
this guy is an idiot,1
hpta bara,0
ok go report,0
gg,0
WD,0
still stuck in loading screen?,1
meh they wouldnt know lucky they listen,0
feed team in full effeect,0
gg wp sry brood,0
?,0
gg,0
rofl ez lanes win now,1
nice save,0
no,0
can you [MASK_B] off already,1
better blockers than the hayne plane,0
dude is on his 15 doller mic talkin [MASK_D] on his alienware,0
wow what a good joke,0
Hello bois,0
yuked,0
NOOB PICK 4 CARYY WANNA BES,1
finally,0
are you stupid?,1
lol cm,0
why my sipport,0
h3h3,0
WTF,0
hihi,0
haha :D,0
sunstrike,0
Lol Lol Easy,0
templer Report pls,0
HES SO BA AHHAHAHAA im so happy rn,0
[MASK_C],1
i think you did a great job!,0
not today where,0
?,0
SF and Tuskar Bought their accounts,1
ZZZZ,0
so he dont need DC if he only have mouse problem,0
surprise [MASK_D] ;D,1
:D :D,0
Intense as [MASK_C],0
lol,0
OMG,0
gg,0
not for doom that support is good,0
0- 2 :V,1
WAIT WTF,1
lo lol,0
wow ive not seen that [MASK_B] in a while thats noob as [MASK_C] lol,1
end please Repport team lina and lich please,1
? s,0
sad,0
transh,1
gg,0
ennd,0
WARUM SO EINFACH,0
report me but report lion too thanks For ruining game on purpose all i want form this pathetic game,0
gg end mid I guess ,0
you sorry,0
gg wp nice ez,1
gg noob,1
lol? noob idioot,1
and you? 20 12 ? proud of it ?,0
lol lost to 4 carry,0
=),0
in game le pls pause in game,0
it s okj he cant mid against me,0
nah man,0
lol,0
nice game,0
commend,0
gg,0
you can,0
in game,0
ez,1
pls 9 reports for lion thanks,0
nice stun alche,0
ggwp :),0
ggwp,0
lol,0
from the game,0
?,0
wp,0
gg,0
that steal thou,0
hahaha xD,0
where is your dagger and aghanim brew?,0
STOP TOSSING ME BACK [MASK_D] YOUVE LOST ANYWAY,1
4Head,0
riki mother fuckler,1
gg,0
;),0
SU EZ HERE NOOB BS,1
ofc we won,0
gg,0
vl O_,0
lol,0
?,0
LOOOOOOOL,0
ocampo WAHAHA,0
gg i defim,0
run piggy,1
u winning any ways sevn tanks the fight :D hahaha :D and he's the only damage we got he just roll in and die before the fight starts,0
hihi xd,0
haha,0
what a joke enemy,1
ya in joker,1
isnt the sharpest bulb in the draw,0
gay fucked lol,1
usap tau>,0
ez,1
wtf,0
glhf,0
gg guys',0
ty,0
u like it that way ? since our 3 retards obviously do,1
ggwp,0
emebr broadswor,0
Marvel,0
noob alche and still lost got baby sitted and still lost i dont understand anymore,1
gg wp,0
haha [MASK_A] russia [MASK_B] RUSSIA PUTIN CUNTS,1
thanks for the game guys,0
4Head,0
report doom and qop,0
may e rub buy account i dont know pretty bad report him just to be safe,1
now u guys,0
lol,0
you guys saw that aye,0
gg,0
GLHF,0
haha,0
LEL,0
<3,0
?,0
fk 1 i hit ur car next time dun stay so near the car la,1
lo Lol,0
REPORT AXE WAT THEH HELL,0
nice rng,0
GG,0
(:,0
and you buy diffusal? lol,0
he's gonna suicide over a game.. sad,0
,0
ye,0
thanks,0
:D,0
?,0
XD,0
you still noob,1
wew,0
go tonker,0
gg xd,0
SO FUNNY,0
XD,0
commend luna and sf be st members of your team so [MASK_C] tired of these waste of time games,0
hgahahaha,0
so ur baby4 u knw,0
he reconnecting,0
its thursday here im enjoying thirsty thursday though,0
GGWP Catcher of the night,0
ty wp,0
eat [MASK_B] pls,1
i'm sure u won anyway,0
wtf wait man,1
we need to push,0
[MASK_B],1
very easy,0
rofl,0
he said,0
izi,1
haha raped,1
can u guys wait please my mouse can't control,0
:(,0
[MASK_C] my [MASK_C] friend,1
saba mo dira,0
so trolled,0
u lvl 15 so yeah ez,1
hey 1 i'm a peruvian :s but nice kind,1
0-10 tinker reporting me wp,1
um,0
DEAD,0
he broke his items,0
atay oi [MASK_C] u,1
yes,0
haha idiot doom,1
gg tree mvp,0
phoenix ults are epic,0
got 9k gold and naix items didnt sell,0
ampas,0
gg,0
lol first unapuse then look at who disconected?,0
next time tell me so u dont look like a [MASK_A] talking to urself,1
luna loved flaming and fail game :D,0
OK GG,0
Give it to slark pleasE?,0
u2,0
GEGE WPEE soooo [MASK_D],1
gg,0
pls report this aids,0
report am pls,0
NO,0
haha,0
sec,0
ggwp,0
report me guys,1
}:,0
now be a good monkey like your friends and gtfo dirge,1
ggwp,0
nah,0
WEEEE,0
arruine the game,0
he had wand smh wr said 'just shut ur [MASK_D] up',1
glhf,0
lol with your lose,0
ez mid,1
let me guess bh ds dual queue ?,0
u rlly showed me necro,0
:D :D :D,0
haha,0
gg ??? ehat r u doing tards ez,1
no 1 min,0
GET [MASK_D] HEAL WD,1
afk nice team,0
EZZ,1
Hows you day ??,0
bonus,0
bz of u,0
gg my mates are blind,0
really?,0
vodka vodka ez,1
sua con me may,0
this sf try hard wana be,0
pgg,0
hmm rubick still in base funny,0
ok kill me again,0
not thanks ...,0
you lose for your team every time.,0
NICE!!!!!,0
you? Winning? lol,0
?!,0
gg ff pls,0
TIZ TRAP TIZ TRAP,0
ez DK,1
friend,0
thought ur feeding jugg?,0
easy,0
;p;z,0
ez,1
ursa cm u guys got lucky as [MASK_C],1
run noob run,1
this block.,0
Relocate people to our fountaion. Fountain*,0
we all gave up at min 1,0
ggwp ,0
Just end,0
intro boys,0
only said it so we would stay,0
we are a man down thank you !,0
gg no courier ppl dying finish than pls so i can go nexrt,0
?,0
gg,0
+,0
lol,0
"not, gg rat doto",0
HAHAHA,0
0 6,1
mad?,0
gg,0
jaja,0
rq kaapa,0
GG wp,0
finn is a gay head,1
cause u trash,1
[MASK_C] you,1
lol we all have over 10 kills except lion,0
for me sk commended,0
bye bye,0
IDIOT NYX,1
0)0,0
haha,0
ez mid,1
"he got packet loss, 1 moment sorry",0
Ty omni,0
asd,0
i'm just ogin gto be silent until my MAgnus finds out he has an ultie,0
spam?,0
gj,0
yeah i know,0
rofl,0
))),0
|gg,0
830 gpm,0
ty,0
i ll feed kill me mid,0
ggwp,0
plz let us claim +@5,0
DONT CRY!,0
:(,0
its just monkey invoker that has an immortal HAHAHAHA HE DOESNT KNOW WHAT SPELLS TO USE ITS SO FUNNNY,0
dazzle u have ward hack or some [MASK_B]? dickhead how many can u buy,1
HOHO,0
GG,0
i report medu,0
is he coming back>??,0
oh first kill min 22,0
XD,0
report dazzle please intentional ability abuse,0
gg,0
i am afk,0
MY MKB AEWFIOoiufbFON,0
i stacked myself,0
that fresh leap,1
dc,0
i dotn blame u,0
reborn dota 2,0
,0
[MASK_B] HELL,1
yeah we let you farm jungle was a bad idea,0
yolo,0
&,0
axe Afk se,1
we gave him ssentry info miss bh but he still feed mid,0
troll STFU,1
please report axe,0
REPORT THEM RETARDED CUNTS [MASK_B] MONGOLOIDS,1
Gg wp,0
should doom me,0
combo wombo,0
more focus,0
^^,0
maybe tomorrow,0
ez 50min,1
what a ugly tree,0
my [MASK_B],1
jajaj,0
ty,0
dont kill me,0
we lost broi,0
end it plz^^,0
i killed u 1v2,0
G bl,0
what was on the cur?,0
void afk,0
ggwp,0
got medusa,0
GG,0
lucky,0
i tihnk he is jerking off,1
g,0
slark ez kill,1
report qop ty :),1
alone play re Im lose ty,0
jst end,0
gg report retard purple.,1
dont blame my friend,0
bhai khaana kha ke aaya,0
:(((,0
ty,0
ez,1
shut up you jewish [MASK_C] bought like 20 sents this game + gem,1
can u report pudge and sb?,1
invoker,0
ez pinoy,1
very glose,0
GG,0
tks owe you,0
my [MASK_D] head = red,1
3 ppl in 1 lane,0
learn to speak english you frog,1
win plzz fk u tusk noob ur tusk is so bad u can fking report ur self noob,1
silencer? why you be quiet?,0
no eye see,0
gg ez,1
no,0
report me,0
just im too good,0
rx,0
OSfrog Le balanced redhead [MASK_C] OSfrog,0
u cant kill me 4v1?,1
Lol,0
ITS JUST A NUMBER,0
PLEASE STOP HARASSING ME,0
maybe come back?,0
huh?,0
cmon cant finish the game?,0
hehe,0
balanced ,0
Sad,0
sry for what? u gave me 25 points,0
ggwp,0
will rmk,0
[MASK_A] team,1
wait a sec,0
im sorry guys i have a date i need to end,0
just end moron's,1
Cant,0
ez mirana,1
U [MASK_B] SF }:) :),1
:D purch a reaver dude :D then i ll love u,0
gg,0
haha,0
LOL,0
well not my fault they left,0
report these idiots plz ty,1
STFU DUDE,1
61 min,0
he say ' i rc',0
BOBO,1
dafuq gg,0
[MASK_B] off are you waiitng,1
[MASK_C] sad 120s,1
GO GO GO,0
nerd,1
i regret aiming lina,0
ez mid,1
so funny,0
thanks,0
EZ MID EZ GAME,1
good game?,0
why too?,0
its gg then,0
kids,1
lol,0
BNYAK X GAYA KAU KONTOL,0
comend les are ganr rapido su dota,0
Almost,1
crap} i did i again,0
BOOOO,0
ez? lol,1
well played genius,0
report rubick sir ty,0
go gank tinker free drow :3,0
well you shouldnt have commited to a game then,0
why always me ?,0
KAPPAROSS,0
now,0
gl hf,0
+,0
Noob sniper,1
well i keep dying soo,0
poser,0
xD,0
you know it's gonna be hard when huskar is picked against spectre,0
for us,0
u guys backup is good,0
i think he is from lol,0
run,0
im easy to talk ok unpause,0
gg,0
Luck is no excuse,0
gg,0
on dro4it poshel? he go to [MASK_B]?,1
account buyer probably,1
lol some1 pls shut this lion,1
??,0
yeah run like the [MASK_C] that you are,1
lol no carrys,0
jaja,0
gg,0
he said add me for 1v1 go,0
comeback is real,0
wtf u help me,0
XD,0
lol?,0
LOL,0
?,0
g we can wait for thousand years,0
hi noob wheres ur TT,1
nice greedy,0
,0
DK epic god,0
hahaha,0
2 dust YEY,0
AW,0
:D,0
ill try,0
WAH NOOB FVB noob fv spotted,1
ez mid ez life,1
i co kurwo,0
worth,0
stfu somali,1
why so ez silencer?,1
https:,0
haha],0
trash can slardar,1
go end,0
gg,0
XD,0
lion more important,0
joke,0
VIVA,0
LOL,0
OK done gg,0
ez,1
gg,0
:) hahahaha,0
how much rupees?,0
haha,0
MUAHAGAHAHAHAHAAH 10 hp LOL LOOOOOOOOOOOOL buy back [MASK_A],1
sme me no bb aw,0
ALCHE 0 / 13 WTF :v,1
but sure we can,0
[MASK_B] all of you,1
jesus believe me,0
hahaahaha,0
AMAZING SO PRO commend wr pls idolaku,0
GG BAD DIRE,1
GGWP,0
it [MASK_A] stinked omfg my [MASK_B] right nut so itchy its so red,1
gg boys,0
title : go kill your friends,1
bristle tiny legion wr is ridiculous late game,0
4 head OSfrog,0
haha,0
ty,0
why?,0
go go loto time for you,0
TY REPORT INVOKER,0
lol np pity on u,0
report him please,0
leave now lol got in at the last min,0
OMG HELP [MASK_C] wake up ur idea,1
u dumb [MASK_B],1
silencer carried so hard,0
STFU go farm all game,1
CM carry op,0
g go [MASK_C]!,1
Sec,0
zzzzz am farm ?),0
why u always blame others when u are also useless,1
"with my skills, your treants are worthless",0
come on putin talk english,1
qop taste like chicken,1
Ggwp,0
lol.,0
hey,0
lmfao this sk plz report this anti gamer,0
HAHAHHAHAA,0
courier plz,0
i knew,0
WHAT ARE THOSE !!! GGWP,0
ez pts,1
me ?,0
you did it es,0
dude he's dead,0
lol,0
ahhaa,0
+ some1 writed in my team something?,0
gg wp,0
the wave weave :(,0
[MASK_D] PA and QOP,0
clock did u steal that relic,0
Wew,0
lol,0
Wtf,0
sadfaceariono sadfacearino*,0
big plags big plays,0
lol am,0
?,0
[MASK_B] u retard [MASK_C] u bitchh dieee happy???,1
commended,0
U guys kinda lucky but so bad,1
lala,0
[MASK_D] noob,1
ggwp,0
Wew,0
? RELAX,0
comeback :) wp,0
whos the 5k on ur team again?,0
didnt blame its the fact,1
report silencer,0
never give up pls u still have chance,0
I was non factor relax dude I did nothing this game,0
rs,0
GG U see lina mid transition to support?,0
[MASK_A] his [MASK_C],1
GG,0
morreu no susto,0
ok,0
this univeirse eg player rite,0
dem peruvians,1
love my team DIFFUSAL WR? OMFg,0
fuckings mens need w8 [MASK_B],1
carry team,0
actually,0
"So WHY TRY, you're gonna die",1
gg ez,1
wards win,0
we have 2,0
"sorry, cant pause anymore",0
ez,1
yes ez sf retarded,1
lol eeeidiot,1
can blink stun ?,0
you're!,0
cant pause,0
try hard,0
nice carry hitting racks when we lose throne XD,0
2many,0
noob team russian [MASK_D] team,1
sure,0
nice AM pick,0
+35 strg,0
EZ MIDD,1
Ez mid,1
definitly second option blue,0
free bounty,1
Yay,0
ez,1
keep sucking your own [MASK_C] bet it tastes good,1
ggwp,0
WTF low omggg,0
omg we have a peruvian in our team,1
COMMEND INVO,0
damn i cant pause ok nice game,0
ez honestly,1
wp wp,0
having immortal and just die ? stupid !,1
1 VS 4 TEAM RETARD,1
report dusa and invoker,0
maen mu biasa,0
boom,0
mid,0
lol,0
fight me like a man,0
?,0
tussle babe,0
me cago End pliz end pliz end plzi,0
JAJAJAJJA NO SABE A QUIEN GOLPEAR XD,0
im tbd rank,0
viper deny,0
gj bomji,0
lol wp,0
hhtfu,1
wait sur,0
can u let us end,0
u,0
you got item men,0
gg,0
^_^,0
ez,1
i hope u like top lane am nice strom counter,0
SAD,0
? pudge noob hook,1
WKWK bye bye LOL,0
go,0
ho yeajj xD,0
ez mid ez life :D,1
ty,0
alche got this game,0
lawl 4v4? =P,0
how do u get fked in team fights i fkin call,1
whatever,0
KEK IM MAD,0
noobs,1
gg ez ez blat',0
lol go [MASK_C] yourself,1
town portal scroll dota 2 nevermind my team doesnt possess them,0
first time es,0
gg,0
lol,0
commend ty,0
GG,0
bb pls ))),0
lol,0
haahahaha,0
lol,0
apparently Urn is unneeded,1
lion,0
kek game,0
malaysia,0
[MASK_A] you,1
gg do it again fat cow,0
tiny u so funny ahaha,1
20 vby,0
gg,0
lol nice razes,0
mm,0
THIS ALCHEMIST TRY SO HARD AND THIS LINA FEED SO HARD,0
lmao dat cleavbe son,0
best mid ever,0
apparently wr and i are at fault this game,0
gl,0
says wr that dive under t1 vs 4,0
`hw think play dragon ball sia this ax,0
EZ 56 mins,1
babeeeeeeeeeeee i get 5000 dust :D better than sentry ^^,0
ไย wp,0
and she bite ur stuff off,1
hate this,0
stop lying,0
nice try,0
your so [MASK_A] bad can u just afk,1
sec pls,0
:) nice focus,0
lol,0
that was gr8 echo,0
is this a steam error?,0
alkemist,0
U TRASH,1
ya lag kalemn,0
traitor..tat gay alch ^^,1
"actually, it was easy",0
end,0
neither are you,0
WP,0
thats a late mek th,0
"stopm def? i build random itms, just stop :P",0
G g,0
lol,0
ez,1
wewerw,0
blame him for the loss Literally,0
nice hex,0
490 Wins in one day,0
GG WP,0
Very well [MASK_D] played,0
WHY YOU GUYS REALLY LOVE TO GANK ME?,0
WR ur tilting Whats going on,0
no support idiot alche,1
Rat,0
ez pz lemon sqeezy,1
ez ez I told you,1
tabla,0
land,0
come back it's real,0
NOOB ELDER WhERE ARE YOU?,1
?,0
stupid,1
Ty,0
gg,1
ggwp,0
lmol,0
LMAO HAHA,0
4,0
^^,0
same so sad,0
errrr cd on that is bs cm ulti is rediculous now,0
im going [MASK_A] ur mother ur mother love me ok? he s coming here now she die [MASK_A] DIE ritardati,1
b,0
ez,1
haha bad luck invo T.T,0
gg,0
end,0
tf,0
stfu noob,1
ahahaha,0
<3,0
hahha,0
WHY?,0
no need ty,0
hook pa more hoook pa more,0
we got omni you got wyvern lel,0
lols,0
stfu already,1
Ahahaha,0
ez game boyos,1
...,0
just [MASK_A] leave already guys i reported him,1
ROPFL,0
,0
the most tank one,0
[MASK_A] this team retards,1
"As in, it was tree bending down kind of looking like a frog And the effigy was ice Hence icefrog",0
5 man penetration to meepo player,0
bye ;-;,0
not funny,0
Wait 3 min gays plz,0
gg wp es,0
<3 legion,0
GG,0
[MASK_B],1
ggwp,0
thats bmw my boy,0
lol cRY MORE :(,0
end fast if u say that stpd,0
you literally cant miss your shackle and powershot,0
ok jug lets 1 v 1,0
you are a good player,0
HAHA it was the right one HEHE HAHA HOHO,0
GG,0
afk,0
gg,0
ez coin,1
gg zbs fid,0
NOOB TEAM,1
[MASK_C] you,1
gg,0
serious question,0
sure kappa,0
gg,0
can win but now u 2 fat With abysal but i aint got [MASK_A] money From 4k to 3.8 trash mates all the way fail more mid and carrys riki picks and [MASK_B] ez,1
ff,0
gg wp,0
dazzle didnt know how to pull xD told him 'bs is outlevling me',0
gg wp,0
LD :D,0
no good hero dendi plys sniper,0
peace of [MASK_B],1
you said awhi;e,0
i couldnt reconnect,0
? thge fycj[',0
THANKS SILENCER,0
1 vs 5? V,1
gg,0
LOLOLOLOL,0
gg wp,0
comeback is real,0
easy,1
WP,0
yeah wp wp,0
haha,0
top,0
allways worth for me ?,0
end it,0
so good but u guys [MASK_B],1
I WAS JUST STANDING THERE,0
Gg,0
sf had 0 impact,0
shut,0
Gg,0
gg wp ty for the game guys,0
gave me some back story,0
me2,0
does not know how to micro,0
nice support,0
LOL there goes your 1k coins gg,0
gg,0
ofc use ult me,0
racist ?,0
nice bait,0
Wow Can you wait?,0
nice ult usage pa pro moves :),0
noob,1
omg another peruvian?,1
pro zeus bait,0
bit sad this game is are you seriously gonna flame in Russian vs intentional feeder + account buyer lol,0
Was icefrog,0
yeah reconnecting i guess,0
gg,0
yes,0
haahah no wards no sentrys shaker carry what a meta go end plz naab team,0
WELCOME TO TOP,0
gl hf gl hf,0
lol shakled ur dead body,0
bye lol,0
come def with big ultis oh w8 stupids,0
telstra coming <3,0
4 vs 5,0
report?,0
stop that bh,0
4 miss!,0
Ez mid Wtf U ulted me in invi,1
a real TA comes here we go,0
not bad arl 50 dmg good arl haha,0
ur friend,0
lag,0
g ?,0
dunno why guys play carries when they cant carry,0
lol,0
how,0
GG,0
bobo,0
affirmative,0
-_-,0
[MASK_A] complete [MASK_C] cunts 338 mana [MASK_C] you silencer,1
lol,0
commend team,0
hahaha tank type,0
Nice feeded silencer.,1
[MASK_D] baara,1
we understand you sure,0
well playe *d,0
gg),0
HAHA CUMBACK,0
rekt,0
haha,0
lol,0
wait,0
stfu,1
:D wp team,0
all line fail dude,0
buy accont my be lel ww noob confirmed then,1
gg wp,0
ggwp,0
ggwp retard team,1
REPORT TERRORBLADE AND WIN FAST,0
tusk reported for buying aghs,0
ya,0
[MASK_D] off,1
He so strong bark this jugg no throw also 0-3,1
I'm down with this,0
EZZZ EZZZ EZZZ ZZZZ EZZZZ,1
i thought u win wr gettin nervous?,0
landed one,0
noobs pick carries = lose,1
what the [MASK_B] are u doing mongoloids?,1
commend m,0
end please,0
Good game,0
huh?,0
and dont forget to smoke ,0
dodge,0
ENDED LOL,0
i got a kill yay,0
hahahahah,0
kill me sf??,1
report wr still no agh [MASK_B] noob [MASK_B] and blaming others,1
why u hit me i call u help me doom,0
34,0
?,0
exec madcuzbad.cfg,0
u mad?,0
invoker u win?,0
[MASK_B],1
why would we...,0
AA HC,0
OK MATE,0
is that u ilidan omg my idol,0
gg,0
31 sec,0
gg,0
lame pinke,0
first time being a noob,1
2 16 trashtalk.,1
too easy bot,1
nice steal,0
.. gg,0
:DD,0
great impact abba,0
wr? where,0
glhf,0
gg dota 2 delete,0
okey,0
gg,0
ez game,1
QO,0
in 3 kills,0
GG GG,0
wp necro wp,0
abbadon loves his mothers [MASK_B] :D,1
my score is sick,0
IS GG,0
i have really bad time,0
"not but, I can make a fortune then",0
hahah,0
omw mid,0
"we have 2 supports, u have 1",0
END TY,0
hahaha,0
ouch,0
ez,1
REPORT THNIS MORON,1
gg,0
SORRU,0
mmmmm,0
commend me or add plz ty,0
GG EZ,1
Wait,0
lmao,0
GO,0
u are the mother fucker best basher in dota 2nd skill,1
)),0
"Venge will tower dive, and swap and ally. for the lols",0
most solo player I have ever seen absolute moron I go 15-6 and he still makes us 4v5,1
my supports can't deward my fcking jungle,1
aww,0
haha good one you mongoloid,0
Gg,0
m -25 is just fake 3winstreak,0
whatever,0
haha,0
[MASK_D] cunts with [MASK_D] internet,1
rat,0
bye,0
lol,0
RS,0
wp,0
these mins are passing so fast cause this pink is entertaining,0
dont run useless,1
gets 0 dmg,0
we have noobest STORM.. gratz,1
gg,0
a shadow demon farming mid is not sus,0
oki,0
WE LOST SAFELANE FOR SURE WE FVCKING LOST,0
you are 4k xD,1
LOL WTF ARE YOU DOING,0
gl [MASK_D] gg,1
i espect to see this on reddit at some stage,0
i think its okay haha,0
Shup up pls,0
ez,1
lol,0
like this furi end undaut,0
:D i am riki cmon dude u know [MASK_A] like this happens,1
fck,1
love to see her cosplay,0
ok heheh,0
GGWP,0
gg,0
haha,0
Ez mid,1
go tower!,0
NICE RUN YOU,0
heheh,0
haha,0
"wtf ,am",1
GG,0
can u please report Clock,0
"gg, please report WK",0
is a [MASK_A],1
now if we can get huskar to sign the memorandum,0
Haha,0
as me u [MASK_C] [MASK_A] wow,1
ask my dad clinton loomis,1
hahahahaahaha,0
gg,0
u try hard difussalk,0
like u will wait,0
Culda got u,0
nyet,0
pieces of [MASK_A],1
cm ahahha,0
fu9ck you gyro noob,1
gg,0
u picked doom lol one button gg,0
we are in piso net only,0
EZ,1
no i have brains,0
rofl,0
my team wants the 5 carry lineup =/,0
dont know,0
LOL,0
ff pls,0
now kill huskar ggwp,0
end plz rerpot bh,1
kk,0
GG,0
plays ursa is op,0
sad game,0
gg,0
EZ,1
LO LOL,0
lami?,0
LOL,0
NICE GEM HAHAHA,0
ty,0
ggwp boys,0
gg,0
mirana perrra,0
commend u ? u luck only,0
HAHAHAHAHHAHAH hes so [MASK_B] bad HHAHAHAHAHAHAHAHAHAHAHAA,1
jaja xd,0
i won`t,0
REPORT KUNKA,0
5 min now lets go,0
ty,0
o0o shut up go [MASK_B] ur mother,1
EZ? yes,1
gg serenity,0
awe,0
ez game trash team,1
"we don,t wiat ?",0
are you stupid troll?waiting for nothing?,0
cent pls,0
LOL,0
:(,0
promise i will throw,0
that one in the bottom lane,0
gg,0
LET IT GO,0
unpause,0
sorry,0
no need to flame gg wp,0
WOW lol WTF DOTA U SEE? LC GO ON,0
warded mid,0
HAHA,0
ahhaha,0
lol,0
alt f4,0
he saying that he own you big time.,0
ez game thanks earth spirit My mmr was getting too high,1
gg,0
happy 2-6 person that es good,1
LOL,0
Ez EZ,1
1 toilet,0
),0
low prio,0
End no deff Fast,0
this is dota so land hooks,0
my sf feed fb and said this is my bad lol 1/5 in 13mins this is my bad,1
gg,0
stop cry cm X((,0
hahahah press F9,0
wtf rubick hes quit,0
qwait dup,0
FML [MASK_B] YOU DIE,1
mango time,0
HAHA,0
ggwp.,0
WTFFF,0
GGWP commend me,0
Surprise :D,0
hehe,0
slark gonna bash his mum with his 45 minute basher gg wp,0
how long?,0
plz wait,0
,0
I hate my team,1
lol,0
gg :D,0
I just arrow random place,0
HAHAHA,0
ulti am to golem,0
pode mata,0
p.a blade mail :)) brain 1k mmr,1
commend clockwork he's amazing,0
What if i dont like chicken,0
best jugg ever commend him,0
COMMEND ME,0
woop there it is',0
i hate this team ever,1
youre deffiing like tards and say ff... :)),0
gg,0
rage quit,1
i am playing with party i dont care and tusk idiots,1
hahaha weak alche. you cannot beat me paper,1
please q me more,0
gg wp,0
leave,0
the cryts,0
20 min game xD,0
Ez zaaaaaaaaaaaaaaaaaaaaaa,1
ggwp,0
OW,0
[MASK_B] SPICCY,1
Zero,0
;_;,0
hmm,0
lol,0
report invoker lel,0
GLGL,0
so long sir,0
wait,0
you so mads brahs,1
we easy win u XD,0
blue is the only reason your team isin this game because he's a peruvian,1
500 gold alche,0
GG,0
DD,0
tryahrds w/e there we go,0
ggwp,0
ez come on end the game,1
??,0
haha 0-11,1
afk at base end it,0
gg wp =),0
cya,0
deez nutz,0
gg kfucking earth ebola picker,1
gg,0
that hook..,0
SAD SF,0
Pls report this shity rockhead tony,0
i have faith on my teammates :D,0
i destroy item,0
haha,0
thx jugg kappa pride,0
3min,0
haha,0
HAHA,0
wp,0
commend me :),0
baited,0
NS TUSK,0
be fair,0
good bye,0
for 2 mins,0
GGWP,0
riperino,0
gg you can just sit this out if you want or all leave im past the point of loosing,0
GG,0
Np,0
forgot everything,0
4 different ppl,0
ty,0
lol,0
11 min 0 gank,0
no tac pause,0
no ramge :(,0
ez,1
DK Hook,0
wat,0
charge then you go walk there haha :P,0
wp,0
how the [MASK_B] are we suppose to go in LOl,0
ye,0
gg,0
NP makes you Fat pudge. Thank him,0
sk [MASK_A] useless nothing,1
HELP,0
LOL,0
ember youve been great,0
edz ez,1
u never kill me,0
invoker,0
easiest pl ever ffs,1
basher ok hahahaa,0
and it failed,0
y me doom,0
commed me ty,0
gg,0
supports carry :),0
hey dusa go dr you might win seriously tho,0
wat,0
Plz no Game of Throws,0
gg wp,0
Well rcn?,0
Rofl fucker,1
wow such an easy game vs whiners,1
LOL,0
please report,0
wtf,0
reported,0
:),0
well 4.6 4.5s ooon,0
Gg nice sven,0
kakakak,0
gg,0
alch tlaking liek oyu did anything this game,0
gg,0
LOL,0
FCKING BH STOP STALKING :O,1
ggwp well played bro,0
kill me pls,1
in rank,0
SHOTS FIRED,0
[MASK_A] u lol,1
ouch,0
`no susto? eu to tentando ensinar meu time que precisa comprar dust para matar a brood,0
lol,0
GG,0
LET IT GO,0
Gg wp,0
WP,0
wtf,1
WTF,0
to lose after such big advantage,0
+ i killed meepo 5 or 6 times,0
LOL,0
rofl,0
GO 3.8K MMR! Nooo NOT OUR 3.8K mmr!,1
i hate all of my teammates,0
this pudge is amazing,0
gg,0
I did as much as i could....you just acted like dickheads mid was never ganking,1
when u rich aff,0
gg ty for game sf game ruinetr nice,0
but its not today,0
g,0
not you,0
hahahaha,0
do u think he coming back,0
report chaos k,0
lol,0
drow made me do it,0
yeah ur so bad acutalyl,1
free win YA RIGHT,0
ROFL,0
Na?,0
gg HAHAHAHA SAD LIFE BB?,0
he is online,0
10 m,0
ff plz I wont come out,0
mr 'support' ?,0
[MASK_D] funny,1
zz,0
ONE QUESTION,0
GG wp,0
ty,0
nää,0
micro the best,0
:(,0
then i will not def,0
2 STUNS 0 hits,0
eze,0
rofl,0
can't you please not go aggro dual,0
WP AHHAHA,0
i am 15 years old,0
aw ttuskk,0
mid@@,0
end p0ta,0
I'm pretty fit,0
noob wr,1
LOL THE PRO,0
I RUN WITH BKB,0
lets talk invoker,0
why focus me,0
that mirana ult so late,0
10 hit no bash,0
hah,0
dont blame him k dire,0
TROW ALL ON ME hahahah total idiots,1
WP,0
wr trash,1
as i said 0 dmg by agha he farmed the whole game,1
ez mid,1
gg,0
you don't say,0
easy mid,1
ya like you,1
BROWN WORST SK,0
wp,0
haha no ramp for luna,0
ALCH 0/13 ALCHE 0/13,1
g wp,0
problem,0
mvp live togehtr 247,0
hahaha u need a mouse and keyboard to move,0
3v1,0
is he umaru?,0
miss your sister already,1
mid gogo,0
ggwp,0
yayaya,0
fail mid ww? WW Fail mid me?,0
NOOB!,0
can help report enigma ? end,0
thanks for donate,0
report doom ez game 6v4,1
ez game fk that,1
gg wp,0
ggwp,0
GG,0
door is not a good reason unless u dc,0
damn,0
gg legio na nvoid,0
this sf is talking from min 1 linking dota buff links :d,0
lol wrg aim,0
shut the [MASK_A] up u tard,1
im hacı dayı,0
see thatga,0
agreed lol gg,0
hahahaha i know hes noob XD,0
chupa eu vai,0
lmao,0
gg shitshaker,1
? ahhahaha,0
plz report ember,0
EZ,1
glhf,0
i thought he was exactly like silencer,0
easy mid commend me guys,1
he's dead anyway,0
gg mid,0
GG EZ void LOL VOD,1
i play for fun,0
okairi ~,0
GG FROM THE STAR START],0
team so bad,1
? oh my go that works,0
No he wasnt lol it was the cm and ds,0
sooooooooooooooooooooooooooo,0
ggwp,0
gg,0
for me i prefer laning,0
LOL,0
WR I KNOW YOUR PROBLEM FLAME TEAM NBEVER WIN,0
???,0
mad slark who is he,0
Wtf,0
aw,0
report nyx,0
1 2 3 4 5,0
galeng,0
ggwp commends me i hook is noob,1
ez pauzka u cant unpauzka?,1
gg gg,0
rage quit,1
his lan cafe died,0
is this 4k mmr ?,0
wait guys TY ^_^,0
gg,0
its not like ur gonna win,0
ez am,1
rekt,0
F{F{F,0
g,0
zakonjelas' igra,0
+25 buddy,0
rly?,0
:D :D :D :D,0
YEA BA BABE,0
comback hahahaha,0
way hilakay ha,0
bubulok mag carry nito p0tang ina ywa bogo gago idiot noob. [MASK_D] youy!,1
jembut nganaaaaaa,0
ez,1
vs yf hfdifyt,0
or 26? or 27???,0
is that even blame i'm just laughing,0
zzzz,0
ggwp report lina plz thnx,0
poor guy,0
go [MASK_A] idiots nice so nice,1
gg wp,0
i dont even remember where i put them,0
5 guys stay top and what? [MASK_B]? NA dota,1
Gg,0
ｏｈ,0
doNE ALREDY LOL KID,0
nc deward?,0
LOL,0
q nojeira :s,0
GG,0
noob,1
100%,0
well i get me 200 gold and all my team i lose nothign so ofc i take that go focus me more btw,0
why,0
gg,0
mom manta 35m ins Safelaen mazing b ought acount,0
how long? is he ever gonna come back?,0
gg wp as team we are retards [MASK_C] sk [MASK_D] es [MASK_B] sk,1
alch with a bottle?,0
gg wp,0
KAK DELA,0
delete dota sf,1
GG WEST BOY,0
gg,0
? ? NICE TRY,0
blaming i cant playing game :(,0
real XO,0
he was afk,0
hello trash how are u,1
end it,0
gg magina,0
GG WP! are you guys REALLY SA?,0
Gg wp,0
supamida,0
and?,0
= =?,0
noob drow,1
ow my life [MASK_A],1
u have 2 say it right,0
nah [MASK_C] off dont be like that,1
ggwp,0
ÑOL,0
your wk blablabla,0
GG,0
it is,0
WW needs a movespeed buff :(,0
HAHA,0
I mean you had a decent early but NOTHING in midgame just my perspective,0
i dont think so :),0
WHAT THE UFCVK,1
Looks ok to me bro Mirana off Sven carry,0
commend na,0
RUINED BY na,0
ez all lanes,1
),0
report lion please,1
who dies first,0
ITS TIME TO GG,0
ur ancients wer |and ur big camp,0
commend,0
whaaaaaaaaaaaat no way,0
bich mide mider 0 gang,1
Whos with tnker?,0
but dont use ur ss for farming,1
CANCER,1
what that people can meet rudeness with friendliness ?,0
.....,0
? 1by1 what?,0
mid fail n qop fail,0
just skill,0
GG,0
we got [MASK_A] raped lol,1
can u feed me the courier pls f or challenge i will commend pleeaassse,0
17,0
ROFL,0
&&&& ???,0
asd,0
shut up,1
comend ECUADOR,0
mi6kiiiiiiiiiiiiiii,0
END MID,0
troll,0
i heard this hero is [MASK_D] now,1
so ask next time... and a please does not hurt either,0
known ik,0
where we couldn't control aa or sell his [MASK_B],1
damn,0
not to bad would feel worse if u had some balls too bad,0
report pls,0
haha,0
Haha mad ?,1
gg,0
noob .. our hard carry,1
still no kills what the [MASK_A] noob wr in 44 mins just get agh,1
haha,0
rip,0
ty,0
EZ,1
is over,0
lol,0
Sick.,0
ez,1
lag,0
gg,0
gg throw end mid,0
3.4*,0
the plays holy [MASK_D] you used everything on me??,1
every team has idiots so dont cry,1
help report es ty,0
Rep√≤rt,0
so hard,0
WHO RESUME?,0
this is more like winning the match for me,0
AHHA Nc1 arrow,0
grammar nazi,1
no gem? not a man of your words are u,0
haters gonna hate,0
RIP AA,0
gg game,0
+,0
how can you talk?,0
wew feeling pro?? pudge zz,0
why i get nus alwys his cosmetic is bad too report for that,0
silence winsgaes games,0
".!,",0
he didnt lose mid actually,0
:D,0
REPORT ES,0
gg wp,0
the only one doing something,0
LOL,0
kek,0
more luck,0
GG,0
then why you dead [MASK_A]?,1
ma team noob this jugg say ihave 6[6 win with jugg,1
x mark pro kunkkar lose how could this be?,1
gg,0
gg wp,0
Ty ty,0
pl have dr he is [MASK_A],0
gg kids,1
can you stop beinga [MASK_D] oh y god,1
gg,0
_|_,0
finish guys,0
rc-ing,0
throne plz,0
you noob,1
Ursa got 24 damage,0
w8 plz 25 sec chron cooldown,0
am pa more,0
lol you [MASK_C] noob,1
rly? we are playing 4x4...,0
BKB for a support lol,0
=.=,0
EZ EZ,1
lucky rampae,0
cd's bro you know those htings?,0
"Well hey, at least i dont pick spirit breaker.",0
ez bot,1
u all failed,1
LOL,0
save your [MASK_C] throne,0
sil yuor autos are wrecking me :(,0
[MASK_A] U,1
gg wp,0
was microing courier,0
ulol,0
?,0
is he [MASK_B] retarded?,1
GG WP,0
and pro mid sf,0
ZZZ,0
ha ha,0
wait please?,0
EZ BOT,1
im too tough,0
only doom did well,0
you picked pudge here,0
haha,0
let us maybe?,0
Ez top.. 2 vs 1 still EZ EZ Carry.. Ez Blame,1
sure,0
okay,0
report this team [MASK_A],0
what?,0
commend SF,0
gg,0
gg,0
so [MASK_A] now?,1
sky NICE [MASK_D] TRADE REPORTED,1
boosted acc,0
rubick u are crazy just look replay,0
hahaha im tank,0
52/24 ??,0
good,0
(((,0
that say sucker on easy lane,1
4 hp close but not even dead,0
lol,0
WTF WAS THAT,0
worth it?),0
lawl,0
Here free bottle i want this mirana and alch to lose Take i,1
why you all camp me? bh do it all ready you dont nee,0
In side shop,0
sigh,0
ancient,0
idiot es,1
gg=,0
alche agamis pls,0
,0
ZZZZZ,0
Don't,0
hohoho,0
IT ISNT MORPHLINGS FAULT,0
little mother fucker,1
go play ))),0
lol no,0
ROFL,0
hm,0
report doom report ta,0
topor batya,0
C 1 MIN thx,0
nc shackle,0
Commend void!,0
before the game even started,0
wp wp gg,0
drow almost 2 hit urself haha,0
:D,0
eZ WIN 4 SURE,1
not me,0
no u would be if i knew repel did htat,0
Ez,1
ahahahaha h AHAHAH HAHAH HAHAH HAHAH HAHAH HAHAH HAHAHA HAHAH HAHAH HAHAHAH HAHAHA HAHAH HAHAHAH HAHAH AHAHAHA HAHAHA HAHAHAH AHAHAH HAHAHAHA hah,0
ggwp,0
devil quiet now that his mid not [MASK_A],0
i can im hacker report me,0
zeusss ultiiiii,0
time is money,0
THIS IS SO EZ,1
gj,0
ya,0
[MASK_D] !,1
are they like saving strats,0
i already did 10 time,0
haha sad,0
Tipo daj ja 2 skill On bi ushel iz 2 sek stuna,0
hahahahaah pro xD,0
that made me lol well played,0
that's what cunts get,1
ok,0
e?,0
nice one haha 2 crit,0
fail ./.,0
Mar-51,0
40,0
u ez [MASK_C],1
GAY HUSKAR dont such a gay huskar,1
man why,0
D:D,0
"dued, an abandon means low prio have some compassion",0
) buyback)) riki)),0
:),0
say bye ?,0
haha to fat g end lah gg,0
ty,0
lag,0
"hook m,e down",0
that uptime cm,0
gg,0
perfect age i wouldfk her even if shes a corpse,0
cliff life thug lyfe,0
what a fuckkin trash team,1
lag,0
right?,0
wait him,0
lol,0
ROFL MY TEAM IS GOD,0
baited Lich did better though at least he lived,0
reports all around boys,0
?,0
=)))))),0
Scary huskar kapap,0
hes just being a little [MASK_C] bitching like a little girl,1
wow I thought it was an illusion,0
),0
"why you even try, everyone see that you are [MASK_B] worthless flaming others only proofs it",1
GG WP,0
OMG NO WARD NO SENTRY NO SMOKE NO CURRIER =(,0
ez jukes,1
look at my last game sand king mid,0
nice tri bot noobs,1
ty,0
[MASK_B] ebola i hate u,1
let end,0
cant stop the healtrain,0
offline go pls,0
??,0
xd,0
gg,0
gg wp,0
net,0
ty,0
dat leet,0
zzzz,0
lol,0
TY,0
go help am cm clinkz doesnt need any more help,0
ok stay afk please,0
no point for give up,0
Yahh,0
im sorry u have ni clue how to last hit with sf any braidnead sf wins mid against alch,0
focus on me again pls :3,0
MY TEAM IS GOOD,0
?,0
go end,0
silencer reported,0
gg,0
ohh,0
aha,0
NOOB PL,1
mad afk skillz,0
lol,0
i know,0
instead of saying tiny beat you,0
lol u afraid,0
_|_,0
i guess the only reason for the pugna pick was my sky pick anyway...,0
LOL,0
gg,0
Ahahahahah AHahhaahahah Hahahhaha hey necro,0
gg wp,0
?,0
sf comeback?,0
meant,0
i do just 1,0
i die for my team,0
storm,0
stfu 2k trash,1
GG,0
lol,0
:(,0
HAHA I THINK YOU ARE PINOY TOO,1
YEah,0
this is the real yaphets do you?,0
gg,0
gg,0
always gotta lose for someone ...,0
ahaha its fine bro this guy wanna pick roam riki rushing diffu im not supporting this so ez bot,0
0 5 report lesh pls,1
and wait ok invoker zzzz,0
bg,0
gg wp 4v5,0
ggwp,0
haha,0
they actually have supports,0
wrong button,0
dam u guys Assholes,1
dude that beastmaster---,0
love ur axe |what aretard,1
whos stupid noiw,1
ahahahaha i thought ti wouldve worked out ebtter ya know,0
OK,0
rpeort wk umanner,0
rofl,0
,0
AW DAMI,0
bait la idiot,1
how hot is jennifer aniston,0
come ult,0
Only counter bick pone using sladar,0
void talk? plzzz tower top,0
yep,0
let alche fam pls,0
mirana nor alch deserve to win alch is a metapicker and mirana is a atard,1
gg,0
XD MARICA,0
I'm actually so upset i dont have that lesh set,0
and hes probably sitting at his desk burning up so mad,1
make sure you guys report OD,0
byr bye,0
over mines?,0
HALLO,0
how did he pull that,0
haha,0
anyone else getting lag spikes,0
lmfao,0
the mostimpotant thing is place,0
Alceh farming,0
I did plenty,0
bengap,0
Haha,0
bouhgt my own aghs u [MASK_C],1
end [MASK_B] blamer this team,1
use lose ur team,1
gg,0
TMR+ AGUANTA PSS CRTM DE NECRO,0
2 lvl invoke he is ggoing aganim,0
yeah good work u pro win one game and talk so much [MASK_B],1
muted,0
HIGHLIGHT MORE,0
end' Ur the worst U [MASK_B] ape,1
do you need it back?,0
gg,0
for what?,0
kkkk,0
ez,1
gg,0
ez,1
PLS GIVE ME A DUEL,0
come,0
gg,0
yeah gg,0
Fail :),0
this team hates defending just go on ahead they wont defend keep going come back they wont do [MASK_D],1
WIN [MASK_C],0
ok,0
:p,0
gg,0
"gg commment me, ty ko danh push thua lau roi ma :)) lol",0
wha,0
Haha,0
[MASK_B] off,1
wr 6.2k shackles,0
gg gg already end,0
no hit slardar run away gg,0
dont blame other pple,0
can u end ?,0
ty for game tho,0
like [MASK_C] let me kill him u shits,1
ggwp commend pls,0
im ok thx,0
above it,0
gg,0
3 healers how to di die,0
i commend you friend,0
go [MASK_C] yourself [MASK_B] waste of life,1
he used bkb,0
SAVED god bless,0
go for rune again,0
jooked,0
g wp,0
?,0
GG,0
you can hook through Eul's.,0
lmao outplayed,0
ahora p,0
wooo thanks for the rick and morty annoucner,0
my am has 18 min bf on free farm +a kill on ds,0
ez,1
jigg pls gyus finish,0
certainly looks like that's happening. How's your 1st tier towers?,0
gg,0
bg,0
u are so bad jajaj ez for doom,1
this game is funny tho :),0
in the rain?,0
hahahahahahaha,0
lol reporting for brew for what?,0
wtf TA? u srsly?,1
MEDUSA 900HP PRO,0
=),0
i need these poitns,0
GG,0
iam 19 :),0
HF,0
wew,0
Perfect!,0
cos i win,0
<<<<< BEST WORLD,0
cmon fam,0
and you eat noodle,0
dont know,0
gg,0
:(,0
+,0
gg,0
that's how i feel u just expressed,0
yup,0
?,0
fight!,0
report tiny please for fead ember,0
and now he thinks i can speak it,0
can i?,0
COMEBACK IS REAL,0
GG,0
full phreshin brown striggers,0
gg wp,0
kid? rlly? [MASK_C] idiot,1
SLARDAR GOOD,0
haist,0
hahahahahha I cna't Tgate;ilknjrhg That's too funny,0
really? lol,0
report cm pls retard [MASK_C] sucker pidar gay,1
Bye ez right? Hahah,1
wp,0
good luck to all ^_^ hi or high??? im high hahahahaha,0
Bro laning against an omni while melee is actually fuqn harder than I thought,0
How many RPs out of Magnus thusfar? 0,0
Catch me if u can,0
gg report sf for throwing,0
?,0
ty,0
STD,0
Awwh Cause im support :C,0
:))))),0
TY GUYS,0
gg,0
GG,0
gg,0
accident,0
gg,0
can u guys help report alch,0
GG,0
XD,0
DIDNT PAUSE,0
),0
good game,0
haha haha,0
ez game,1
we play 4 vs 5 es noob,1
OD farmed her [MASK_A] off,1
go end,0
geg,0
yessssssssssssssssss do it i mena invo won ur game looool why not look pa late game look invo late game we 9 here know the truth,0
it's not like you're gonna lose the gmae :( could we go on with it?,0
you aint human,0
gg,0
hard to counter,0
wp,0
its a ranked game. your supposed to...,0
not sexi mirana,0
ez bear,1
zzz,0
ggwp,0
surprise dust gets em everytime,0
GO PLAY AT LP,0
hey alche,0
?,0
xD,0
hf,0
Who,0
wjo talks?,0
fk this game,1
wtf! put wards!,0
why?,0
hes cummin',0
ggwp,0
i will report invoke and wr gg,0
xD,0
wooden c wodden pc,0
gl boy,0
nws,0
sorry,0
what a rought lane,0
cute meepo,0
ez mid,1
doom farm :D gg go finish mid,0
kek,0
gg,0
HAHAA,0
[MASK_D] u [MASK_A] u,1
lol,0
imdeed,0
same but its my elfticle,0
why,0
im a filthy doom picker now,0
just restarted,0
i bet hes doing it on purpose to make us tilt,0
:),0
kill me 1st,0
no..,0
GGG GG,0
gg [MASK_A] this team,1
Stupid no need die?,1
diam la,0
LOOOOOOOOOOOOOOOOOOOL,0
,0
let couriers,0
[MASK_D] wr,1
wow,0
wait sky afk,0
u [MASK_A],1
Ded,0
GLIMMER ))))))))))))),0
ggwp,0
ya wtf,0
haha,0
AL TAB,0
no mate iam not [MASK_B] carry i have bad team mates Ez :D,1
DIE [MASK_D],1
report LC!,0
moneyyy,0
BEM JOGADO,0
yeah,0
wp sky,0
?? what is ?,0
LOL 12 inchs what cm?,0
?,0
how sad POOR scared lose,0
OH SHET,0
useless support,1
dc,0
easy,0
LOLOLOL,0
"l,ol",0
"where you belong you low llife human being [MASK_D] peruvians ruined another game agian basura, all of you",1
nice doom,0
bs peruvian gg,1
Gg wp,0
REPORTED PLS LION TY,0
gg wp,0
SUPPORT BADS STUPIDS,1
XD,0
yea,0
ez mid how help this helpless team?,1
What is wrong with es.,0
GG DIE TO PINOYS,0
ez,1
that shackle,0
3 14 carry,1
lol wat,0
ez trash team,1
Ez game,1
Hf,0
gg wp :),0
now he's offlane,0
team tards,1
peru ftw,1
I live [MASK_A] you nice aggro dual do it more pub cunts,1
ok sorry,0
?,0
its in da baaaaaag,0
he does i just don't get why these idiots don't listen i tell hi mto buy midas he goes blink,1
EZ -25,1
 much,0
nice back stab lol,0
lina are u rich now?,0
:D:D,0
he said he recon,0
Sf noob go 1 vs 1 i'll show you rampage,1
noone did anything to win,0
xd,0
hello,0
u lost to 0 18 invoker,1
Ez? jaja _3 :3,1
gg ez,1
tnx for 200 instead,0
lol,0
go end straight mid,0
mapxak,0
why you chase me wr :(,0
do you have brain damage must be can only afk bot lane phoenix and pray to god ur team carries u or pick clinkz to try 'counter' a pheonix,0
whata player duuude,0
:D,0
that's too bad,0
thx,0
I WILL TAKE THIS SHOW AGAIN,0
soz give esx,0
G,0
try harder,0
yah right,0
wait,0
sad,0
low how the noob sf talks [MASK_B] lost mid to puck and talking smack,1
haha im a supp duded,0
report alche pls,0
lolqop,0
quien es bruto?,0
PETER fIRST WIN,0
he dont know much,0
wew,0
wait a bit? how its a bit like coin?,0
gg,0
if our sniper was any good we could have one,0
:D,0
1 for 1 haha kasrma is bithc,1
ITS A SMALL WORLD AFTERALL!!!,0
GG,0
? invo?,0
keeps focusing me [MASK_A] idiot,1
if i wanted [MASK_C] back id get it off your mums face,0
oh that tower gg,0
0-3 NICE MICRO BRO CANT USE,1
just dont def,0
report axe no mira mapa,0
now blaming z,0
ggwp,0
haha [MASK_A] happens,1
Angry man,0
easiest mid of my life,1
3v5,0
how TA got fat lol no ancient stack,0
young buffalo ?,0
gg wp ez game,1
Meracle,0
gg,0
you sucked too,1
all aroound ur base dont kill me plz,0
lol u need more practice or new mouse xD,0
ok? go?,0
report me,0
In alch we trist,0
report this wk pls gg wp,0
:(,0
no! lol,0
REPORT WYWERN,0
lol,0
it's coz u r bad too weak for this game mentally,0
es hehe?,1
etcetcetc,0
[MASK_B] _)))))))) pedge 228,1
[MASK_A] passive noob,1
baka,0
cumback bf,1
haha,0
buyback for nothing hahah,0
it was not looking good early,0
2 fast 2 furious,0
u were 040 :D,1
cant find him even tho he wearing bright orange smh,0
soz mate,0
ggwp,0
wp,0
gg wp,0
Ofc it's lost When the silencer Is in the mid lane from min 0,0
lol,0
in game,0
NOOO 1 MORE HIT ahaha,0
LOL he had a tri lane,0
y my ping is 185,0
?,0
:) PARTY 4K,0
just tell gg to es =)),0
ajaja,0
by this glim,0
SAD,0
No,0
rekt am lol,0
kill me aa,0
lol how u farm soo fast,0
),0
got work,0
8-11 xD mid comend wr xD Xd,1
haha,0
yea therei s a wolf :P,0
comend ç,0
lol,0
our wk so good wk so so good,0
rip wooden pc,0
succes= rat,0
my team to pro,0
im not waiting,0
4,0
[MASK_C],1
stupid player,1
thnk god,0
nice try noobs specially this necro imma [MASK_A] you up stupid,1
BOOM,0
lel,0
What are we waiting for? Is he online?,0
??,0
HAHAHHAHA,0
k,0
?,0
"terrorblade, you fed mid so shut your twot",1
good logic lina,0
ahaha,0
LMFASO L:FMAOP,0
YOU DEAD SON,1
"Lf,k vbl yjhv nfr",0
:((,0
ofc i love u too (,0
HOok,0
u r a moron,1
reported,0
bot agad,0
hahahaha,0
haters is gonna hate?,0
haha,0
check his profile He's noob. So much red.,1
wait afk,0
auawjıegofkl,0
no alc:/,0
IVE PLAYE ENOUGH ES TO PREDICT THIS [MASK_D],1
how could you tbh fam,0
:),0
HAHAHA,0
blaming time noob zeus],1
cd,0
nice 4v6,0
we wait you,0
np,0
FFF,0
it looks liek a smurf acc,0
ty,0
lol bs,0
axe needs to reset and i will finally pe,0
Haha,0
please this lion,0
vroom vroom,0
gege,0
Hahhaha,0
gg,0
:D,0
Ez gold,1
u talking? about tryharding,0
ez win,1
haha,0
wait gays,1
od is new meta,0
hahahaha,0
dont let SAMUEL know qop he will rocket u,0
exz,0
i play dota for peace campaign :D,0
gg wp tenks for game was very fun and much exicte ono wrong,0
gg ty,0
Gg,0
no we dont know him but we are being polite coz reborn is crap client,0
RUN RUN RUN,0
ty es,0
go play with bot,1
gg,0
twr,0
gg wp radiant,0
gg,0
gg,0
finish it guy Report this riki FCK YOUR MO=M,1
you [MASK_B],1
lmfao,0
134,0
u need to stop bashing me bruh,0
you noob [MASK_D]. 5 lose still want mid ?? [MASK_B] idiot srsly,1
g,0
for bieng a fuckign emo,1
<3,0
shittest [MASK_A] team i have ever laid eyes on,1
qop shoppin agian,0
yay [MASK_A],1
huh?,0
thats y u dont max windrun first,0
sure,0
i from italy,1
),0
wow,0
gg,0
COMEND GENOIUS,0
commend good kotl *amazing,0
tricky,0
aw,0
gg wp,0
lmao thats your fault,1
?,0
gege,0
:X,0
took you long enough,0
qop [MASK_D],1
report him plz,0
u see this aa and ww free win no ward no tp,0
you giving us gold,0
[MASK_D],0
shes so [MASK_D] when she ulting,0
GARBAGE,1
aw,0
fuycku,1
bet monney do it doooo eeeeeet do it doooo eeeeet,0
tranq octarine ?,0
EZ,1
+,0
like that one ta ?,0
>:c,0
2-8 am 1-9 pudge,1
gege,0
gg,0
rofl ai have aeg ( he use doom on aego rofl,0
lol,0
pissy rats,0
stfu speak english,1
9999,0
w8 please,0
Ez Carry Ez Offlane,1
gg wp,0
gg noobs,1
:)))))))) can oyu finish ? please,0
WTf is wrong with riki [MASK_B],1
u see doom? doesn't even try to come,0
gg ff,0
he is in game now,0
gg,0
I'M PERUVIAN,1
can u guys just take mid tower and end,0
gg,0
#NAME?,0
;## i will [MASK_B] you,1
|KWOWK KWOKWOWK,0
sec,0
shots fired,0
so bad,0
bitchas,1
ACTUALLY EZ GAME,1
1 hit ?,0
why,0
nice bashes bro,0
GG,0
lol,0
my net is fine,0
)))))),0
:|,0
plz finish i dont wanna play with this stupid kid noob,1
you got this (,0
gg,0
gg,0
LOL HAHAHA 4.9k beast,0
try hard more plz,1
[MASK_B] you [MASK_B] lmao counter picking cunts get good retards,1
games i dont have motivation to play games liek this,0
i think if one is bored all is bored,0
lol,0
SAMUEL is the name :D,0
"i'll commend you guys, thanks",0
rasta gay trash motherfucekrew,1
hahahahah,0
ggwp,0
pls report,0
hahaha,0
Feeling pro riki ?,0
gg,0
y me dude i have ful mana hehe,0
and forever doesnt exist zzz,0
ggwp,0
If u used bkb u would win pa o.o,0
im chilled brosky,0
game is hard lolz,0
report am,0
simple,0
ez,1
wut,0
LOL,0
bivaet,0
sorry,0
GGwp,0
2-13 is good for you?,1
LOL,0
gg,0
yeah he made a big play,0
please be quiet.,0
lol,0
noi need for your account,1
gl hf,0
ty,0
hf lanjiao,0
funny retads,1
lel,0
5k!,0
wait,0
sf wanna throw too,0
WHY ME YOU FUCKSDF ALL SKILS ME,1
gg,0
gg,0
hahahaa,0
greedy.,0
yeah,0
Winter is COMING!,0
haha ye i have aghs soon,0
LC shadow blade hahah,0
np u have the basics down you're almost a good np,0
aa,0
Fu,0
funy [MASK_B] aye,1
you [MASK_D] tusk,1
1v1 me bruh,0
THE GOLDEN REASON,0
gg?>,0
SHOVE IT UP UR [MASK_A] NOOB [MASK_B] 36 MIN NO SKADI NO BASHER NOOB,1
he had enough?,0
youre dead,0
feeding jugger is reported,0
rs,0
f ui i hate u :/,1
:D,0
anjing,0
if only i had high ground defense,0
why would we understand you?? hmm?,0
Lose even massively pause :'( sad,0
GG FF,0
"regbnt utv rkbyrp c dfvb hzjv ,tuftn",0
they [MASK_C] at the gmae,1
KA LE Wtf,0
UDAH TAU AEGIS TOLOL ANJING LU,0
yolo,0
alien ==,0
BRAINLESS PLAYER,1
gg,0
gg,0
hahah summail fake summail eat [MASK_C],1
cuz of doom,0
rofl,0
gg wp,0
assholes,1
ahahaha HAHAHHAHHAHA,0
ggwp end it i go leddit,0
wp pudge to many stuns :(,0
g,0
yes when i [MASK_A] her,1
lol,0
w33 bois,0
,0
im sure this enigma,0
gg,0
omg still lagged.... the [MASK_A] is this can u please wait 1 min lol again ?,0
who said qop will failed ???,0
LOTAR SF htfu,1
my gem,0
bro you see that,0
report doom ty,0
Gg Vl witch gay xanh,1
vy expensice,0
look at danny,0
who keep resume?,0
ez,1
gg,0
q volteo,0
storm/ ?,0
what a paper,0
GG GG GG GG GG TECHIES IS FUN,0
noob xD,1
classic midle game throws,0
gg,0
guys?,0
treants everywehere,0
tired of your [MASK_B] omni,1
why rosh?,0
Invoker useless unskill,0
HAHA,0
peru net,1
[MASK_A] noob sf,1
and?,0
all the game was lose tipical from 4K trash dogshit just stfu,1
nope,0
nice ulti shaker,0
run ur face,0
gg thx all,0
purge blackhole lel,0
4.8k hp lovely lol that finger lol,0
scurbs?,0
dont mind him :D,0
nope,0
gg,0
rage,0
i wish i was [MASK_D] ta,1
gg lol funny we still one won nice try,0
haha wipe,0
people have bad games you did as well,0
sf <3,0
rofl this bloodseeker hurts,0
lol,0
RIP,0
canyou all report qop qop gets mmr from this smh,0
okay,0
NOOOO,0
is [MASK_A] dog [MASK_C],1
fuaskf,1
hes trash OMFG,1
i mean u used chrono to kill a lvl 9 warlock how do u feel about it,0
Bristle How much did U pay For 4k acc Bro,1
really,0
haha,0
thank you,0
end,0
game was lost when weaver fed first blood,0
lc 1-12,1
17& said?,0
xaxaxa commend me ty,0
r u sure ?,0
u noob,1
so hard,0
Gg,0
haha,0
ur playing doom,0
oi u lil [MASK_A] my cliff.,1
WHY ALWAYS ME YOU FLYING [MASK_C],1
scrub,0
im kinda real drunk right now,0
Wp,0
we jhave 4 here,0
lol,0
Report Tusk.,0
mirana games GGgg),0
accept it if u want to improve,0
for some reason he didnt skil 3rd skill XD,0
ffs all we need,0
?,0
we lost i cant move properly suddenly 1k [MASK_A] this,0
SKILL SKILL,0
400g from supp.,0
noob,1
i have a party game,0
yah,0
lost myh streak :(,0
gg,0
COMEBACK IS REALL,0
yes,0
1 s [MASK_C] that,1
n.n,0
gg team peru,1
ez,1
he's raging,0
best jgug,0
gg la,0
same breed,0
against the machine?,0
omgg [MASK_D] off,1
Sf dont play again pls,0
i was so annoyed at mid i was like farrrrrrk my mana,0
[MASK_A] u,1
[MASK_C] why always aim me,1
omg u iodiot cant kill me,1
wp dp,0
need like this @@? 5 aim me MEGA GG GG,0
gg,0
no he did not :D,0
damn you horseman,1
[MASK_D] off viper,1
chegamos ao late,0
did u know him?,0
lolz,0
lol,0
retards,1
fu wr,1
gg,0
? Wtf,0
I fingered a heterosexual how it feels ? brood ?,0
wow mirana brainly,0
navi secret strats akiro mid you will see that in ti6 kappa,0
see? i was right after all,0
YOU MID HUH,0
gg wp,0
gj boys,0
submit,0
its just a number,0
lol,0
GG,0
lowest level mid hero nice,0
Crom . .,0
extend!,0
me too,0
13:8 i let you [MASK_A] me 3 times than imma [MASK_C] you 15 times,1
can u guys end thanks,0
planned,0
CARRIED MID -.-,0
i bet,0
cant believe it,0
AH,0
!,0
dayuuuuuum lool,0
Gg,0
